{
    "0": [
        {
            "0": {
                "type": "-2",
                "x_left": "1655.6572265625",
                "y_up": "289.2240295410156",
                "x_right": "800.5863037109375",
                "y_down": "392.8087158203125",
                "score": "0",
                "text": ""
            }
        },
        {
            "1": {
                "type": "1",
                "x_left": "805.5863037109375",
                "y_up": "289.2240295410156",
                "x_right": "1726.6197509765625",
                "y_down": "392.8087158203125",
                "score": "0.08057893067598343",
                "text": "nsolidated Statements of Comprehensive Inc\u00a2"
            }
        },
        {
            "2": {
                "type": "-2",
                "x_left": "1731.6197509765625",
                "y_up": "289.2240295410156",
                "x_right": "2042.565673828125",
                "y_down": "392.8087158203125",
                "score": "0",
                "text": ""
            }
        },
        {
            "3": {
                "type": "-2",
                "x_left": "2047.565673828125",
                "y_up": "289.2240295410156",
                "x_right": "2314.298583984375",
                "y_down": "392.8087158203125",
                "score": "0",
                "text": ""
            }
        }
    ],
    "1": [
        {
            "0": {
                "type": "-2",
                "x_left": "1655.6572265625",
                "y_up": "292.6368713378906",
                "x_right": "728.9911499023438",
                "y_down": "339.27911376953125",
                "score": "0",
                "text": ""
            }
        },
        {
            "1": {
                "type": "1",
                "x_left": "733.9911499023438",
                "y_up": "292.6368713378906",
                "x_right": "1807.0087890625",
                "y_down": "339.27911376953125",
                "score": "0.7480702996253967",
                "text": "Consolidated Statements of Comprehensive Income"
            }
        },
        {
            "2": {
                "type": "-2",
                "x_left": "1812.0087890625",
                "y_up": "292.6368713378906",
                "x_right": "2042.565673828125",
                "y_down": "339.27911376953125",
                "score": "0",
                "text": ""
            }
        },
        {
            "3": {
                "type": "-2",
                "x_left": "2047.565673828125",
                "y_up": "292.6368713378906",
                "x_right": "2314.298583984375",
                "y_down": "339.27911376953125",
                "score": "0",
                "text": ""
            }
        }
    ],
    "2": [
        {
            "0": {
                "type": "1",
                "x_left": "918.2742919921875",
                "y_up": "340.4809875488281",
                "x_right": "1631.391357421875",
                "y_down": "387.9981384277344",
                "score": "0.8503774404525757",
                "text": "For the years ended December 31,"
            }
        },
        {
            "1": {
                "type": "-2",
                "x_left": "1636.391357421875",
                "y_up": "340.4809875488281",
                "x_right": "1769.1005859375",
                "y_down": "387.9981384277344",
                "score": "0",
                "text": ""
            }
        },
        {
            "2": {
                "type": "-2",
                "x_left": "1774.1005859375",
                "y_up": "340.4809875488281",
                "x_right": "2042.565673828125",
                "y_down": "387.9981384277344",
                "score": "0",
                "text": ""
            }
        },
        {
            "3": {
                "type": "-2",
                "x_left": "2047.565673828125",
                "y_up": "340.4809875488281",
                "x_right": "2314.298583984375",
                "y_down": "387.9981384277344",
                "score": "0",
                "text": ""
            }
        }
    ],
    "3": [
        {
            "0": {
                "type": "1",
                "x_left": "1655.6572265625",
                "y_up": "478.1893005371094",
                "x_right": "1768.934814453125",
                "y_down": "521.9579467773438",
                "score": "0.08378788828849792",
                "text": "(in thousands) 2018"
            }
        },
        {
            "1": {
                "type": "2",
                "x_left": "1654.2166748046875",
                "y_up": "475.3656921386719",
                "x_right": "1769.1005859375",
                "y_down": "523.1324462890625",
                "score": "0.6247480511665344",
                "text": "2018"
            }
        },
        {
            "2": {
                "type": "2",
                "x_left": "1926.302001953125",
                "y_up": "475.68841552734375",
                "x_right": "2042.565673828125",
                "y_down": "522.6854248046875",
                "score": "0.8267357349395752",
                "text": "2017"
            }
        },
        {
            "3": {
                "type": "2",
                "x_left": "2198.00439453125",
                "y_up": "475.507568359375",
                "x_right": "2314.298583984375",
                "y_down": "524.1183471679688",
                "score": "0.8432187438011169",
                "text": "2016"
            }
        }
    ],
    "4": [
        {
            "0": {
                "type": "1",
                "x_left": "141.78927612304688",
                "y_up": "532.971923828125",
                "x_right": "365.5586242675781",
                "y_down": "577.082763671875",
                "score": "0.9577123522758484",
                "text": "Net income"
            }
        },
        {
            "1": {
                "type": "2",
                "x_left": "1685.1971435546875",
                "y_up": "530.9478149414062",
                "x_right": "1860.3673095703125",
                "y_down": "576.0391235351562",
                "score": "0.07579825073480606",
                "text": "$83,019"
            }
        },
        {
            "2": {
                "type": "3",
                "x_left": "1957.9931640625",
                "y_up": "533.3004760742188",
                "x_right": "2128.190673828125",
                "y_down": "579.065673828125",
                "score": "0.7673056125640869",
                "text": "$32,585"
            }
        },
        {
            "3": {
                "type": "2",
                "x_left": "1958.3017578125",
                "y_up": "531.4305419921875",
                "x_right": "2131.35595703125",
                "y_down": "577.54296875",
                "score": "0.0749209001660347",
                "text": "$32,585"
            }
        },
        {
            "4": {
                "type": "2",
                "x_left": "2227.637451171875",
                "y_up": "531.3281860351562",
                "x_right": "2398.8310546875",
                "y_down": "577.8104248046875",
                "score": "0.05938713252544403",
                "text": "$52,812"
            }
        }
    ],
    "5": [
        {
            "0": {
                "type": "1",
                "x_left": "140.01007080078125",
                "y_up": "576.83740234375",
                "x_right": "1049.1502685546875",
                "y_down": "624.398193359375",
                "score": "0.7841434478759766",
                "text": "Other comprehensive income/(loss), before tax:"
            }
        },
        {
            "1": {
                "type": "-2",
                "x_left": "1054.1502685546875",
                "y_up": "576.83740234375",
                "x_right": "1769.1005859375",
                "y_down": "624.398193359375",
                "score": "0",
                "text": ""
            }
        },
        {
            "2": {
                "type": "-2",
                "x_left": "1774.1005859375",
                "y_up": "576.83740234375",
                "x_right": "2042.565673828125",
                "y_down": "624.398193359375",
                "score": "0",
                "text": ""
            }
        },
        {
            "3": {
                "type": "-2",
                "x_left": "2047.565673828125",
                "y_up": "576.83740234375",
                "x_right": "2314.298583984375",
                "y_down": "624.398193359375",
                "score": "0",
                "text": ""
            }
        }
    ],
    "6": [
        {
            "0": {
                "type": "1",
                "x_left": "177.4735565185547",
                "y_up": "621.5233764648438",
                "x_right": "944.5860595703125",
                "y_down": "669.6734008789062",
                "score": "0.691118597984314",
                "text": "Foreian currency translation adjustments"
            }
        },
        {
            "1": {
                "type": "3",
                "x_left": "1693.455810546875",
                "y_up": "618.2234497070312",
                "x_right": "1872.0826416015625",
                "y_down": "671.3814697265625",
                "score": "0.965040385723114",
                "text": "(27,383)"
            }
        },
        {
            "2": {
                "type": "3",
                "x_left": "1985.83056640625",
                "y_up": "621.3809814453125",
                "x_right": "2130.673095703125",
                "y_down": "672.9447021484375",
                "score": "0.973936915397644",
                "text": "44,162"
            }
        },
        {
            "3": {
                "type": "3",
                "x_left": "2236.1767578125",
                "y_up": "619.9208374023438",
                "x_right": "2408.1171875",
                "y_down": "672.8472290039062",
                "score": "0.970029354095459",
                "text": "(23,967)"
            }
        }
    ],
    "7": [
        {
            "0": {
                "type": "1",
                "x_left": "166.6216278076172",
                "y_up": "671.3600463867188",
                "x_right": "1101.28662109375",
                "y_down": "771.51318359375",
                "score": "0.27869465947151184",
                "text": "Pension/postretirement settlements and curtailments 0"
            }
        },
        {
            "1": {
                "type": "-2",
                "x_left": "1106.28662109375",
                "y_up": "671.3600463867188",
                "x_right": "1769.1005859375",
                "y_down": "771.51318359375",
                "score": "0",
                "text": ""
            }
        },
        {
            "2": {
                "type": "-2",
                "x_left": "1774.1005859375",
                "y_up": "671.3600463867188",
                "x_right": "2042.565673828125",
                "y_down": "771.51318359375",
                "score": "0",
                "text": ""
            }
        },
        {
            "3": {
                "type": "-2",
                "x_left": "2047.565673828125",
                "y_up": "671.3600463867188",
                "x_right": "2314.298583984375",
                "y_down": "771.51318359375",
                "score": "0",
                "text": ""
            }
        }
    ],
    "8": [
        {
            "0": {
                "type": "-1",
                "x_left": "-1",
                "y_up": "-1",
                "x_right": "-1",
                "y_down": "-1",
                "score": "-1",
                "text": "Pension/postretirement settlements and curtailments"
            }
        },
        {
            "1": {
                "type": "3",
                "x_left": "1734.9251708984375",
                "y_up": "672.2316284179688",
                "x_right": "1859.0809326171875",
                "y_down": "715.9766235351562",
                "score": "0.9721035361289978",
                "text": "1,494"
            }
        },
        {
            "2": {
                "type": "-2",
                "x_left": "1926.302001953125",
                "y_up": "671.802734375",
                "x_right": "2325.9150390625",
                "y_down": "715.9766235351562",
                "score": "0",
                "text": ""
            }
        },
        {
            "3": {
                "type": "3",
                "x_left": "2330.9150390625",
                "y_up": "671.802734375",
                "x_right": "2398.52490234375",
                "y_down": "715.6445922851562",
                "score": "0.9150781035423279",
                "text": "51"
            }
        }
    ],
    "9": [
        {
            "0": {
                "type": "1",
                "x_left": "184.86326599121094",
                "y_up": "717.7219848632812",
                "x_right": "1017.4893188476562",
                "y_down": "763.9905395507812",
                "score": "0.9058354496955872",
                "text": "Pension/postretirement plan remeasurement"
            }
        },
        {
            "1": {
                "type": "3",
                "x_left": "1764.8072509765625",
                "y_up": "719.3812866210938",
                "x_right": "1856.5762939453125",
                "y_down": "764.9602661132812",
                "score": "0.9585548639297485",
                "text": "851"
            }
        },
        {
            "2": {
                "type": "3",
                "x_left": "2003.6390380859375",
                "y_up": "715.6038208007812",
                "x_right": "2130.338623046875",
                "y_down": "766.9965209960938",
                "score": "0.9749211668968201",
                "text": "2,955"
            }
        },
        {
            "3": {
                "type": "3",
                "x_left": "2260.426025390625",
                "y_up": "717.351806640625",
                "x_right": "2413.359375",
                "y_down": "769.7609252929688",
                "score": "0.9787458181381226",
                "text": "(5,498)"
            }
        }
    ],
    "10": [
        {
            "0": {
                "type": "1",
                "x_left": "168.58224487304688",
                "y_up": "764.8667602539062",
                "x_right": "1006.8896484375",
                "y_down": "813.4414672851562",
                "score": "0.8888059854507446",
                "text": "Amortization of pension liability adjustments:"
            }
        },
        {
            "1": {
                "type": "-2",
                "x_left": "1011.8896484375",
                "y_up": "764.8667602539062",
                "x_right": "1769.1005859375",
                "y_down": "813.4414672851562",
                "score": "0",
                "text": ""
            }
        },
        {
            "2": {
                "type": "-2",
                "x_left": "1774.1005859375",
                "y_up": "764.8667602539062",
                "x_right": "2042.565673828125",
                "y_down": "813.4414672851562",
                "score": "0",
                "text": ""
            }
        },
        {
            "3": {
                "type": "-2",
                "x_left": "2047.565673828125",
                "y_up": "764.8667602539062",
                "x_right": "2314.298583984375",
                "y_down": "813.4414672851562",
                "score": "0",
                "text": ""
            }
        }
    ],
    "11": [
        {
            "0": {
                "type": "1",
                "x_left": "219.22280883789062",
                "y_up": "812.8580932617188",
                "x_right": "583.8572387695312",
                "y_down": "858.0869140625",
                "score": "0.9396898150444031",
                "text": "Prior service credit"
            }
        },
        {
            "1": {
                "type": "3",
                "x_left": "1719.6881103515625",
                "y_up": "807.0043334960938",
                "x_right": "1872.0589599609375",
                "y_down": "859.62255859375",
                "score": "0.9792082905769348",
                "text": "(4,454)"
            }
        },
        {
            "2": {
                "type": "3",
                "x_left": "1995.3236083984375",
                "y_up": "807.6806640625",
                "x_right": "2143.92822265625",
                "y_down": "858.94384765625",
                "score": "0.9761672019958496",
                "text": "(4,453)"
            }
        },
        {
            "3": {
                "type": "3",
                "x_left": "2260.253662109375",
                "y_up": "807.7252807617188",
                "x_right": "2412.26904296875",
                "y_down": "859.21728515625",
                "score": "0.978417158126831",
                "text": "(4,450)"
            }
        }
    ],
    "12": [
        {
            "0": {
                "type": "1",
                "x_left": "213.89410400390625",
                "y_up": "858.0060424804688",
                "x_right": "552.30517578125",
                "y_down": "905.1355590820312",
                "score": "0.9486084580421448",
                "text": "Net actuarial loss"
            }
        },
        {
            "1": {
                "type": "3",
                "x_left": "1733.51220703125",
                "y_up": "859.25",
                "x_right": "1859.928955078125",
                "y_down": "904.543212890625",
                "score": "0.9769744873046875",
                "text": "5,175"
            }
        },
        {
            "2": {
                "type": "3",
                "x_left": "2005.3792724609375",
                "y_up": "859.0208129882812",
                "x_right": "2130.924072265625",
                "y_down": "903.5889282226562",
                "score": "0.9791872501373291",
                "text": "5,439"
            }
        },
        {
            "3": {
                "type": "3",
                "x_left": "2276.166015625",
                "y_up": "859.7830200195312",
                "x_right": "2399.521728515625",
                "y_down": "904.4323120117188",
                "score": "0.9766381978988647",
                "text": "5 102"
            }
        }
    ],
    "13": [
        {
            "0": {
                "type": "1",
                "x_left": "157.02615356445312",
                "y_up": "903.080322265625",
                "x_right": "1303.6304931640625",
                "y_down": "957.3093872070312",
                "score": "0.7142990827560425",
                "text": "Payments related to interest rate swaps included in earnings"
            }
        },
        {
            "1": {
                "type": "3",
                "x_left": "1749.0328369140625",
                "y_up": "906.0830078125",
                "x_right": "1871.2989501953125",
                "y_down": "951.4368896484375",
                "score": "0.9703173637390137",
                "text": "(146)"
            }
        },
        {
            "2": {
                "type": "3",
                "x_left": "2010.98828125",
                "y_up": "906.474365234375",
                "x_right": "2130.2783203125",
                "y_down": "950.650634765625",
                "score": "0.9792928695678711",
                "text": "1,490"
            }
        },
        {
            "3": {
                "type": "3",
                "x_left": "2275.77294921875",
                "y_up": "906.4522705078125",
                "x_right": "2399.8388671875",
                "y_down": "950.2315063476562",
                "score": "0.9823117256164551",
                "text": "2,400"
            }
        }
    ],
    "14": [
        {
            "0": {
                "type": "1",
                "x_left": "171.21917724609375",
                "y_up": "953.6275024414062",
                "x_right": "791.608154296875",
                "y_down": "1001.3871459960938",
                "score": "0.7398419380187988",
                "text": "Derivative valuation adjustment"
            }
        },
        {
            "1": {
                "type": "3",
                "x_left": "1733.468017578125",
                "y_up": "952.3927001953125",
                "x_right": "1862.9598388671875",
                "y_down": "1001.4200439453125",
                "score": "0.9750814437866211",
                "text": "3,832"
            }
        },
        {
            "2": {
                "type": "3",
                "x_left": "2037.0416259765625",
                "y_up": "953.4730224609375",
                "x_right": "2132.116455078125",
                "y_down": "1000.547119140625",
                "score": "0.9513673186302185",
                "text": "325"
            }
        },
        {
            "3": {
                "type": "3",
                "x_left": "2280.350341796875",
                "y_up": "952.8267822265625",
                "x_right": "2398.27734375",
                "y_down": "1000.3621215820312",
                "score": "0.96601402759552",
                "text": "1,297"
            }
        }
    ],
    "15": [
        {
            "0": {
                "type": "1",
                "x_left": "111.73778533935547",
                "y_up": "1043.01708984375",
                "x_right": "1436.5938720703125",
                "y_down": "1097.22998046875",
                "score": "0.6041166186332703",
                "text": "Income taxes related to items of other comprehensive income/(loss):"
            }
        },
        {
            "1": {
                "type": "-2",
                "x_left": "1441.5938720703125",
                "y_up": "1043.01708984375",
                "x_right": "1769.1005859375",
                "y_down": "1097.22998046875",
                "score": "0",
                "text": ""
            }
        },
        {
            "2": {
                "type": "-2",
                "x_left": "1774.1005859375",
                "y_up": "1043.01708984375",
                "x_right": "2042.565673828125",
                "y_down": "1097.22998046875",
                "score": "0",
                "text": ""
            }
        },
        {
            "3": {
                "type": "-2",
                "x_left": "2047.565673828125",
                "y_up": "1043.01708984375",
                "x_right": "2314.298583984375",
                "y_down": "1097.22998046875",
                "score": "0",
                "text": ""
            }
        }
    ],
    "16": [
        {
            "0": {
                "type": "1",
                "x_left": "146.8164825439453",
                "y_up": "1102.2464599609375",
                "x_right": "1120.06396484375",
                "y_down": "1198.731689453125",
                "score": "0.14121800661087036",
                "text": "Pension/postretirement settlements and curtailments iinet ia"
            }
        },
        {
            "1": {
                "type": "-2",
                "x_left": "1654.2166748046875",
                "y_up": "1102.2464599609375",
                "x_right": "2020.9892578125",
                "y_down": "1198.731689453125",
                "score": "0",
                "text": "(408)"
            }
        },
        {
            "2": {
                "type": "-2",
                "x_left": "1926.302001953125",
                "y_up": "1102.2464599609375",
                "x_right": "2270.93798828125",
                "y_down": "1198.731689453125",
                "score": "0",
                "text": "(918)"
            }
        },
        {
            "3": {
                "type": "3",
                "x_left": "2275.93798828125",
                "y_up": "1139.2838134765625",
                "x_right": "2400.427001953125",
                "y_down": "1186.6558837890625",
                "score": "0.9683833122253418",
                "text": "1,104"
            }
        }
    ],
    "17": [
        {
            "0": {
                "type": "1",
                "x_left": "185.1013946533203",
                "y_up": "1139.9342041015625",
                "x_right": "1021.9622192382812",
                "y_down": "1188.7769775390625",
                "score": "0.6270581483840942",
                "text": "Pension/postretirement olan remeasurement"
            }
        },
        {
            "1": {
                "type": "3",
                "x_left": "1756.7349853515625",
                "y_up": "1140.14990234375",
                "x_right": "1870.42236328125",
                "y_down": "1185.568359375",
                "score": "0.9719052910804749",
                "text": "(408)"
            }
        },
        {
            "2": {
                "type": "-2",
                "x_left": "1875.42236328125",
                "y_up": "1139.9342041015625",
                "x_right": "2042.565673828125",
                "y_down": "1188.7769775390625",
                "score": "0",
                "text": ""
            }
        },
        {
            "3": {
                "type": "-2",
                "x_left": "2047.565673828125",
                "y_up": "1139.9342041015625",
                "x_right": "2314.298583984375",
                "y_down": "1188.7769775390625",
                "score": "0",
                "text": "918) 1)"
            }
        }
    ],
    "18": [
        {
            "0": {
                "type": "1",
                "x_left": "173.965576171875",
                "y_up": "1175.1776123046875",
                "x_right": "1015.6406860351562",
                "y_down": "1236.7657470703125",
                "score": "0.4247737526893616",
                "text": "Amortization of pension liability adjustments"
            }
        },
        {
            "1": {
                "type": "3",
                "x_left": "1753.27978515625",
                "y_up": "1187.85546875",
                "x_right": "1870.0262451171875",
                "y_down": "1234.416748046875",
                "score": "0.9769789576530457",
                "text": "(158)"
            }
        },
        {
            "2": {
                "type": "3",
                "x_left": "2044.875",
                "y_up": "1189.5230712890625",
                "x_right": "2143.241455078125",
                "y_down": "1232.9666748046875",
                "score": "0.9590489864349365",
                "text": "(22)"
            }
        },
        {
            "3": {
                "type": "3",
                "x_left": "2330.518798828125",
                "y_up": "1187.637939453125",
                "x_right": "2395.46142578125",
                "y_down": "1231.3653564453125",
                "score": "0.9203617572784424",
                "text": "21"
            }
        }
    ],
    "19": [
        {
            "0": {
                "type": "1",
                "x_left": "125.32142639160156",
                "y_up": "1224.32958984375",
                "x_right": "1339.7786865234375",
                "y_down": "1337.294921875",
                "score": "0.1174384132027626",
                "text": ""
            }
        },
        {
            "1": {
                "type": "-2",
                "x_left": "1344.7786865234375",
                "y_up": "1224.32958984375",
                "x_right": "1769.1005859375",
                "y_down": "1337.294921875",
                "score": "0",
                "text": ""
            }
        },
        {
            "2": {
                "type": "-2",
                "x_left": "1774.1005859375",
                "y_up": "1224.32958984375",
                "x_right": "2042.565673828125",
                "y_down": "1337.294921875",
                "score": "0",
                "text": ""
            }
        },
        {
            "3": {
                "type": "-2",
                "x_left": "2047.565673828125",
                "y_up": "1224.32958984375",
                "x_right": "2314.298583984375",
                "y_down": "1337.294921875",
                "score": "0",
                "text": "(68)"
            }
        }
    ],
    "20": [
        {
            "0": {
                "type": "1",
                "x_left": "136.14645385742188",
                "y_up": "1232.4541015625",
                "x_right": "1304.73876953125",
                "y_down": "1284.855712890625",
                "score": "0.6802328824996948",
                "text": "Payments related to interest rate swaps included in earnings"
            }
        },
        {
            "1": {
                "type": "3",
                "x_left": "1790.5263671875",
                "y_up": "1234.66552734375",
                "x_right": "1855.1339111328125",
                "y_down": "1277.26025390625",
                "score": "0.913452684879303",
                "text": "37"
            }
        },
        {
            "2": {
                "type": "3",
                "x_left": "2029.2874755859375",
                "y_up": "1234.4219970703125",
                "x_right": "2143.216552734375",
                "y_down": "1279.603515625",
                "score": "0.9807238578796387",
                "text": "(566)"
            }
        },
        {
            "3": {
                "type": "3",
                "x_left": "2298.5185546875",
                "y_up": "1233.732666015625",
                "x_right": "2412.61669921875",
                "y_down": "1278.97119140625",
                "score": "0.9788441061973572",
                "text": "(912)"
            }
        }
    ],
    "21": [
        {
            "0": {
                "type": "1",
                "x_left": "167.35244750976562",
                "y_up": "1281.441162109375",
                "x_right": "772.5765380859375",
                "y_down": "1326.306640625",
                "score": "0.8384798169136047",
                "text": "Derivative valuation adjustment"
            }
        },
        {
            "1": {
                "type": "3",
                "x_left": "1754.6365966796875",
                "y_up": "1279.34326171875",
                "x_right": "1870.341796875",
                "y_down": "1327.067626953125",
                "score": "0.9704440832138062",
                "text": "(979)"
            }
        },
        {
            "2": {
                "type": "3",
                "x_left": "2028.114501953125",
                "y_up": "1282.3897705078125",
                "x_right": "2146.775634765625",
                "y_down": "1326.90185546875",
                "score": "0.967158854007721",
                "text": "(124)"
            }
        },
        {
            "3": {
                "type": "3",
                "x_left": "2293.026611328125",
                "y_up": "1281.0748291015625",
                "x_right": "2410.98779296875",
                "y_down": "1326.7379150390625",
                "score": "0.9657987356185913",
                "text": "(493)"
            }
        }
    ],
    "22": [
        {
            "0": {
                "type": "1",
                "x_left": "144.3148193359375",
                "y_up": "1330.361572265625",
                "x_right": "597.8136596679688",
                "y_down": "1377.1466064453125",
                "score": "0.9417252540588379",
                "text": "Comprehensive income"
            }
        },
        {
            "1": {
                "type": "3",
                "x_left": "1708.388427734375",
                "y_up": "1332.23193359375",
                "x_right": "1855.664794921875",
                "y_down": "1376.932373046875",
                "score": "0.9856210350990295",
                "text": "60,532"
            }
        },
        {
            "2": {
                "type": "3",
                "x_left": "1979.3544921875",
                "y_up": "1331.322998046875",
                "x_right": "2129.8505859375",
                "y_down": "1375.230712890625",
                "score": "0.9842766523361206",
                "text": "80,873"
            }
        },
        {
            "3": {
                "type": "3",
                "x_left": "2247.808349609375",
                "y_up": "1333.265869140625",
                "x_right": "2395.592041015625",
                "y_down": "1376.8165283203125",
                "score": "0.9813804030418396",
                "text": "27 467"
            }
        }
    ],
    "23": [
        {
            "0": {
                "type": "1",
                "x_left": "112.46865844726562",
                "y_up": "1387.9991455078125",
                "x_right": "1445.442138671875",
                "y_down": "1487.5472412109375",
                "score": "0.17851293087005615",
                "text": "Comprehensive income/(loss) attributable to the noncontrolling interest ee ee eee"
            }
        },
        {
            "1": {
                "type": "-2",
                "x_left": "1450.442138671875",
                "y_up": "1387.9991455078125",
                "x_right": "1769.1005859375",
                "y_down": "1487.5472412109375",
                "score": "0",
                "text": "$60"
            }
        },
        {
            "2": {
                "type": "-2",
                "x_left": "1774.1005859375",
                "y_up": "1387.9991455078125",
                "x_right": "2042.565673828125",
                "y_down": "1487.5472412109375",
                "score": "0",
                "text": "4,218"
            }
        },
        {
            "3": {
                "type": "-2",
                "x_left": "2047.565673828125",
                "y_up": "1387.9991455078125",
                "x_right": "2314.298583984375",
                "y_down": "1487.5472412109375",
                "score": "0",
                "text": "303 007"
            }
        }
    ],
    "24": [
        {
            "0": {
                "type": "1",
                "x_left": "128.10061645507812",
                "y_up": "1425.7164306640625",
                "x_right": "1160.270751953125",
                "y_down": "1478.4619140625",
                "score": "0.7372936010360718",
                "text": "Comprehensive income attributable to the Company"
            }
        },
        {
            "1": {
                "type": "3",
                "x_left": "1689.7369384765625",
                "y_up": "1427.1153564453125",
                "x_right": "1867.2139892578125",
                "y_down": "1474.224365234375",
                "score": "0.9344199299812317",
                "text": "$60,421"
            }
        },
        {
            "2": {
                "type": "3",
                "x_left": "1958.47216796875",
                "y_up": "1429.012451171875",
                "x_right": "2133.553955078125",
                "y_down": "1473.9129638671875",
                "score": "0.974260151386261",
                "text": "$81,393"
            }
        },
        {
            "3": {
                "type": "3",
                "x_left": "2228.22119140625",
                "y_up": "1427.1871337890625",
                "x_right": "2400.059814453125",
                "y_down": "1473.4583740234375",
                "score": "0.9655023813247681",
                "text": "$27,390"
            }
        }
    ],
    "25": [
        {
            "0": {
                "type": "-2",
                "x_left": "1655.6572265625",
                "y_up": "1583.44384765625",
                "x_right": "1649.2166748046875",
                "y_down": "1679.642578125",
                "score": "0",
                "text": ""
            }
        },
        {
            "1": {
                "type": "-2",
                "x_left": "1654.2166748046875",
                "y_up": "1583.44384765625",
                "x_right": "426.75408935546875",
                "y_down": "1679.642578125",
                "score": "0",
                "text": ""
            }
        },
        {
            "2": {
                "type": "1",
                "x_left": "431.75408935546875",
                "y_up": "1583.44384765625",
                "x_right": "2054.9970703125",
                "y_down": "1679.642578125",
                "score": "0.180162712931633",
                "text": "The accompanying notes are an integral part of the consolidated financial statements"
            }
        },
        {
            "3": {
                "type": "-2",
                "x_left": "2059.9970703125",
                "y_up": "1583.44384765625",
                "x_right": "2314.298583984375",
                "y_down": "1679.642578125",
                "score": "0",
                "text": "."
            }
        }
    ]
}