{
    "0": [
        {
            "0": {
                "type": "-2",
                "x_left": "126.4464111328125",
                "y_up": "289.7030334472656",
                "x_right": "1408.993896484375",
                "y_down": "332.1492004394531",
                "score": "0",
                "text": ""
            }
        },
        {
            "1": {
                "type": "-2",
                "x_left": "1413.993896484375",
                "y_up": "289.7030334472656",
                "x_right": "1005.871337890625",
                "y_down": "332.1492004394531",
                "score": "0",
                "text": ""
            }
        },
        {
            "2": {
                "type": "1",
                "x_left": "1010.871337890625",
                "y_up": "289.7030334472656",
                "x_right": "1540.5635986328125",
                "y_down": "332.1492004394531",
                "score": "0.8755563497543335",
                "text": "Consolidated Balance Sheet"
            }
        },
        {
            "3": {
                "type": "-2",
                "x_left": "1545.5635986328125",
                "y_up": "289.7030334472656",
                "x_right": "2395.818359375",
                "y_down": "332.1492004394531",
                "score": "0",
                "text": ""
            }
        }
    ],
    "1": [
        {
            "0": {
                "type": "-2",
                "x_left": "126.4464111328125",
                "y_up": "470.031005859375",
                "x_right": "1408.993896484375",
                "y_down": "510.9114074707031",
                "score": "0",
                "text": ""
            }
        },
        {
            "1": {
                "type": "-2",
                "x_left": "1413.993896484375",
                "y_up": "470.031005859375",
                "x_right": "1408.993896484375",
                "y_down": "510.9114074707031",
                "score": "0",
                "text": ""
            }
        },
        {
            "2": {
                "type": "-2",
                "x_left": "1413.993896484375",
                "y_up": "470.031005859375",
                "x_right": "2057.47607421875",
                "y_down": "510.9114074707031",
                "score": "0",
                "text": ""
            }
        },
        {
            "3": {
                "type": "1",
                "x_left": "2062.47607421875",
                "y_up": "470.031005859375",
                "x_right": "2314.985107421875",
                "y_down": "510.9114074707031",
                "score": "0.2240404486656189",
                "text": "(in thousands, except share and per share data) as adiusted"
            }
        }
    ],
    "2": [
        {
            "0": {
                "type": "-2",
                "x_left": "126.4464111328125",
                "y_up": "510.1868896484375",
                "x_right": "1408.993896484375",
                "y_down": "563.1572265625",
                "score": "0",
                "text": ""
            }
        },
        {
            "1": {
                "type": "-2",
                "x_left": "1413.993896484375",
                "y_up": "509.226318359375",
                "x_right": "1634.291015625",
                "y_down": "567.0130615234375",
                "score": "0",
                "text": "31, 2,017"
            }
        },
        {
            "2": {
                "type": "-2",
                "x_left": "1413.993896484375",
                "y_up": "509.226318359375",
                "x_right": "2015.74609375",
                "y_down": "567.0130615234375",
                "score": "0",
                "text": ""
            }
        },
        {
            "3": {
                "type": "3",
                "x_left": "2020.74609375",
                "y_up": "510.6791687011719",
                "x_right": "2359.886962890625",
                "y_down": "564.1400146484375",
                "score": "0.07105357944965363",
                "text": ""
            }
        }
    ],
    "3": [
        {
            "0": {
                "type": "1",
                "x_left": "135.3267822265625",
                "y_up": "612.8901977539062",
                "x_right": "284.60479736328125",
                "y_down": "660.6444702148438",
                "score": "0.9374430775642395",
                "text": "Assets"
            }
        },
        {
            "1": {
                "type": "-2",
                "x_left": "289.60479736328125",
                "y_up": "612.8901977539062",
                "x_right": "1607.048583984375",
                "y_down": "660.6444702148438",
                "score": "0",
                "text": ""
            }
        },
        {
            "2": {
                "type": "-2",
                "x_left": "1612.048583984375",
                "y_up": "612.8901977539062",
                "x_right": "1607.048583984375",
                "y_down": "660.6444702148438",
                "score": "0",
                "text": ""
            }
        },
        {
            "3": {
                "type": "-2",
                "x_left": "1612.048583984375",
                "y_up": "612.8901977539062",
                "x_right": "2395.818359375",
                "y_down": "660.6444702148438",
                "score": "0",
                "text": ""
            }
        }
    ],
    "4": [
        {
            "0": {
                "type": "1",
                "x_left": "126.4464111328125",
                "y_up": "705.9183959960938",
                "x_right": "630.660400390625",
                "y_down": "815.8012084960938",
                "score": "0.09323008358478546",
                "text": "Current assets: rian"
            }
        },
        {
            "1": {
                "type": "2",
                "x_left": "1413.993896484375",
                "y_up": "701.35986328125",
                "x_right": "1607.048583984375",
                "y_down": "755.3843994140625",
                "score": "0.10011529922485352",
                "text": "$183,727"
            }
        },
        {
            "2": {
                "type": "3",
                "x_left": "1413.993896484375",
                "y_up": "701.35986328125",
                "x_right": "1607.048583984375",
                "y_down": "755.3843994140625",
                "score": "0.6605173349380493",
                "text": "$183,727"
            }
        },
        {
            "3": {
                "type": "3",
                "x_left": "2202.20703125",
                "y_up": "701.661376953125",
                "x_right": "2395.818359375",
                "y_down": "756.0868530273438",
                "score": "0.9075815081596375",
                "text": "$183,727"
            }
        }
    ],
    "5": [
        {
            "0": {
                "type": "1",
                "x_left": "136.46546936035156",
                "y_up": "707.3333129882812",
                "x_right": "650.6807250976562",
                "y_down": "756.5983276367188",
                "score": "0.9816966652870178",
                "text": "Cash and cash equivalents"
            }
        },
        {
            "1": {
                "type": "-2",
                "x_left": "655.6807250976562",
                "y_up": "707.3333129882812",
                "x_right": "1607.048583984375",
                "y_down": "756.5983276367188",
                "score": "0",
                "text": "$183,727"
            }
        },
        {
            "2": {
                "type": "-2",
                "x_left": "1612.048583984375",
                "y_up": "707.3333129882812",
                "x_right": "1607.048583984375",
                "y_down": "756.5983276367188",
                "score": "0",
                "text": ""
            }
        },
        {
            "3": {
                "type": "-2",
                "x_left": "1612.048583984375",
                "y_up": "707.3333129882812",
                "x_right": "2395.818359375",
                "y_down": "756.5983276367188",
                "score": "0",
                "text": ""
            }
        }
    ],
    "6": [
        {
            "0": {
                "type": "1",
                "x_left": "134.0436248779297",
                "y_up": "757.3136596679688",
                "x_right": "599.3388061523438",
                "y_down": "802.3619384765625",
                "score": "0.9761776328086853",
                "text": "Accounts receivable, net"
            }
        },
        {
            "1": {
                "type": "3",
                "x_left": "1433.257080078125",
                "y_up": "754.739013671875",
                "x_right": "1606.4696044921875",
                "y_down": "804.3641967773438",
                "score": "0.938674807548523",
                "text": "202,675"
            }
        },
        {
            "2": {
                "type": "3",
                "x_left": "1795.52734375",
                "y_up": "753.5025024414062",
                "x_right": "1929.716064453125",
                "y_down": "802.0509033203125",
                "score": "0.9542211890220642",
                "text": "8,486"
            }
        },
        {
            "3": {
                "type": "3",
                "x_left": "2228.203857421875",
                "y_up": "755.472900390625",
                "x_right": "2397.242919921875",
                "y_down": "802.4827880859375",
                "score": "0.9695146083831787",
                "text": "211,161"
            }
        }
    ],
    "7": [
        {
            "0": {
                "type": "1",
                "x_left": "135.65390014648438",
                "y_up": "803.4185791015625",
                "x_right": "440.4238586425781",
                "y_down": "849.9659423828125",
                "score": "0.9739208221435547",
                "text": "Contract assets"
            }
        },
        {
            "1": {
                "type": "-2",
                "x_left": "1413.993896484375",
                "y_up": "801.4295043945312",
                "x_right": "1775.7867431640625",
                "y_down": "849.9659423828125",
                "score": "0",
                "text": ""
            }
        },
        {
            "2": {
                "type": "-2",
                "x_left": "1413.993896484375",
                "y_up": "801.4295043945312",
                "x_right": "2243.673095703125",
                "y_down": "849.9659423828125",
                "score": "0",
                "text": ""
            }
        },
        {
            "3": {
                "type": "3",
                "x_left": "2248.673095703125",
                "y_up": "801.511962890625",
                "x_right": "2399.1826171875",
                "y_down": "845.8079223632812",
                "score": "0.9777392745018005",
                "text": "47,415"
            }
        }
    ],
    "8": [
        {
            "0": {
                "type": "1",
                "x_left": "133.16773986816406",
                "y_up": "850.2070922851562",
                "x_right": "353.7453308105469",
                "y_down": "895.2191772460938",
                "score": "0.955583393573761",
                "text": "Inventories"
            }
        },
        {
            "1": {
                "type": "3",
                "x_left": "1440.1463623046875",
                "y_up": "845.2186889648438",
                "x_right": "1607.604248046875",
                "y_down": "896.337158203125",
                "score": "0.9776366949081421",
                "text": "136,519"
            }
        },
        {
            "2": {
                "type": "3",
                "x_left": "1765.9560546875",
                "y_up": "849.1348876953125",
                "x_right": "1939.2825927734375",
                "y_down": "899.5428466796875",
                "score": "0.9772326350212097",
                "text": "(48,583)"
            }
        },
        {
            "3": {
                "type": "3",
                "x_left": "2252.532958984375",
                "y_up": "848.4373168945312",
                "x_right": "2398.488037109375",
                "y_down": "894.5363159179688",
                "score": "0.9835295081138611",
                "text": "87,936"
            }
        }
    ],
    "9": [
        {
            "0": {
                "type": "1",
                "x_left": "135.634033203125",
                "y_up": "895.423583984375",
                "x_right": "825.1015625",
                "y_down": "943.3252563476562",
                "score": "0.9000515341758728",
                "text": "Income taxes prepaid and receivable"
            }
        },
        {
            "1": {
                "type": "-2",
                "x_left": "1413.993896484375",
                "y_up": "895.423583984375",
                "x_right": "1472.3123779296875",
                "y_down": "943.3252563476562",
                "score": "0",
                "text": ""
            }
        },
        {
            "2": {
                "type": "-2",
                "x_left": "1413.993896484375",
                "y_up": "895.423583984375",
                "x_right": "2264.04638671875",
                "y_down": "943.3252563476562",
                "score": "0",
                "text": ""
            }
        },
        {
            "3": {
                "type": "3",
                "x_left": "2269.04638671875",
                "y_up": "896.6640014648438",
                "x_right": "2398.246337890625",
                "y_down": "941.9993896484375",
                "score": "0.9800137281417847",
                "text": "6,266"
            }
        }
    ],
    "10": [
        {
            "0": {
                "type": "1",
                "x_left": "134.5025177001953",
                "y_up": "939.103759765625",
                "x_right": "957.4712524414062",
                "y_down": "990.3656616210938",
                "score": "0.8406289219856262",
                "text": "Prepaid expenses and other current assets"
            }
        },
        {
            "1": {
                "type": "-2",
                "x_left": "1413.993896484375",
                "y_up": "939.103759765625",
                "x_right": "1456.5194091796875",
                "y_down": "990.3656616210938",
                "score": "0",
                "text": ""
            }
        },
        {
            "2": {
                "type": "-2",
                "x_left": "1413.993896484375",
                "y_up": "939.103759765625",
                "x_right": "2247.453857421875",
                "y_down": "990.3656616210938",
                "score": "0",
                "text": ""
            }
        },
        {
            "3": {
                "type": "3",
                "x_left": "2252.453857421875",
                "y_up": "942.629638671875",
                "x_right": "2397.458984375",
                "y_down": "989.2457275390625",
                "score": "0.9761709570884705",
                "text": "14,520"
            }
        }
    ],
    "11": [
        {
            "0": {
                "type": "1",
                "x_left": "171.15939331054688",
                "y_up": "992.5418090820312",
                "x_right": "558.3795776367188",
                "y_down": "1045.508056640625",
                "score": "0.9284200072288513",
                "text": "Total current assets"
            }
        },
        {
            "1": {
                "type": "3",
                "x_left": "1440.2840576171875",
                "y_up": "993.611328125",
                "x_right": "1604.219970703125",
                "y_down": "1041.8712158203125",
                "score": "0.985665500164032",
                "text": "543,707"
            }
        },
        {
            "2": {
                "type": "3",
                "x_left": "1805.331787109375",
                "y_up": "992.7418212890625",
                "x_right": "1927.83251953125",
                "y_down": "1042.755859375",
                "score": "0.9640688300132751",
                "text": "7,318"
            }
        },
        {
            "3": {
                "type": "3",
                "x_left": "2230.688232421875",
                "y_up": "993.1128540039062",
                "x_right": "2397.22412109375",
                "y_down": "1042.7901611328125",
                "score": "0.9833084344863892",
                "text": "551,025"
            }
        }
    ],
    "12": [
        {
            "0": {
                "type": "1",
                "x_left": "128.50741577148438",
                "y_up": "1084.18701171875",
                "x_right": "788.7179565429688",
                "y_down": "1136.919677734375",
                "score": "0.9334123134613037",
                "text": "Property, plant and equipment, net"
            }
        },
        {
            "1": {
                "type": "-2",
                "x_left": "1413.993896484375",
                "y_up": "1082.8211669921875",
                "x_right": "1433.283203125",
                "y_down": "1136.919677734375",
                "score": "0",
                "text": ""
            }
        },
        {
            "2": {
                "type": "-2",
                "x_left": "1413.993896484375",
                "y_up": "1082.45703125",
                "x_right": "2225.198486328125",
                "y_down": "1136.919677734375",
                "score": "0",
                "text": ""
            }
        },
        {
            "3": {
                "type": "3",
                "x_left": "2230.198486328125",
                "y_up": "1082.45703125",
                "x_right": "2398.90771484375",
                "y_down": "1134.1300048828125",
                "score": "0.9803925156593323",
                "text": "454,302"
            }
        }
    ],
    "13": [
        {
            "0": {
                "type": "1",
                "x_left": "133.87831115722656",
                "y_up": "1135.6531982421875",
                "x_right": "458.0671691894531",
                "y_down": "1179.7513427734375",
                "score": "0.7912673950195312",
                "text": "Intangibles, net"
            }
        },
        {
            "1": {
                "type": "-2",
                "x_left": "1413.993896484375",
                "y_up": "1134.55126953125",
                "x_right": "1455.402587890625",
                "y_down": "1179.7513427734375",
                "score": "0",
                "text": ""
            }
        },
        {
            "2": {
                "type": "-2",
                "x_left": "1413.993896484375",
                "y_up": "1134.1995849609375",
                "x_right": "2247.487060546875",
                "y_down": "1179.7513427734375",
                "score": "0",
                "text": ""
            }
        },
        {
            "3": {
                "type": "3",
                "x_left": "2252.487060546875",
                "y_up": "1134.1995849609375",
                "x_right": "2393.82958984375",
                "y_down": "1179.0931396484375",
                "score": "0.9735419750213623",
                "text": "55 441"
            }
        }
    ],
    "14": [
        {
            "0": {
                "type": "1",
                "x_left": "137.05914306640625",
                "y_up": "1181.9202880859375",
                "x_right": "310.57904052734375",
                "y_down": "1225.1627197265625",
                "score": "0.9421700239181519",
                "text": "Goodwill"
            }
        },
        {
            "1": {
                "type": "-2",
                "x_left": "1413.993896484375",
                "y_up": "1179.7662353515625",
                "x_right": "1433.689697265625",
                "y_down": "1226.0833740234375",
                "score": "0",
                "text": ""
            }
        },
        {
            "2": {
                "type": "-2",
                "x_left": "1413.993896484375",
                "y_up": "1179.5064697265625",
                "x_right": "2227.512451171875",
                "y_down": "1226.627197265625",
                "score": "0",
                "text": ""
            }
        },
        {
            "3": {
                "type": "3",
                "x_left": "2232.512451171875",
                "y_up": "1179.5064697265625",
                "x_right": "2398.65234375",
                "y_down": "1226.627197265625",
                "score": "0.9789480566978455",
                "text": "166,796"
            }
        }
    ],
    "15": [
        {
            "0": {
                "type": "1",
                "x_left": "135.45797729492188",
                "y_up": "1225.19921875",
                "x_right": "572.3690795898438",
                "y_down": "1275.191162109375",
                "score": "0.967334508895874",
                "text": "Deferred income taxes"
            }
        },
        {
            "1": {
                "type": "3",
                "x_left": "1459.7493896484375",
                "y_up": "1227.2125244140625",
                "x_right": "1607.9508056640625",
                "y_down": "1273.3385009765625",
                "score": "0.987589955329895",
                "text": "68,648"
            }
        },
        {
            "2": {
                "type": "3",
                "x_left": "1798.083740234375",
                "y_up": "1224.6082763671875",
                "x_right": "1929.54248046875",
                "y_down": "1276.713134765625",
                "score": "0.9712047576904297",
                "text": "2,889"
            }
        },
        {
            "3": {
                "type": "3",
                "x_left": "2249.863037109375",
                "y_up": "1227.94921875",
                "x_right": "2396.07763671875",
                "y_down": "1274.2718505859375",
                "score": "0.9776442646980286",
                "text": "(1,531)"
            }
        }
    ],
    "16": [
        {
            "0": {
                "type": "1",
                "x_left": "133.2271270751953",
                "y_up": "1275.744384765625",
                "x_right": "556.51171875",
                "y_down": "1320.3134765625",
                "score": "0.9697588682174683",
                "text": "Noncurrent receivable"
            }
        },
        {
            "1": {
                "type": "-2",
                "x_left": "1413.993896484375",
                "y_up": "1275.417724609375",
                "x_right": "1456.7740478515625",
                "y_down": "1320.3134765625",
                "score": "0",
                "text": ""
            }
        },
        {
            "2": {
                "type": "-2",
                "x_left": "1413.993896484375",
                "y_up": "1275.168212890625",
                "x_right": "2249.210205078125",
                "y_down": "1320.3387451171875",
                "score": "0",
                "text": ""
            }
        },
        {
            "3": {
                "type": "3",
                "x_left": "2254.210205078125",
                "y_up": "1275.168212890625",
                "x_right": "2396.631103515625",
                "y_down": "1320.3387451171875",
                "score": "0.974193274974823",
                "text": "32,811"
            }
        }
    ],
    "17": [
        {
            "0": {
                "type": "1",
                "x_left": "133.7307891845703",
                "y_up": "1323.0675048828125",
                "x_right": "386.9219055175781",
                "y_down": "1367.18212890625",
                "score": "0.9534861445426941",
                "text": "Other assets"
            }
        },
        {
            "1": {
                "type": "3",
                "x_left": "1461.83056640625",
                "y_up": "1319.2440185546875",
                "x_right": "1606.261474609375",
                "y_down": "1364.656494140625",
                "score": "0.9807336330413818",
                "text": "39 493"
            }
        },
        {
            "2": {
                "type": "3",
                "x_left": "1807.7684326171875",
                "y_up": "1319.425537109375",
                "x_right": "1925.626953125",
                "y_down": "1367.6129150390625",
                "score": "0.9754787683486938",
                "text": "1,119"
            }
        },
        {
            "3": {
                "type": "3",
                "x_left": "2248.92138671875",
                "y_up": "1321.2677001953125",
                "x_right": "2399.689453125",
                "y_down": "1367.6014404296875",
                "score": "0.9257029294967651",
                "text": "40,612"
            }
        }
    ],
    "18": [
        {
            "0": {
                "type": "1",
                "x_left": "170.74752807617188",
                "y_up": "1372.2926025390625",
                "x_right": "415.2749328613281",
                "y_down": "1419.6798095703125",
                "score": "0.9155406951904297",
                "text": "Total assets"
            }
        },
        {
            "1": {
                "type": "3",
                "x_left": "1376.818359375",
                "y_up": "1369.8818359375",
                "x_right": "1605.2430419921875",
                "y_down": "1418.3062744140625",
                "score": "0.9837316274642944",
                "text": "$1,361,198"
            }
        },
        {
            "2": {
                "type": "3",
                "x_left": "1757.162841796875",
                "y_up": "1371.0079345703125",
                "x_right": "1923.8909912109375",
                "y_down": "1419.153564453125",
                "score": "0.9772108793258667",
                "text": "$11,326"
            }
        },
        {
            "3": {
                "type": "3",
                "x_left": "2168.261474609375",
                "y_up": "1371.2587890625",
                "x_right": "2400.156982421875",
                "y_down": "1420.773193359375",
                "score": "0.9470791816711426",
                "text": "$1,372,524"
            }
        }
    ],
    "19": [
        {
            "0": {
                "type": "1",
                "x_left": "131.3994598388672",
                "y_up": "1464.35986328125",
                "x_right": "338.6305847167969",
                "y_down": "1514.5361328125",
                "score": "0.9498282670974731",
                "text": "Liabilities"
            }
        },
        {
            "1": {
                "type": "-2",
                "x_left": "343.6305847167969",
                "y_up": "1464.35986328125",
                "x_right": "1607.048583984375",
                "y_down": "1514.5361328125",
                "score": "0",
                "text": ""
            }
        },
        {
            "2": {
                "type": "-2",
                "x_left": "1612.048583984375",
                "y_up": "1464.35986328125",
                "x_right": "1607.048583984375",
                "y_down": "1514.5361328125",
                "score": "0",
                "text": ""
            }
        },
        {
            "3": {
                "type": "-2",
                "x_left": "1612.048583984375",
                "y_up": "1464.35986328125",
                "x_right": "2395.818359375",
                "y_down": "1514.5361328125",
                "score": "0",
                "text": ""
            }
        }
    ],
    "20": [
        {
            "0": {
                "type": "1",
                "x_left": "138.03860473632812",
                "y_up": "1513.5274658203125",
                "x_right": "477.15753173828125",
                "y_down": "1562.3304443359375",
                "score": "0.9301531910896301",
                "text": "Current liabilities:"
            }
        },
        {
            "1": {
                "type": "-2",
                "x_left": "482.15753173828125",
                "y_up": "1513.5274658203125",
                "x_right": "1607.048583984375",
                "y_down": "1562.3304443359375",
                "score": "0",
                "text": ""
            }
        },
        {
            "2": {
                "type": "-2",
                "x_left": "1612.048583984375",
                "y_up": "1513.5274658203125",
                "x_right": "1607.048583984375",
                "y_down": "1562.3304443359375",
                "score": "0",
                "text": ""
            }
        },
        {
            "3": {
                "type": "-2",
                "x_left": "1612.048583984375",
                "y_up": "1513.5274658203125",
                "x_right": "2395.818359375",
                "y_down": "1562.3304443359375",
                "score": "0",
                "text": ""
            }
        }
    ],
    "21": [
        {
            "0": {
                "type": "1",
                "x_left": "134.3422088623047",
                "y_up": "1562.7716064453125",
                "x_right": "607.1825561523438",
                "y_down": "1610.6572265625",
                "score": "0.9696040749549866",
                "text": "Notes and loans payable"
            }
        },
        {
            "1": {
                "type": "-2",
                "x_left": "1413.993896484375",
                "y_up": "1555.7491455078125",
                "x_right": "1485.67529296875",
                "y_down": "1610.6572265625",
                "score": "0",
                "text": ""
            }
        },
        {
            "2": {
                "type": "-2",
                "x_left": "1413.993896484375",
                "y_up": "1555.59228515625",
                "x_right": "2274.6396484375",
                "y_down": "1610.6572265625",
                "score": "0",
                "text": ""
            }
        },
        {
            "3": {
                "type": "3",
                "x_left": "2279.6396484375",
                "y_up": "1555.59228515625",
                "x_right": "2398.014404296875",
                "y_down": "1608.2294921875",
                "score": "0.9129648804664612",
                "text": "$262"
            }
        }
    ],
    "22": [
        {
            "0": {
                "type": "1",
                "x_left": "134.3136749267578",
                "y_up": "1610.1591796875",
                "x_right": "481.5843200683594",
                "y_down": "1654.72998046875",
                "score": "0.9278662800788879",
                "text": "Accounts pavable"
            }
        },
        {
            "1": {
                "type": "-2",
                "x_left": "1413.993896484375",
                "y_up": "1608.0966796875",
                "x_right": "1452.81005859375",
                "y_down": "1654.72998046875",
                "score": "0",
                "text": ""
            }
        },
        {
            "2": {
                "type": "-2",
                "x_left": "1413.993896484375",
                "y_up": "1608.0966796875",
                "x_right": "2243.075439453125",
                "y_down": "1654.72998046875",
                "score": "0",
                "text": ""
            }
        },
        {
            "3": {
                "type": "3",
                "x_left": "2248.075439453125",
                "y_up": "1608.2802734375",
                "x_right": "2398.4365234375",
                "y_down": "1654.5018310546875",
                "score": "0.973137617111206",
                "text": "44 899"
            }
        }
    ],
    "23": [
        {
            "0": {
                "type": "1",
                "x_left": "135.23048400878906",
                "y_up": "1655.51318359375",
                "x_right": "472.566650390625",
                "y_down": "1700.72998046875",
                "score": "0.9596042633056641",
                "text": "Accrued liabilities"
            }
        },
        {
            "1": {
                "type": "3",
                "x_left": "1439.2010498046875",
                "y_up": "1655.90869140625",
                "x_right": "1605.9144287109375",
                "y_down": "1701.417724609375",
                "score": "0.9832572340965271",
                "text": "105,914"
            }
        },
        {
            "2": {
                "type": "3",
                "x_left": "1781.0216064453125",
                "y_up": "1651.8475341796875",
                "x_right": "1927.28857421875",
                "y_down": "1705.289306640625",
                "score": "0.9604191184043884",
                "text": "17,217"
            }
        },
        {
            "3": {
                "type": "3",
                "x_left": "2229.951416015625",
                "y_up": "1655.0291748046875",
                "x_right": "2395.782470703125",
                "y_down": "1702.45751953125",
                "score": "0.975898265838623",
                "text": "123,131"
            }
        }
    ],
    "24": [
        {
            "0": {
                "type": "1",
                "x_left": "127.87085723876953",
                "y_up": "1703.68359375",
                "x_right": "782.7210693359375",
                "y_down": "1749.09912109375",
                "score": "0.6516689658164978",
                "text": "Current maturities of long-term dek"
            }
        },
        {
            "1": {
                "type": "-2",
                "x_left": "1413.993896484375",
                "y_up": "1703.3427734375",
                "x_right": "1477.0501708984375",
                "y_down": "1749.09912109375",
                "score": "0",
                "text": ""
            }
        },
        {
            "2": {
                "type": "-2",
                "x_left": "1413.993896484375",
                "y_up": "1702.882568359375",
                "x_right": "2269.173583984375",
                "y_down": "1749.09912109375",
                "score": "0",
                "text": ""
            }
        },
        {
            "3": {
                "type": "3",
                "x_left": "2274.173583984375",
                "y_up": "1702.882568359375",
                "x_right": "2395.613037109375",
                "y_down": "1748.8199462890625",
                "score": "0.9678999781608582",
                "text": "1,799"
            }
        }
    ],
    "25": [
        {
            "0": {
                "type": "1",
                "x_left": "136.30465698242188",
                "y_up": "1751.326904296875",
                "x_right": "566.8540649414062",
                "y_down": "1797.031982421875",
                "score": "0.9244259595870972",
                "text": "Income taxes payable"
            }
        },
        {
            "1": {
                "type": "-2",
                "x_left": "1413.993896484375",
                "y_up": "1748.94091796875",
                "x_right": "1476.7706298828125",
                "y_down": "1797.031982421875",
                "score": "0",
                "text": ""
            }
        },
        {
            "2": {
                "type": "-2",
                "x_left": "1413.993896484375",
                "y_up": "1748.94091796875",
                "x_right": "2268.311279296875",
                "y_down": "1797.2198486328125",
                "score": "0",
                "text": ""
            }
        },
        {
            "3": {
                "type": "3",
                "x_left": "2273.311279296875",
                "y_up": "1749.5054931640625",
                "x_right": "2399.421142578125",
                "y_down": "1797.2198486328125",
                "score": "0.9773657321929932",
                "text": "8,643"
            }
        }
    ],
    "26": [
        {
            "0": {
                "type": "1",
                "x_left": "168.24282836914062",
                "y_up": "1799.3707275390625",
                "x_right": "593.8198852539062",
                "y_down": "1847.5438232421875",
                "score": "0.9615389108657837",
                "text": "Total current liabilities"
            }
        },
        {
            "1": {
                "type": "3",
                "x_left": "1440.6259765625",
                "y_up": "1802.9354248046875",
                "x_right": "1602.620361328125",
                "y_down": "1850.3045654296875",
                "score": "0.982505202293396",
                "text": "161,517"
            }
        },
        {
            "2": {
                "type": "3",
                "x_left": "1782.0908203125",
                "y_up": "1799.6661376953125",
                "x_right": "1924.910888671875",
                "y_down": "1851.054931640625",
                "score": "0.96900874376297",
                "text": "17,217"
            }
        },
        {
            "3": {
                "type": "3",
                "x_left": "2231.194580078125",
                "y_up": "1800.8858642578125",
                "x_right": "2397.54541015625",
                "y_down": "1850.3985595703125",
                "score": "0.9788706302642822",
                "text": "178,734"
            }
        }
    ],
    "27": [
        {
            "0": {
                "type": "1",
                "x_left": "129.17181396484375",
                "y_up": "1890.41552734375",
                "x_right": "435.42364501953125",
                "y_down": "1941.2491455078125",
                "score": "0.954863429069519",
                "text": "Long-term debt"
            }
        },
        {
            "1": {
                "type": "-2",
                "x_left": "1413.993896484375",
                "y_up": "1888.7677001953125",
                "x_right": "1432.35595703125",
                "y_down": "1941.551513671875",
                "score": "0",
                "text": ""
            }
        },
        {
            "2": {
                "type": "-2",
                "x_left": "1413.993896484375",
                "y_up": "1887.8583984375",
                "x_right": "2221.71337890625",
                "y_down": "1941.551513671875",
                "score": "0",
                "text": ""
            }
        },
        {
            "3": {
                "type": "3",
                "x_left": "2226.71337890625",
                "y_up": "1887.8583984375",
                "x_right": "2399.5439453125",
                "y_down": "1941.3323974609375",
                "score": "0.9812988638877869",
                "text": "514,120"
            }
        }
    ],
    "28": [
        {
            "0": {
                "type": "1",
                "x_left": "145.9517059326172",
                "y_up": "1939.574951171875",
                "x_right": "632.6510009765625",
                "y_down": "1986.4974365234375",
                "score": "0.9707552790641785",
                "text": "Other noncurrent liabilities"
            }
        },
        {
            "1": {
                "type": "3",
                "x_left": "1436.5423583984375",
                "y_up": "1940.8731689453125",
                "x_right": "1606.6683349609375",
                "y_down": "1986.3863525390625",
                "score": "0.9888710379600525",
                "text": "101,555"
            }
        },
        {
            "2": {
                "type": "3",
                "x_left": "1872.4765625",
                "y_up": "1948.192138671875",
                "x_right": "1932.8060302734375",
                "y_down": "1995.865234375",
                "score": "0.3961072862148285",
                "text": ""
            }
        },
        {
            "3": {
                "type": "3",
                "x_left": "2227.68310546875",
                "y_up": "1940.70458984375",
                "x_right": "2399.287109375",
                "y_down": "1987.2579345703125",
                "score": "0.9838491678237915",
                "text": "101,555"
            }
        }
    ],
    "29": [
        {
            "0": {
                "type": "1",
                "x_left": "134.646728515625",
                "y_up": "1984.996337890625",
                "x_right": "781.8311767578125",
                "y_down": "2032.687255859375",
                "score": "0.9592402577400208",
                "text": "Deferred taxes and other liabilities"
            }
        },
        {
            "1": {
                "type": "3",
                "x_left": "1461.2032470703125",
                "y_up": "1986.7615966796875",
                "x_right": "1600.80810546875",
                "y_down": "2031.3958740234375",
                "score": "0.9825618267059326",
                "text": "10,991"
            }
        },
        {
            "2": {
                "type": "3",
                "x_left": "1861.8251953125",
                "y_up": "1984.7955322265625",
                "x_right": "1921.821533203125",
                "y_down": "2030.947998046875",
                "score": "0.955799400806427",
                "text": "52"
            }
        },
        {
            "3": {
                "type": "3",
                "x_left": "2251.387451171875",
                "y_up": "1987.3958740234375",
                "x_right": "2397.20556640625",
                "y_down": "2033.202880859375",
                "score": "0.9634432792663574",
                "text": "11,043"
            }
        }
    ],
    "30": [
        {
            "0": {
                "type": "1",
                "x_left": "167.54360961914062",
                "y_up": "2036.55078125",
                "x_right": "448.3610534667969",
                "y_down": "2085.457763671875",
                "score": "0.9376117587089539",
                "text": "Total liabilities"
            }
        },
        {
            "1": {
                "type": "3",
                "x_left": "1435.07080078125",
                "y_up": "2036.8388671875",
                "x_right": "1607.4541015625",
                "y_down": "2085.442626953125",
                "score": "0.9819213151931763",
                "text": "788,183"
            }
        },
        {
            "2": {
                "type": "3",
                "x_left": "1779.24267578125",
                "y_up": "2036.4541015625",
                "x_right": "1927.887451171875",
                "y_down": "2085.659912109375",
                "score": "0.968629002571106",
                "text": "17,269"
            }
        },
        {
            "3": {
                "type": "3",
                "x_left": "2225.45947265625",
                "y_up": "2037.135009765625",
                "x_right": "2403.062744140625",
                "y_down": "2085.955810546875",
                "score": "0.9618475437164307",
                "text": "805,452"
            }
        }
    ],
    "31": [
        {
            "0": {
                "type": "1",
                "x_left": "132.8163604736328",
                "y_up": "2128.835205078125",
                "x_right": "811.3330078125",
                "y_down": "2190.34619140625",
                "score": "0.9284355044364929",
                "text": "Commitments and Contingencies"
            }
        },
        {
            "1": {
                "type": "-2",
                "x_left": "816.3330078125",
                "y_up": "2128.835205078125",
                "x_right": "1607.048583984375",
                "y_down": "2190.34619140625",
                "score": "0",
                "text": ""
            }
        },
        {
            "2": {
                "type": "-2",
                "x_left": "1612.048583984375",
                "y_up": "2128.835205078125",
                "x_right": "1607.048583984375",
                "y_down": "2190.34619140625",
                "score": "0",
                "text": ""
            }
        },
        {
            "3": {
                "type": "-2",
                "x_left": "1612.048583984375",
                "y_up": "2128.835205078125",
                "x_right": "2395.818359375",
                "y_down": "2190.34619140625",
                "score": "0",
                "text": ""
            }
        }
    ],
    "32": [
        {
            "0": {
                "type": "1",
                "x_left": "132.00257873535156",
                "y_up": "2222.93701171875",
                "x_right": "576.1150512695312",
                "y_down": "2276.9072265625",
                "score": "0.8582736849784851",
                "text": "Shareholders' Equity"
            }
        },
        {
            "1": {
                "type": "-2",
                "x_left": "581.1150512695312",
                "y_up": "2222.93701171875",
                "x_right": "1607.048583984375",
                "y_down": "2276.9072265625",
                "score": "0",
                "text": ""
            }
        },
        {
            "2": {
                "type": "-2",
                "x_left": "1612.048583984375",
                "y_up": "2222.93701171875",
                "x_right": "1607.048583984375",
                "y_down": "2276.9072265625",
                "score": "0",
                "text": ""
            }
        },
        {
            "3": {
                "type": "-2",
                "x_left": "1612.048583984375",
                "y_up": "2222.93701171875",
                "x_right": "2395.818359375",
                "y_down": "2276.9072265625",
                "score": "0",
                "text": ""
            }
        }
    ],
    "33": [
        {
            "0": {
                "type": "1",
                "x_left": "141.3312530517578",
                "y_up": "2273.786376953125",
                "x_right": "1174.71240234375",
                "y_down": "2323.757080078125",
                "score": "0.40283772349357605",
                "text": "Preferred stock, par value $5.00 per share; authorized"
            }
        },
        {
            "1": {
                "type": "-2",
                "x_left": "1179.71240234375",
                "y_up": "2273.786376953125",
                "x_right": "1607.048583984375",
                "y_down": "2323.757080078125",
                "score": "0",
                "text": ""
            }
        },
        {
            "2": {
                "type": "-2",
                "x_left": "1612.048583984375",
                "y_up": "2273.786376953125",
                "x_right": "1607.048583984375",
                "y_down": "2323.757080078125",
                "score": "0",
                "text": ""
            }
        },
        {
            "3": {
                "type": "-2",
                "x_left": "1612.048583984375",
                "y_up": "2273.786376953125",
                "x_right": "2395.818359375",
                "y_down": "2323.757080078125",
                "score": "0",
                "text": ""
            }
        }
    ],
    "34": [
        {
            "0": {
                "type": "1",
                "x_left": "150.4824676513672",
                "y_up": "2278.021728515625",
                "x_right": "1127.4541015625",
                "y_down": "2372.947998046875",
                "score": "0.37412190437316895",
                "text": "Bi-1 tty 1\u2014-prdanepeeat ed pian iamainaiane"
            }
        },
        {
            "1": {
                "type": "-2",
                "x_left": "1132.4541015625",
                "y_up": "2278.021728515625",
                "x_right": "1607.048583984375",
                "y_down": "2372.947998046875",
                "score": "0",
                "text": ""
            }
        },
        {
            "2": {
                "type": "-2",
                "x_left": "1612.048583984375",
                "y_up": "2278.021728515625",
                "x_right": "1607.048583984375",
                "y_down": "2372.947998046875",
                "score": "0",
                "text": ""
            }
        },
        {
            "3": {
                "type": "-2",
                "x_left": "1612.048583984375",
                "y_up": "2278.021728515625",
                "x_right": "2395.818359375",
                "y_down": "2372.947998046875",
                "score": "0",
                "text": ""
            }
        }
    ],
    "35": [
        {
            "0": {
                "type": "1",
                "x_left": "170.6022491455078",
                "y_up": "2322.181396484375",
                "x_right": "918.394775390625",
                "y_down": "2366.234130859375",
                "score": "0.2247663140296936",
                "text": " 2.000.000 shares: none issued"
            }
        },
        {
            "1": {
                "type": "3",
                "x_left": "1562.9769287109375",
                "y_up": "2325.349365234375",
                "x_right": "1625.3560791015625",
                "y_down": "2379.373779296875",
                "score": "0.8040376901626587",
                "text": ""
            }
        },
        {
            "2": {
                "type": "3",
                "x_left": "1881.815185546875",
                "y_up": "2325.5390625",
                "x_right": "1942.54541015625",
                "y_down": "2377.68408203125",
                "score": "0.8394816517829895",
                "text": ""
            }
        },
        {
            "3": {
                "type": "3",
                "x_left": "2352.695068359375",
                "y_up": "2325.65380859375",
                "x_right": "2411.840576171875",
                "y_down": "2379.076904296875",
                "score": "0.8367215394973755",
                "text": ""
            }
        }
    ],
    "36": [
        {
            "0": {
                "type": "1",
                "x_left": "158.4623565673828",
                "y_up": "2407.42138671875",
                "x_right": "1124.4251708984375",
                "y_down": "2487.97265625",
                "score": "0.5507990717887878",
                "text": "Class A Common Stock. par value $.001 per share: authorized 100,000,000 shares; issued 37,395,753"
            }
        },
        {
            "1": {
                "type": "3",
                "x_left": "1542.5687255859375",
                "y_up": "2459.560302734375",
                "x_right": "1609.114013671875",
                "y_down": "2513.060791015625",
                "score": "0.8893076777458191",
                "text": "37"
            }
        },
        {
            "2": {
                "type": "3",
                "x_left": "1878.718505859375",
                "y_up": "2465.398681640625",
                "x_right": "1943.6568603515625",
                "y_down": "2519.842041015625",
                "score": "0.8270145058631897",
                "text": ""
            }
        },
        {
            "3": {
                "type": "3",
                "x_left": "2331.79736328125",
                "y_up": "2459.82080078125",
                "x_right": "2398.134033203125",
                "y_down": "2512.379150390625",
                "score": "0.9173846244812012",
                "text": "37"
            }
        }
    ],
    "37": [
        {
            "0": {
                "type": "1",
                "x_left": "161.0479736328125",
                "y_up": "2556.387451171875",
                "x_right": "961.806884765625",
                "y_down": "2603.410400390625",
                "score": "0.8603516817092896",
                "text": "Class B Common Stock, par value $.001 per share: authorized 25,.000.000 shares: issued and"
            }
        },
        {
            "1": {
                "type": "-2",
                "x_left": "966.806884765625",
                "y_up": "2556.387451171875",
                "x_right": "1607.048583984375",
                "y_down": "2603.410400390625",
                "score": "0",
                "text": ""
            }
        },
        {
            "2": {
                "type": "-2",
                "x_left": "1612.048583984375",
                "y_up": "2556.387451171875",
                "x_right": "1607.048583984375",
                "y_down": "2603.410400390625",
                "score": "0",
                "text": ""
            }
        },
        {
            "3": {
                "type": "-2",
                "x_left": "1612.048583984375",
                "y_up": "2556.387451171875",
                "x_right": "2395.818359375",
                "y_down": "2603.410400390625",
                "score": "0",
                "text": ""
            }
        }
    ],
    "38": [
        {
            "0": {
                "type": "1",
                "x_left": "164.85398864746094",
                "y_up": "2603.542724609375",
                "x_right": "762.5199584960938",
                "y_down": "2649.888671875",
                "score": "0.9366360306739807",
                "text": "-brdi@e tee eek outstanding 3,233,998 in 2017"
            }
        },
        {
            "1": {
                "type": "-2",
                "x_left": "767.5199584960938",
                "y_up": "2603.542724609375",
                "x_right": "1607.048583984375",
                "y_down": "2649.888671875",
                "score": "0",
                "text": "3"
            }
        },
        {
            "2": {
                "type": "-2",
                "x_left": "1612.048583984375",
                "y_up": "2603.542724609375",
                "x_right": "1607.048583984375",
                "y_down": "2649.888671875",
                "score": "0",
                "text": ""
            }
        },
        {
            "3": {
                "type": "-2",
                "x_left": "1612.048583984375",
                "y_up": "2603.542724609375",
                "x_right": "2395.818359375",
                "y_down": "2649.888671875",
                "score": "0",
                "text": ""
            }
        }
    ],
    "39": [
        {
            "0": {
                "type": "1",
                "x_left": "131.31407165527344",
                "y_up": "2651.319580078125",
                "x_right": "601.4742431640625",
                "y_down": "2696.955810546875",
                "score": "0.9528976082801819",
                "text": "Additional paid-in capital"
            }
        },
        {
            "1": {
                "type": "-2",
                "x_left": "1413.993896484375",
                "y_up": "2647.47509765625",
                "x_right": "1430.9169921875",
                "y_down": "2696.955810546875",
                "score": "0",
                "text": ""
            }
        },
        {
            "2": {
                "type": "-2",
                "x_left": "1413.993896484375",
                "y_up": "2647.47509765625",
                "x_right": "2224.044921875",
                "y_down": "2697.136474609375",
                "score": "0",
                "text": ""
            }
        },
        {
            "3": {
                "type": "3",
                "x_left": "2229.044921875",
                "y_up": "2647.666259765625",
                "x_right": "2397.24267578125",
                "y_down": "2697.136474609375",
                "score": "0.9742661714553833",
                "text": "428,423"
            }
        }
    ],
    "40": [
        {
            "0": {
                "type": "1",
                "x_left": "133.30747985839844",
                "y_up": "2696.6240234375",
                "x_right": "485.1858215332031",
                "y_down": "2742.345458984375",
                "score": "0.8828808069229126",
                "text": "Retained earnings"
            }
        },
        {
            "1": {
                "type": "3",
                "x_left": "1437.8326416015625",
                "y_up": "2697.747314453125",
                "x_right": "1608.8480224609375",
                "y_down": "2747.545166015625",
                "score": "0.9795473217964172",
                "text": "534,082"
            }
        },
        {
            "2": {
                "type": "3",
                "x_left": "1788.380615234375",
                "y_up": "2693.52685546875",
                "x_right": "1942.80078125",
                "y_down": "2750.132080078125",
                "score": "0.9606600999832153",
                "text": "(5,616)"
            }
        },
        {
            "3": {
                "type": "3",
                "x_left": "2227.2880859375",
                "y_up": "2697.927978515625",
                "x_right": "2397.958740234375",
                "y_down": "2747.730224609375",
                "score": "0.9814285039901733",
                "text": "528,466"
            }
        }
    ],
    "41": [
        {
            "0": {
                "type": "1",
                "x_left": "133.1869659423828",
                "y_up": "2739.429931640625",
                "x_right": "1131.6175537109375",
                "y_down": "2816.521484375",
                "score": "0.4346713423728943",
                "text": "Accumulated items of other comprehensive income:"
            }
        },
        {
            "1": {
                "type": "-2",
                "x_left": "1413.993896484375",
                "y_up": "2739.429931640625",
                "x_right": "1440.203369140625",
                "y_down": "2839.69287109375",
                "score": "0",
                "text": ""
            }
        },
        {
            "2": {
                "type": "-2",
                "x_left": "1413.993896484375",
                "y_up": "2739.429931640625",
                "x_right": "2232.223876953125",
                "y_down": "2839.69287109375",
                "score": "0",
                "text": ""
            }
        },
        {
            "3": {
                "type": "3",
                "x_left": "2237.223876953125",
                "y_up": "2785.921142578125",
                "x_right": "2411.473876953125",
                "y_down": "2838.89599609375",
                "score": "0.9735425114631653",
                "text": "(87,318)"
            }
        }
    ],
    "42": [
        {
            "0": {
                "type": "1",
                "x_left": "177.7286834716797",
                "y_up": "2793.10009765625",
                "x_right": "690.771240234375",
                "y_down": "2835.964599609375",
                "score": "0.24133329093456268",
                "text": "Translation adjustments"
            }
        },
        {
            "1": {
                "type": "-2",
                "x_left": "695.771240234375",
                "y_up": "2793.10009765625",
                "x_right": "1607.048583984375",
                "y_down": "2835.964599609375",
                "score": "0",
                "text": "(87,318)"
            }
        },
        {
            "2": {
                "type": "-2",
                "x_left": "1612.048583984375",
                "y_up": "2793.10009765625",
                "x_right": "1607.048583984375",
                "y_down": "2835.964599609375",
                "score": "0",
                "text": ""
            }
        },
        {
            "3": {
                "type": "-2",
                "x_left": "1612.048583984375",
                "y_up": "2793.10009765625",
                "x_right": "2395.818359375",
                "y_down": "2835.964599609375",
                "score": "0",
                "text": ""
            }
        }
    ],
    "43": [
        {
            "0": {
                "type": "1",
                "x_left": "153.33291625976562",
                "y_up": "2841.994873046875",
                "x_right": "1071.3482666015625",
                "y_down": "2940.95458984375",
                "score": "0.10675381124019623",
                "text": "Pension and oostretirement liability adjustment ia OO"
            }
        },
        {
            "1": {
                "type": "-2",
                "x_left": "1076.3482666015625",
                "y_up": "2841.994873046875",
                "x_right": "1607.048583984375",
                "y_down": "2940.95458984375",
                "score": "0",
                "text": ""
            }
        },
        {
            "2": {
                "type": "-2",
                "x_left": "1612.048583984375",
                "y_up": "2841.994873046875",
                "x_right": "1607.048583984375",
                "y_down": "2940.95458984375",
                "score": "0",
                "text": ""
            }
        },
        {
            "3": {
                "type": "-2",
                "x_left": "1612.048583984375",
                "y_up": "2841.994873046875",
                "x_right": "2395.818359375",
                "y_down": "2940.95458984375",
                "score": "0",
                "text": ""
            }
        }
    ],
    "44": [
        {
            "0": {
                "type": "1",
                "x_left": "167.75779724121094",
                "y_up": "2885.245361328125",
                "x_right": "887.9856567382812",
                "y_down": "2930.0283203125",
                "score": "0.34627842903137207",
                "text": "Derivative valuation adjustment"
            }
        },
        {
            "1": {
                "type": "-2",
                "x_left": "1413.993896484375",
                "y_up": "2885.245361328125",
                "x_right": "1480.52294921875",
                "y_down": "2934.419189453125",
                "score": "0",
                "text": ""
            }
        },
        {
            "2": {
                "type": "-2",
                "x_left": "1413.993896484375",
                "y_up": "2885.245361328125",
                "x_right": "2272.89599609375",
                "y_down": "2934.419189453125",
                "score": "0",
                "text": ""
            }
        },
        {
            "3": {
                "type": "3",
                "x_left": "2277.89599609375",
                "y_up": "2886.90283203125",
                "x_right": "2398.16064453125",
                "y_down": "2934.277099609375",
                "score": "0.972464919090271",
                "text": "1,953."
            }
        }
    ],
    "45": [
        {
            "0": {
                "type": "1",
                "x_left": "132.76304626464844",
                "y_up": "2932.016357421875",
                "x_right": "1131.65869140625",
                "y_down": "2984.822509765625",
                "score": "0.560133159160614",
                "text": "Treasury stock (Class A), at cost; 8,431,335 shares in"
            }
        },
        {
            "1": {
                "type": "-2",
                "x_left": "1136.65869140625",
                "y_up": "2932.016357421875",
                "x_right": "1607.048583984375",
                "y_down": "2984.822509765625",
                "score": "0",
                "text": ""
            }
        },
        {
            "2": {
                "type": "-2",
                "x_left": "1612.048583984375",
                "y_up": "2932.016357421875",
                "x_right": "1607.048583984375",
                "y_down": "2984.822509765625",
                "score": "0",
                "text": ""
            }
        },
        {
            "3": {
                "type": "-2",
                "x_left": "1612.048583984375",
                "y_up": "2932.016357421875",
                "x_right": "2395.818359375",
                "y_down": "2984.822509765625",
                "score": "0",
                "text": ""
            }
        }
    ],
    "46": [
        {
            "0": {
                "type": "-1",
                "x_left": "-1",
                "y_up": "-1",
                "x_right": "-1",
                "y_down": "-1",
                "score": "-1",
                "text": "2017 -"
            }
        },
        {
            "1": {
                "type": "-2",
                "x_left": "1413.993896484375",
                "y_up": "2975.424072265625",
                "x_right": "1421.6392822265625",
                "y_down": "3027.083740234375",
                "score": "0",
                "text": ""
            }
        },
        {
            "2": {
                "type": "-2",
                "x_left": "1413.993896484375",
                "y_up": "2975.424072265625",
                "x_right": "2212.1630859375",
                "y_down": "3028.312744140625",
                "score": "0",
                "text": ""
            }
        },
        {
            "3": {
                "type": "3",
                "x_left": "2217.1630859375",
                "y_up": "2976.281005859375",
                "x_right": "2413.10107421875",
                "y_down": "3028.312744140625",
                "score": "0.9686334729194641",
                "text": "(256,876)"
            }
        }
    ],
    "47": [
        {
            "0": {
                "type": "1",
                "x_left": "200.93869018554688",
                "y_up": "3030.26123046875",
                "x_right": "900.6190795898438",
                "y_down": "3075.946533203125",
                "score": "0.8273736238479614",
                "text": "Total Company shareholders' equity"
            }
        },
        {
            "1": {
                "type": "3",
                "x_left": "1438.052734375",
                "y_up": "3029.83984375",
                "x_right": "1607.69580078125",
                "y_down": "3075.154541015625",
                "score": "0.986194372177124",
                "text": "569,768"
            }
        },
        {
            "2": {
                "type": "3",
                "x_left": "1791.7197265625",
                "y_up": "3028.95703125",
                "x_right": "1939.58984375",
                "y_down": "3077.457275390625",
                "score": "0.980059802532196",
                "text": "(5,616)"
            }
        },
        {
            "3": {
                "type": "3",
                "x_left": "2227.860595703125",
                "y_up": "3029.045654296875",
                "x_right": "2399.65673828125",
                "y_down": "3074.13720703125",
                "score": "0.9785276055335999",
                "text": "564,152"
            }
        }
    ],
    "48": [
        {
            "0": {
                "type": "1",
                "x_left": "135.60894775390625",
                "y_up": "3076.828857421875",
                "x_right": "576.9710693359375",
                "y_down": "3124.04931640625",
                "score": "0.8266859650611877",
                "text": "Noncontrolling interest"
            }
        },
        {
            "1": {
                "type": "3",
                "x_left": "1480.17431640625",
                "y_up": "3075.984130859375",
                "x_right": "1605.785400390625",
                "y_down": "3121.51513671875",
                "score": "0.979588508605957",
                "text": "3,247"
            }
        },
        {
            "2": {
                "type": "3",
                "x_left": "1822.5616455078125",
                "y_up": "3077.583740234375",
                "x_right": "1938.178955078125",
                "y_down": "3123.638671875",
                "score": "0.9746413230895996",
                "text": "(327)"
            }
        },
        {
            "3": {
                "type": "3",
                "x_left": "2271.27392578125",
                "y_up": "3075.935546875",
                "x_right": "2401.66015625",
                "y_down": "3120.6083984375",
                "score": "0.9714345932006836",
                "text": "2,920"
            }
        }
    ],
    "49": [
        {
            "0": {
                "type": "1",
                "x_left": "138.0772247314453",
                "y_up": "3126.423828125",
                "x_right": "370.41033935546875",
                "y_down": "3173.8427734375",
                "score": "0.8222925066947937",
                "text": "Total Equity"
            }
        },
        {
            "1": {
                "type": "3",
                "x_left": "1435.9132080078125",
                "y_up": "3125.761474609375",
                "x_right": "1607.65771484375",
                "y_down": "3173.72705078125",
                "score": "0.9832057356834412",
                "text": "573,015"
            }
        },
        {
            "2": {
                "type": "3",
                "x_left": "1788.5010986328125",
                "y_up": "3127.069580078125",
                "x_right": "1941.8353271484375",
                "y_down": "3175.3896484375",
                "score": "0.979574978351593",
                "text": "(5,943)"
            }
        },
        {
            "3": {
                "type": "3",
                "x_left": "2225.792724609375",
                "y_up": "3126.070068359375",
                "x_right": "2403.37109375",
                "y_down": "3174.72265625",
                "score": "0.9640775918960571",
                "text": "567,072"
            }
        }
    ]
}