{
    "0": [
        {
            "0": {
                "type": "1",
                "x_left": "913.3817749023438",
                "y_up": "288.282470703125",
                "x_right": "1641.079345703125",
                "y_down": "331.6526794433594",
                "score": "0.9167999029159546",
                "text": "Consolidated Statements of Cash Flows"
            }
        },
        {
            "1": {
                "type": "-2",
                "x_left": "1646.079345703125",
                "y_up": "288.282470703125",
                "x_right": "1861.51904296875",
                "y_down": "331.6526794433594",
                "score": "0",
                "text": ""
            }
        },
        {
            "2": {
                "type": "-2",
                "x_left": "1866.51904296875",
                "y_up": "288.282470703125",
                "x_right": "2133.374267578125",
                "y_down": "331.6526794433594",
                "score": "0",
                "text": ""
            }
        },
        {
            "3": {
                "type": "-2",
                "x_left": "2138.374267578125",
                "y_up": "288.282470703125",
                "x_right": "2398.503662109375",
                "y_down": "331.6526794433594",
                "score": "0",
                "text": ""
            }
        }
    ],
    "1": [
        {
            "0": {
                "type": "1",
                "x_left": "959.5516967773438",
                "y_up": "333.4278869628906",
                "x_right": "1595.251708984375",
                "y_down": "377.1674499511719",
                "score": "0.9307233095169067",
                "text": "For the years ended December 31,"
            }
        },
        {
            "1": {
                "type": "-2",
                "x_left": "1600.251708984375",
                "y_up": "333.4278869628906",
                "x_right": "1861.51904296875",
                "y_down": "377.1674499511719",
                "score": "0",
                "text": ""
            }
        },
        {
            "2": {
                "type": "-2",
                "x_left": "1866.51904296875",
                "y_up": "333.4278869628906",
                "x_right": "2133.374267578125",
                "y_down": "377.1674499511719",
                "score": "0",
                "text": ""
            }
        },
        {
            "3": {
                "type": "-2",
                "x_left": "2138.374267578125",
                "y_up": "333.4278869628906",
                "x_right": "2398.503662109375",
                "y_down": "377.1674499511719",
                "score": "0",
                "text": ""
            }
        }
    ],
    "2": [
        {
            "0": {
                "type": "1",
                "x_left": "1123.59765625",
                "y_up": "378.98883056640625",
                "x_right": "1432.9464111328125",
                "y_down": "428.2206726074219",
                "score": "0.9448863863945007",
                "text": "(in thousands)"
            }
        },
        {
            "1": {
                "type": "-2",
                "x_left": "1437.9464111328125",
                "y_up": "378.98883056640625",
                "x_right": "1861.51904296875",
                "y_down": "428.2206726074219",
                "score": "0",
                "text": ""
            }
        },
        {
            "2": {
                "type": "-2",
                "x_left": "1866.51904296875",
                "y_up": "378.98883056640625",
                "x_right": "2133.374267578125",
                "y_down": "428.2206726074219",
                "score": "0",
                "text": ""
            }
        },
        {
            "3": {
                "type": "-2",
                "x_left": "2138.374267578125",
                "y_up": "378.98883056640625",
                "x_right": "2398.503662109375",
                "y_down": "428.2206726074219",
                "score": "0",
                "text": ""
            }
        }
    ],
    "3": [
        {
            "0": {
                "type": "-2",
                "x_left": "133.11293029785156",
                "y_up": "466.20721435546875",
                "x_right": "1649.912841796875",
                "y_down": "513.4081420898438",
                "score": "0",
                "text": ""
            }
        },
        {
            "1": {
                "type": "-2",
                "x_left": "1687.421630859375",
                "y_up": "465.5345764160156",
                "x_right": "1922.449462890625",
                "y_down": "513.4081420898438",
                "score": "0",
                "text": "0.18"
            }
        },
        {
            "2": {
                "type": "-2",
                "x_left": "1957.561279296875",
                "y_up": "465.5345764160156",
                "x_right": "2192.29150390625",
                "y_down": "515.9637451171875",
                "score": "0",
                "text": "0.17"
            }
        },
        {
            "3": {
                "type": "2",
                "x_left": "2197.29150390625",
                "y_up": "466.9609680175781",
                "x_right": "2313.088623046875",
                "y_down": "515.9637451171875",
                "score": "0.8733000755310059",
                "text": "2016"
            }
        }
    ],
    "4": [
        {
            "0": {
                "type": "1",
                "x_left": "133.94808959960938",
                "y_up": "565.3541870117188",
                "x_right": "540.1986083984375",
                "y_down": "620.1995849609375",
                "score": "0.9617804884910583",
                "text": "Operating Activities"
            }
        },
        {
            "1": {
                "type": "-2",
                "x_left": "545.1986083984375",
                "y_up": "565.3541870117188",
                "x_right": "1861.51904296875",
                "y_down": "620.1995849609375",
                "score": "0",
                "text": ""
            }
        },
        {
            "2": {
                "type": "-2",
                "x_left": "1866.51904296875",
                "y_up": "565.3541870117188",
                "x_right": "2133.374267578125",
                "y_down": "620.1995849609375",
                "score": "0",
                "text": ""
            }
        },
        {
            "3": {
                "type": "-2",
                "x_left": "2138.374267578125",
                "y_up": "565.3541870117188",
                "x_right": "2398.503662109375",
                "y_down": "620.1995849609375",
                "score": "0",
                "text": ""
            }
        }
    ],
    "5": [
        {
            "0": {
                "type": "1",
                "x_left": "133.11293029785156",
                "y_up": "619.6084594726562",
                "x_right": "363.65875244140625",
                "y_down": "663.05322265625",
                "score": "0.935739278793335",
                "text": "Net income"
            }
        },
        {
            "1": {
                "type": "3",
                "x_left": "1687.421630859375",
                "y_up": "611.0452880859375",
                "x_right": "1861.51904296875",
                "y_down": "666.8763427734375",
                "score": "0.888387143611908",
                "text": "$83,019"
            }
        },
        {
            "2": {
                "type": "3",
                "x_left": "1957.561279296875",
                "y_up": "611.6023559570312",
                "x_right": "2133.374267578125",
                "y_down": "668.2779541015625",
                "score": "0.8905026316642761",
                "text": "$32,585"
            }
        },
        {
            "3": {
                "type": "3",
                "x_left": "2224.318603515625",
                "y_up": "611.3861694335938",
                "x_right": "2398.503662109375",
                "y_down": "669.3052368164062",
                "score": "0.9174599647521973",
                "text": "$52,812"
            }
        }
    ],
    "6": [
        {
            "0": {
                "type": "1",
                "x_left": "172.8713836669922",
                "y_up": "713.1944580078125",
                "x_right": "369.309326171875",
                "y_down": "757.0259399414062",
                "score": "0.9024351835250854",
                "text": "Adjuements to reconcile net income to net cash provided by operating activities:"
            }
        },
        {
            "1": {
                "type": "-2",
                "x_left": "374.309326171875",
                "y_up": "713.1944580078125",
                "x_right": "1861.51904296875",
                "y_down": "757.0259399414062",
                "score": "0",
                "text": ""
            }
        },
        {
            "2": {
                "type": "-2",
                "x_left": "1866.51904296875",
                "y_up": "713.1944580078125",
                "x_right": "2133.374267578125",
                "y_down": "757.0259399414062",
                "score": "0",
                "text": ""
            }
        },
        {
            "3": {
                "type": "-2",
                "x_left": "2138.374267578125",
                "y_up": "713.1944580078125",
                "x_right": "2398.503662109375",
                "y_down": "757.0259399414062",
                "score": "0",
                "text": ""
            }
        }
    ],
    "7": [
        {
            "0": {
                "type": "1",
                "x_left": "172.81773376464844",
                "y_up": "759.41162109375",
                "x_right": "428.7350769042969",
                "y_down": "806.461669921875",
                "score": "0.9384850263595581",
                "text": "Depreciation"
            }
        },
        {
            "1": {
                "type": "3",
                "x_left": "1712.3524169921875",
                "y_up": "753.586669921875",
                "x_right": "1859.6649169921875",
                "y_down": "804.933837890625",
                "score": "0.9846254587173462",
                "text": "68,800"
            }
        },
        {
            "2": {
                "type": "3",
                "x_left": "1981.510498046875",
                "y_up": "753.7819213867188",
                "x_right": "2130.094970703125",
                "y_down": "806.0281982421875",
                "score": "0.9768020510673523",
                "text": "61,517"
            }
        },
        {
            "3": {
                "type": "3",
                "x_left": "2252.115234375",
                "y_up": "754.2947998046875",
                "x_right": "2400.06005859375",
                "y_down": "806.1001586914062",
                "score": "0.9755628108978271",
                "text": "58,106"
            }
        }
    ],
    "8": [
        {
            "0": {
                "type": "1",
                "x_left": "173.74598693847656",
                "y_up": "805.7968139648438",
                "x_right": "424.31219482421875",
                "y_down": "851.3909301757812",
                "score": "0.9588999152183533",
                "text": "Amortization"
            }
        },
        {
            "1": {
                "type": "3",
                "x_left": "1711.462158203125",
                "y_up": "805.6087036132812",
                "x_right": "1859.0653076171875",
                "y_down": "850.7498168945312",
                "score": "0.988854169845581",
                "text": "10,236"
            }
        },
        {
            "2": {
                "type": "3",
                "x_left": "1985.791015625",
                "y_up": "805.712890625",
                "x_right": "2131.520263671875",
                "y_down": "849.5419311523438",
                "score": "0.9835271239280701",
                "text": "10,439"
            }
        },
        {
            "3": {
                "type": "3",
                "x_left": "2274.343505859375",
                "y_up": "806.9895629882812",
                "x_right": "2398.16796875",
                "y_down": "850.3278198242188",
                "score": "0.9835597276687622",
                "text": "9 355"
            }
        }
    ],
    "9": [
        {
            "0": {
                "type": "1",
                "x_left": "176.8174591064453",
                "y_up": "850.8712158203125",
                "x_right": "856.1704711914062",
                "y_down": "900.7227783203125",
                "score": "0.8594769239425659",
                "text": "Change in other noncurrent liabilities"
            }
        },
        {
            "1": {
                "type": "3",
                "x_left": "1722.6695556640625",
                "y_up": "852.845947265625",
                "x_right": "1871.680908203125",
                "y_down": "898.3399047851562",
                "score": "0.9864116907119751",
                "text": "(5,479)"
            }
        },
        {
            "2": {
                "type": "3",
                "x_left": "1970.77490234375",
                "y_up": "851.7415161132812",
                "x_right": "2144.729736328125",
                "y_down": "897.91015625",
                "score": "0.9800812005996704",
                "text": "(10,145)"
            }
        },
        {
            "3": {
                "type": "3",
                "x_left": "2263.171630859375",
                "y_up": "852.2520751953125",
                "x_right": "2411.5537109375",
                "y_down": "897.4752197265625",
                "score": "0.9799423217773438",
                "text": "(5,232)"
            }
        }
    ],
    "10": [
        {
            "0": {
                "type": "1",
                "x_left": "188.78549194335938",
                "y_up": "898.4629516601562",
                "x_right": "1009.115478515625",
                "y_down": "947.4295654296875",
                "score": "0.8311975002288818",
                "text": "Change in deferred taxes and other liabilities"
            }
        },
        {
            "1": {
                "type": "3",
                "x_left": "1734.685302734375",
                "y_up": "899.48779296875",
                "x_right": "1860.7562255859375",
                "y_down": "943.835693359375",
                "score": "0.9756931662559509",
                "text": "8,972"
            }
        },
        {
            "2": {
                "type": "3",
                "x_left": "1994.014892578125",
                "y_up": "900.8106079101562",
                "x_right": "2142.533203125",
                "y_down": "946.339599609375",
                "score": "0.974149763584137",
                "text": "(1,264)"
            }
        },
        {
            "3": {
                "type": "3",
                "x_left": "2275.2138671875",
                "y_up": "900.1900024414062",
                "x_right": "2399.197265625",
                "y_down": "945.253662109375",
                "score": "0.9757437109947205",
                "text": "5,889"
            }
        }
    ],
    "11": [
        {
            "0": {
                "type": "1",
                "x_left": "169.05519104003906",
                "y_up": "945.5303955078125",
                "x_right": "1201.40869140625",
                "y_down": "995.99365234375",
                "score": "0.635179877281189",
                "text": "Provision for write-off of property, plant and equipment"
            }
        },
        {
            "1": {
                "type": "3",
                "x_left": "1735.11279296875",
                "y_up": "946.4200439453125",
                "x_right": "1858.106201171875",
                "y_down": "990.5432739257812",
                "score": "0.9818465113639832",
                "text": "3,707"
            }
        },
        {
            "2": {
                "type": "3",
                "x_left": "2006.73681640625",
                "y_up": "948.3722534179688",
                "x_right": "2131.7099609375",
                "y_down": "991.203857421875",
                "score": "0.9788752794265747",
                "text": "2,870"
            }
        },
        {
            "3": {
                "type": "3",
                "x_left": "2274.222900390625",
                "y_up": "947.8165283203125",
                "x_right": "2398.223388671875",
                "y_down": "991.8323364257812",
                "score": "0.9811902046203613",
                "text": ""
            }
        }
    ],
    "12": [
        {
            "0": {
                "type": "1",
                "x_left": "174.14808654785156",
                "y_up": "992.6346435546875",
                "x_right": "715.5491943359375",
                "y_down": "1037.3858642578125",
                "score": "0.5073989629745483",
                "text": "Non-cash interest expense ."
            }
        },
        {
            "1": {
                "type": "3",
                "x_left": "1763.3897705078125",
                "y_up": "993.8135986328125",
                "x_right": "1855.51171875",
                "y_down": "1037.51904296875",
                "score": "0.9618819355964661",
                "text": "459"
            }
        },
        {
            "2": {
                "type": "3",
                "x_left": "2035.63525390625",
                "y_up": "994.1983032226562",
                "x_right": "2129.1357421875",
                "y_down": "1038.2969970703125",
                "score": "0.9557548761367798",
                "text": "660"
            }
        },
        {
            "3": {
                "type": "3",
                "x_left": "2303.34228515625",
                "y_up": "993.9104614257812",
                "x_right": "2395.28466796875",
                "y_down": "1038.291015625",
                "score": "0.9450162649154663",
                "text": "564"
            }
        }
    ],
    "13": [
        {
            "0": {
                "type": "1",
                "x_left": "164.82272338867188",
                "y_up": "1038.5997314453125",
                "x_right": "1470.650634765625",
                "y_down": "1088.11767578125",
                "score": "0.13106389343738556",
                "text": "Write-off of pension liability adjustment due to settlement/curtailment"
            }
        },
        {
            "1": {
                "type": "3",
                "x_left": "1738.5047607421875",
                "y_up": "1039.35009765625",
                "x_right": "1858.7025146484375",
                "y_down": "1084.135009765625",
                "score": "0.9745813012123108",
                "text": "1,494"
            }
        },
        {
            "2": {
                "type": "-2",
                "x_left": "1863.7025146484375",
                "y_up": "1038.5997314453125",
                "x_right": "2133.374267578125",
                "y_down": "1088.11767578125",
                "score": "0",
                "text": ""
            }
        },
        {
            "3": {
                "type": "-2",
                "x_left": "2138.374267578125",
                "y_up": "1038.5997314453125",
                "x_right": "2398.503662109375",
                "y_down": "1088.11767578125",
                "score": "0",
                "text": ""
            }
        }
    ],
    "14": [
        {
            "0": {
                "type": "1",
                "x_left": "151.32774353027344",
                "y_up": "1081.32080078125",
                "x_right": "1505.793212890625",
                "y_down": "1172.3719482421875",
                "score": "0.34599828720092773",
                "text": "Compensation and benefits paid or payable in Class A Common Stock"
            }
        },
        {
            "1": {
                "type": "-2",
                "x_left": "1510.793212890625",
                "y_up": "1081.32080078125",
                "x_right": "1861.51904296875",
                "y_down": "1172.3719482421875",
                "score": "0",
                "text": "2,203"
            }
        },
        {
            "2": {
                "type": "-2",
                "x_left": "1866.51904296875",
                "y_up": "1081.32080078125",
                "x_right": "2133.374267578125",
                "y_down": "1172.3719482421875",
                "score": "0",
                "text": ""
            }
        },
        {
            "3": {
                "type": "-2",
                "x_left": "2138.374267578125",
                "y_up": "1081.32080078125",
                "x_right": "2398.503662109375",
                "y_down": "1172.3719482421875",
                "score": "0",
                "text": "2,433"
            }
        }
    ],
    "15": [
        {
            "0": {
                "type": "1",
                "x_left": "173.71018981933594",
                "y_up": "1126.9599609375",
                "x_right": "1308.9166259765625",
                "y_down": "1181.2393798828125",
                "score": "0.19621004164218903",
                "text": "Write-off of intangible assets in a discontinued product line _"
            }
        },
        {
            "1": {
                "type": "3",
                "x_left": "1735.7520751953125",
                "y_up": "1085.8487548828125",
                "x_right": "1860.6282958984375",
                "y_down": "1133.8951416015625",
                "score": "0.9770601987838745",
                "text": "2,203"
            }
        },
        {
            "2": {
                "type": "3",
                "x_left": "2001.3380126953125",
                "y_up": "1085.8995361328125",
                "x_right": "2131.370361328125",
                "y_down": "1134.640869140625",
                "score": "0.9804903864860535",
                "text": "2,133"
            }
        },
        {
            "3": {
                "type": "3",
                "x_left": "2008.428955078125",
                "y_up": "1135.3592529296875",
                "x_right": "2131.602294921875",
                "y_down": "1182.5386962890625",
                "score": "0.9769108891487122",
                "text": "4,149"
            }
        },
        {
            "4": {
                "type": "3",
                "x_left": "2271.518798828125",
                "y_up": "1086.8236083984375",
                "x_right": "2401.83154296875",
                "y_down": "1136.2369384765625",
                "score": "0.9756763577461243",
                "text": "2,433"
            }
        }
    ],
    "16": [
        {
            "0": {
                "type": "1",
                "x_left": "160.48219299316406",
                "y_up": "1228.81298828125",
                "x_right": "763.9220581054688",
                "y_down": "1274.7578125",
                "score": "0.8874296545982361",
                "text": "Changes in operating assets and liabilities that orovided/(used) cash, net of impact of business acauisition:"
            }
        },
        {
            "1": {
                "type": "-2",
                "x_left": "768.9220581054688",
                "y_up": "1228.81298828125",
                "x_right": "1861.51904296875",
                "y_down": "1274.7578125",
                "score": "0",
                "text": ""
            }
        },
        {
            "2": {
                "type": "-2",
                "x_left": "1866.51904296875",
                "y_up": "1228.81298828125",
                "x_right": "2133.374267578125",
                "y_down": "1274.7578125",
                "score": "0",
                "text": ""
            }
        },
        {
            "3": {
                "type": "-2",
                "x_left": "2138.374267578125",
                "y_up": "1228.81298828125",
                "x_right": "2398.503662109375",
                "y_down": "1274.7578125",
                "score": "0",
                "text": ""
            }
        }
    ],
    "17": [
        {
            "0": {
                "type": "1",
                "x_left": "174.39447021484375",
                "y_up": "1276.6875",
                "x_right": "568.2100830078125",
                "y_down": "1322.7623291015625",
                "score": "0.9615924954414368",
                "text": "Accounts receivable"
            }
        },
        {
            "1": {
                "type": "-2",
                "x_left": "1687.421630859375",
                "y_up": "1270.65283203125",
                "x_right": "1964.1168212890625",
                "y_down": "1326.103271484375",
                "score": "0",
                "text": "(19,139)"
            }
        },
        {
            "2": {
                "type": "-2",
                "x_left": "1957.561279296875",
                "y_up": "1270.096923828125",
                "x_right": "2232.100341796875",
                "y_down": "1326.103271484375",
                "score": "0",
                "text": "(21,859)"
            }
        },
        {
            "3": {
                "type": "3",
                "x_left": "2237.100341796875",
                "y_up": "1270.096923828125",
                "x_right": "2411.686767578125",
                "y_down": "1325.9658203125",
                "score": "0.96946781873703",
                "text": "(12,697)"
            }
        }
    ],
    "18": [
        {
            "0": {
                "type": "1",
                "x_left": "174.48658752441406",
                "y_up": "1324.06884765625",
                "x_right": "480.4247131347656",
                "y_down": "1368.74609375",
                "score": "0.9620181918144226",
                "text": "Contract assets"
            }
        },
        {
            "1": {
                "type": "3",
                "x_left": "1698.069580078125",
                "y_up": "1322.0079345703125",
                "x_right": "1867.8016357421875",
                "y_down": "1368.477294921875",
                "score": "0.9794710278511047",
                "text": "(10,267)"
            }
        },
        {
            "2": {
                "type": "-2",
                "x_left": "1872.8016357421875",
                "y_up": "1322.0079345703125",
                "x_right": "2133.374267578125",
                "y_down": "1368.74609375",
                "score": "0",
                "text": ""
            }
        },
        {
            "3": {
                "type": "-2",
                "x_left": "2138.374267578125",
                "y_up": "1322.0079345703125",
                "x_right": "2398.503662109375",
                "y_down": "1368.74609375",
                "score": "0",
                "text": ""
            }
        }
    ],
    "19": [
        {
            "0": {
                "type": "1",
                "x_left": "175.26718139648438",
                "y_up": "1369.1435546875",
                "x_right": "394.2226257324219",
                "y_down": "1414.505859375",
                "score": "0.945213794708252",
                "text": "Inventories"
            }
        },
        {
            "1": {
                "type": "3",
                "x_left": "1752.5985107421875",
                "y_up": "1369.261962890625",
                "x_right": "1867.544189453125",
                "y_down": "1413.46142578125",
                "score": "0.9716774225234985",
                "text": "(968)"
            }
        },
        {
            "2": {
                "type": "3",
                "x_left": "2001.49658203125",
                "y_up": "1366.00244140625",
                "x_right": "2131.04296875",
                "y_down": "1413.2852783203125",
                "score": "0.9790341258049011",
                "text": "3,090"
            }
        },
        {
            "3": {
                "type": "3",
                "x_left": "2236.46484375",
                "y_up": "1366.0035400390625",
                "x_right": "2413.31103515625",
                "y_down": "1415.4051513671875",
                "score": "0.9795582890510559",
                "text": "(12,520)"
            }
        }
    ],
    "20": [
        {
            "0": {
                "type": "1",
                "x_left": "186.871826171875",
                "y_up": "1415.31787109375",
                "x_right": "994.0206909179688",
                "y_down": "1461.69580078125",
                "score": "0.9424331784248352",
                "text": "Prepaid expenses and other current assets"
            }
        },
        {
            "1": {
                "type": "3",
                "x_left": "1720.1834716796875",
                "y_up": "1415.4287109375",
                "x_right": "1870.6978759765625",
                "y_down": "1462.4127197265625",
                "score": "0.9869459271430969",
                "text": "(5,815)"
            }
        },
        {
            "2": {
                "type": "3",
                "x_left": "1991.92578125",
                "y_up": "1416.1688232421875",
                "x_right": "2144.240966796875",
                "y_down": "1461.995361328125",
                "score": "0.982725203037262",
                "text": "(4,989)"
            }
        },
        {
            "3": {
                "type": "3",
                "x_left": "2260.677734375",
                "y_up": "1416.664306640625",
                "x_right": "2409.7734375",
                "y_down": "1461.70166015625",
                "score": "0.9812065958976746",
                "text": "(2,595)"
            }
        }
    ],
    "21": [
        {
            "0": {
                "type": "1",
                "x_left": "175.69178771972656",
                "y_up": "1463.67236328125",
                "x_right": "874.56005859375",
                "y_down": "1508.4764404296875",
                "score": "0.9434204697608948",
                "text": "Income taxes prepaid and receivable"
            }
        },
        {
            "1": {
                "type": "3",
                "x_left": "1719.2159423828125",
                "y_up": "1463.169677734375",
                "x_right": "1869.464599609375",
                "y_down": "1507.74072265625",
                "score": "0.9782789349555969",
                "text": "(1,402)"
            }
        },
        {
            "2": {
                "type": "3",
                "x_left": "2024.3153076171875",
                "y_up": "1463.2342529296875",
                "x_right": "2142.4990234375",
                "y_down": "1507.555908203125",
                "score": "0.9604243040084839",
                "text": "(941)"
            }
        },
        {
            "3": {
                "type": "3",
                "x_left": "2259.62060546875",
                "y_up": "1463.10302734375",
                "x_right": "2410.711181640625",
                "y_down": "1507.7095947265625",
                "score": "0.9758585691452026",
                "text": "(2,206)"
            }
        }
    ],
    "22": [
        {
            "0": {
                "type": "1",
                "x_left": "173.72674560546875",
                "y_up": "1508.30126953125",
                "x_right": "604.13232421875",
                "y_down": "1555.7215576171875",
                "score": "0.9608038067817688",
                "text": "Noncurrent receivable"
            }
        },
        {
            "1": {
                "type": "3",
                "x_left": "1695.038330078125",
                "y_up": "1508.1932373046875",
                "x_right": "1869.3118896484375",
                "y_down": "1555.4854736328125",
                "score": "0.9830885529518127",
                "text": "(12,249)"
            }
        },
        {
            "2": {
                "type": "3",
                "x_left": "1967.1834716796875",
                "y_up": "1509.3721923828125",
                "x_right": "2145.531494140625",
                "y_down": "1556.197265625",
                "score": "0.9724339246749878",
                "text": "(18,766)"
            }
        },
        {
            "3": {
                "type": "3",
                "x_left": "2237.069580078125",
                "y_up": "1509.16552734375",
                "x_right": "2411.968505859375",
                "y_down": "1555.5457763671875",
                "score": "0.9764404892921448",
                "text": "(14,045)"
            }
        }
    ],
    "23": [
        {
            "0": {
                "type": "1",
                "x_left": "174.8170928955078",
                "y_up": "1557.7984619140625",
                "x_right": "515.7734375",
                "y_down": "1603.8848876953125",
                "score": "0.96977299451828",
                "text": "Accounts payable"
            }
        },
        {
            "1": {
                "type": "3",
                "x_left": "1732.178955078125",
                "y_up": "1556.873779296875",
                "x_right": "1858.135009765625",
                "y_down": "1600.406982421875",
                "score": "0.9813584685325623",
                "text": "9 340"
            }
        },
        {
            "2": {
                "type": "3",
                "x_left": "2001.6622314453125",
                "y_up": "1557.319091796875",
                "x_right": "2130.1259765625",
                "y_down": "1600.8546142578125",
                "score": "0.975867748260498",
                "text": "2,910"
            }
        },
        {
            "3": {
                "type": "3",
                "x_left": "2271.187744140625",
                "y_up": "1557.580322265625",
                "x_right": "2397.90869140625",
                "y_down": "1601.2772216796875",
                "score": "0.9784045815467834",
                "text": "2,108"
            }
        }
    ],
    "24": [
        {
            "0": {
                "type": "1",
                "x_left": "176.55235290527344",
                "y_up": "1602.7064208984375",
                "x_right": "512.4215087890625",
                "y_down": "1648.7554931640625",
                "score": "0.9605039358139038",
                "text": "Accrued liabilities"
            }
        },
        {
            "1": {
                "type": "3",
                "x_left": "1733.8876953125",
                "y_up": "1601.7869873046875",
                "x_right": "1860.260009765625",
                "y_down": "1646.1685791015625",
                "score": "0.9818768501281738",
                "text": "8 209"
            }
        },
        {
            "2": {
                "type": "3",
                "x_left": "2006.9228515625",
                "y_up": "1602.53515625",
                "x_right": "2132.8095703125",
                "y_down": "1647.2406005859375",
                "score": "0.9792060852050781",
                "text": "5 303"
            }
        },
        {
            "3": {
                "type": "3",
                "x_left": "2279.96826171875",
                "y_up": "1603.314208984375",
                "x_right": "2399.15478515625",
                "y_down": "1647.4281005859375",
                "score": "0.9754237532615662",
                "text": "1,312"
            }
        }
    ],
    "25": [
        {
            "0": {
                "type": "1",
                "x_left": "172.36468505859375",
                "y_up": "1649.1566162109375",
                "x_right": "600.233642578125",
                "y_down": "1698.0198974609375",
                "score": "0.9441342353820801",
                "text": "Income taxes payable"
            }
        },
        {
            "1": {
                "type": "3",
                "x_left": "1749.863525390625",
                "y_up": "1649.953125",
                "x_right": "1869.848876953125",
                "y_down": "1694.702880859375",
                "score": "0.9778238534927368",
                "text": "(824)"
            }
        },
        {
            "2": {
                "type": "3",
                "x_left": "2024.327392578125",
                "y_up": "1651.7431640625",
                "x_right": "2143.973876953125",
                "y_down": "1696.2711181640625",
                "score": "0.972007691860199",
                "text": "(799)"
            }
        },
        {
            "3": {
                "type": "3",
                "x_left": "2279.722900390625",
                "y_up": "1650.0950927734375",
                "x_right": "2400.304443359375",
                "y_down": "1693.6068115234375",
                "score": "0.9769324064254761",
                "text": "1,398"
            }
        }
    ],
    "26": [
        {
            "0": {
                "type": "1",
                "x_left": "173.56077575683594",
                "y_up": "1697.341552734375",
                "x_right": "380.4522399902344",
                "y_down": "1744.0103759765625",
                "score": "0.8791410326957703",
                "text": "Other, net"
            }
        },
        {
            "1": {
                "type": "3",
                "x_left": "1721.6885986328125",
                "y_up": "1696.576416015625",
                "x_right": "1868.22998046875",
                "y_down": "1743.995849609375",
                "score": "0.9809530377388",
                "text": "(7,811)"
            }
        },
        {
            "2": {
                "type": "3",
                "x_left": "1993.420654296875",
                "y_up": "1697.0791015625",
                "x_right": "2143.216796875",
                "y_down": "1742.877197265625",
                "score": "0.9768581390380859",
                "text": "(2,677)"
            }
        },
        {
            "3": {
                "type": "3",
                "x_left": "2261.53125",
                "y_up": "1697.01953125",
                "x_right": "2415.432373046875",
                "y_down": "1744.5428466796875",
                "score": "0.9758571982383728",
                "text": "(6,571)"
            }
        }
    ],
    "27": [
        {
            "0": {
                "type": "1",
                "x_left": "155.14329528808594",
                "y_up": "1746.298095703125",
                "x_right": "963.9263305664062",
                "y_down": "1796.2305908203125",
                "score": "0.633061945438385",
                "text": "Net cash provided by operating activities"
            }
        },
        {
            "1": {
                "type": "3",
                "x_left": "1688.716796875",
                "y_up": "1747.4591064453125",
                "x_right": "1858.6982421875",
                "y_down": "1793.55322265625",
                "score": "0.9722735285758972",
                "text": "132,485"
            }
        },
        {
            "2": {
                "type": "3",
                "x_left": "1981.67724609375",
                "y_up": "1748.81103515625",
                "x_right": "2131.552490234375",
                "y_down": "1794.277587890625",
                "score": "0.974577784538269",
                "text": "64,216"
            }
        },
        {
            "3": {
                "type": "3",
                "x_left": "2249.450927734375",
                "y_up": "1748.0535888671875",
                "x_right": "2401.492919921875",
                "y_down": "1794.5836181640625",
                "score": "0.969607949256897",
                "text": "80,940"
            }
        }
    ],
    "28": [
        {
            "0": {
                "type": "1",
                "x_left": "135.35618591308594",
                "y_up": "1797.8760986328125",
                "x_right": "533.0557861328125",
                "y_down": "1842.9854736328125",
                "score": "0.9290816783905029",
                "text": "Investing Activities"
            }
        },
        {
            "1": {
                "type": "-2",
                "x_left": "538.0557861328125",
                "y_up": "1797.8760986328125",
                "x_right": "1861.51904296875",
                "y_down": "1842.9854736328125",
                "score": "0",
                "text": ""
            }
        },
        {
            "2": {
                "type": "-2",
                "x_left": "1866.51904296875",
                "y_up": "1797.8760986328125",
                "x_right": "2133.374267578125",
                "y_down": "1842.9854736328125",
                "score": "0",
                "text": ""
            }
        },
        {
            "3": {
                "type": "-2",
                "x_left": "2138.374267578125",
                "y_up": "1797.8760986328125",
                "x_right": "2398.503662109375",
                "y_down": "1842.9854736328125",
                "score": "0",
                "text": ""
            }
        }
    ],
    "29": [
        {
            "0": {
                "type": "1",
                "x_left": "178.2802734375",
                "y_up": "1842.792236328125",
                "x_right": "989.9609375",
                "y_down": "1890.694091796875",
                "score": "0.8540539145469666",
                "text": "Purchase of business, net of cash acquired"
            }
        },
        {
            "1": {
                "type": "-2",
                "x_left": "1687.421630859375",
                "y_up": "1840.58251953125",
                "x_right": "1952.561279296875",
                "y_down": "1891.9808349609375",
                "score": "0",
                "text": ""
            }
        },
        {
            "2": {
                "type": "-2",
                "x_left": "1957.561279296875",
                "y_up": "1840.58251953125",
                "x_right": "2209.552490234375",
                "y_down": "1891.9808349609375",
                "score": "0",
                "text": ""
            }
        },
        {
            "3": {
                "type": "3",
                "x_left": "2214.552490234375",
                "y_up": "1840.58251953125",
                "x_right": "2413.916748046875",
                "y_down": "1891.9808349609375",
                "score": "0.9693999290466309",
                "text": "(187,000)"
            }
        }
    ],
    "30": [
        {
            "0": {
                "type": "1",
                "x_left": "174.59353637695312",
                "y_up": "1889.5435791015625",
                "x_right": "997.2178955078125",
                "y_down": "1938.9776611328125",
                "score": "0.8148780465126038",
                "text": "Purchases of property, plant and equipment"
            }
        },
        {
            "1": {
                "type": "3",
                "x_left": "1693.6962890625",
                "y_up": "1886.2181396484375",
                "x_right": "1872.2060546875",
                "y_down": "1939.6588134765625",
                "score": "0.9731268286705017",
                "text": "(81,579)"
            }
        },
        {
            "2": {
                "type": "3",
                "x_left": "1969.2578125",
                "y_up": "1887.3203125",
                "x_right": "2145.457763671875",
                "y_down": "1938.5726318359375",
                "score": "0.9754604697227478",
                "text": "(85,510)"
            }
        },
        {
            "3": {
                "type": "3",
                "x_left": "2237.451904296875",
                "y_up": "1891.0338134765625",
                "x_right": "2413.37255859375",
                "y_down": "1936.5205078125",
                "score": "0.9757535457611084",
                "text": "(71,244)"
            }
        }
    ],
    "31": [
        {
            "0": {
                "type": "1",
                "x_left": "179.43795776367188",
                "y_up": "1937.351806640625",
                "x_right": "561.0005493164062",
                "y_down": "1981.6522216796875",
                "score": "0.8948096632957458",
                "text": "Purchased software"
            }
        },
        {
            "1": {
                "type": "3",
                "x_left": "1718.8184814453125",
                "y_up": "1939.791259765625",
                "x_right": "1870.0986328125",
                "y_down": "1987.5382080078125",
                "score": "0.9828542470932007",
                "text": "(1,307)"
            }
        },
        {
            "2": {
                "type": "3",
                "x_left": "1990.3275146484375",
                "y_up": "1941.3065185546875",
                "x_right": "2143.27880859375",
                "y_down": "1988.85400390625",
                "score": "0.9813910722732544",
                "text": "(2,127)"
            }
        },
        {
            "3": {
                "type": "3",
                "x_left": "2258.630615234375",
                "y_up": "1938.5906982421875",
                "x_right": "2412.194091796875",
                "y_down": "1982.779052734375",
                "score": "0.9810420274734497",
                "text": "(2,248)"
            }
        }
    ],
    "32": [
        {
            "0": {
                "type": "1",
                "x_left": "156.80665588378906",
                "y_up": "1982.75634765625",
                "x_right": "1168.1417236328125",
                "y_down": "2030.37255859375",
                "score": "0.5663213133811951",
                "text": "Proceeds from sale or involuntary conversion of asse"
            }
        },
        {
            "1": {
                "type": "-2",
                "x_left": "1687.421630859375",
                "y_up": "1982.75634765625",
                "x_right": "1952.561279296875",
                "y_down": "2030.37255859375",
                "score": "0",
                "text": ""
            }
        },
        {
            "2": {
                "type": "-2",
                "x_left": "1957.561279296875",
                "y_up": "1982.75634765625",
                "x_right": "2270.117919921875",
                "y_down": "2030.37255859375",
                "score": "0",
                "text": ""
            }
        },
        {
            "3": {
                "type": "3",
                "x_left": "2275.117919921875",
                "y_up": "1984.187255859375",
                "x_right": "2401.574462890625",
                "y_down": "2028.4962158203125",
                "score": "0.9691746830940247",
                "text": "6,939."
            }
        }
    ],
    "33": [
        {
            "0": {
                "type": "1",
                "x_left": "170.80723571777344",
                "y_up": "2035.3426513671875",
                "x_right": "854.698486328125",
                "y_down": "2082.20458984375",
                "score": "0.8992491364479065",
                "text": "Net cash used in investing activities"
            }
        },
        {
            "1": {
                "type": "3",
                "x_left": "1699.0313720703125",
                "y_up": "2033.68994140625",
                "x_right": "1869.7703857421875",
                "y_down": "2081.369384765625",
                "score": "0.983851969242096",
                "text": "(82,886)"
            }
        },
        {
            "2": {
                "type": "3",
                "x_left": "1969.1417236328125",
                "y_up": "2034.7364501953125",
                "x_right": "2148.171630859375",
                "y_down": "2081.77294921875",
                "score": "0.9666043519973755",
                "text": "(87,637)"
            }
        },
        {
            "3": {
                "type": "3",
                "x_left": "2211.6904296875",
                "y_up": "2035.5216064453125",
                "x_right": "2412.44775390625",
                "y_down": "2083.032958984375",
                "score": "0.973013699054718",
                "text": "(253,553)"
            }
        }
    ],
    "34": [
        {
            "0": {
                "type": "1",
                "x_left": "136.295166015625",
                "y_up": "2084.650390625",
                "x_right": "546.28271484375",
                "y_down": "2131.428955078125",
                "score": "0.8506377935409546",
                "text": "Financing Activities"
            }
        },
        {
            "1": {
                "type": "-2",
                "x_left": "551.28271484375",
                "y_up": "2084.650390625",
                "x_right": "1861.51904296875",
                "y_down": "2131.428955078125",
                "score": "0",
                "text": ""
            }
        },
        {
            "2": {
                "type": "-2",
                "x_left": "1866.51904296875",
                "y_up": "2084.650390625",
                "x_right": "2133.374267578125",
                "y_down": "2131.428955078125",
                "score": "0",
                "text": ""
            }
        },
        {
            "3": {
                "type": "-2",
                "x_left": "2138.374267578125",
                "y_up": "2084.650390625",
                "x_right": "2398.503662109375",
                "y_down": "2131.428955078125",
                "score": "0",
                "text": ""
            }
        }
    ],
    "35": [
        {
            "0": {
                "type": "1",
                "x_left": "177.172119140625",
                "y_up": "2131.41650390625",
                "x_right": "678.5941162109375",
                "y_down": "2178.27685546875",
                "score": "0.9547917246818542",
                "text": "Proceeds from borrowings"
            }
        },
        {
            "1": {
                "type": "3",
                "x_left": "1713.3970947265625",
                "y_up": "2127.86962890625",
                "x_right": "1856.757568359375",
                "y_down": "2176.205322265625",
                "score": "0.9818389415740967",
                "text": "26,031"
            }
        },
        {
            "2": {
                "type": "3",
                "x_left": "1967.9212646484375",
                "y_up": "2128.563232421875",
                "x_right": "2131.36865234375",
                "y_down": "2177.168212890625",
                "score": "0.9757562875747681",
                "text": "115,334"
            }
        },
        {
            "3": {
                "type": "3",
                "x_left": "2229.352294921875",
                "y_up": "2127.32373046875",
                "x_right": "2398.423583984375",
                "y_down": "2177.275390625",
                "score": "0.9754215478897095",
                "text": "235,907"
            }
        }
    ],
    "36": [
        {
            "0": {
                "type": "1",
                "x_left": "171.45211791992188",
                "y_up": "2137.701904296875",
                "x_right": "682.8812866210938",
                "y_down": "2266.684814453125",
                "score": "0.08569362014532089",
                "text": ""
            }
        },
        {
            "1": {
                "type": "-2",
                "x_left": "687.8812866210938",
                "y_up": "2137.701904296875",
                "x_right": "1861.51904296875",
                "y_down": "2266.684814453125",
                "score": "0",
                "text": "(29,913)"
            }
        },
        {
            "2": {
                "type": "-2",
                "x_left": "1866.51904296875",
                "y_up": "2137.701904296875",
                "x_right": "2133.374267578125",
                "y_down": "2266.684814453125",
                "score": "0",
                "text": "(447)"
            }
        },
        {
            "3": {
                "type": "-2",
                "x_left": "2138.374267578125",
                "y_up": "2137.701904296875",
                "x_right": "2398.503662109375",
                "y_down": "2266.684814453125",
                "score": "0",
                "text": "(34.56)"
            }
        }
    ],
    "37": [
        {
            "0": {
                "type": "1",
                "x_left": "177.93589782714844",
                "y_up": "2178.74951171875",
                "x_right": "695.5790405273438",
                "y_down": "2224.5791015625",
                "score": "0.9574013352394104",
                "text": "Principal payments on debt"
            }
        },
        {
            "1": {
                "type": "3",
                "x_left": "1699.3367919921875",
                "y_up": "2177.89794921875",
                "x_right": "1870.68017578125",
                "y_down": "2227.994140625",
                "score": "0.9827189445495605",
                "text": "(29,913)"
            }
        },
        {
            "2": {
                "type": "3",
                "x_left": "1970.947509765625",
                "y_up": "2178.232666015625",
                "x_right": "2142.416748046875",
                "y_down": "2222.939453125",
                "score": "0.977295458316803",
                "text": "(84 047)"
            }
        },
        {
            "3": {
                "type": "3",
                "x_left": "2237.9931640625",
                "y_up": "2178.421630859375",
                "x_right": "2411.83251953125",
                "y_down": "2224.344482421875",
                "score": "0.9736141562461853",
                "text": "(34,356)"
            }
        }
    ],
    "38": [
        {
            "0": {
                "type": "1",
                "x_left": "172.9575958251953",
                "y_up": "2226.0615234375",
                "x_right": "593.53662109375",
                "y_down": "2271.55859375",
                "score": "0.9218748211860657",
                "text": "Debt acquisition costs"
            }
        },
        {
            "1": {
                "type": "-2",
                "x_left": "1687.421630859375",
                "y_up": "2225.95703125",
                "x_right": "1988.6883544921875",
                "y_down": "2271.55859375",
                "score": "0",
                "text": ""
            }
        },
        {
            "2": {
                "type": "-2",
                "x_left": "1957.561279296875",
                "y_up": "2225.95703125",
                "x_right": "2255.635498046875",
                "y_down": "2273.233642578125",
                "score": "0",
                "text": "(2,130)"
            }
        },
        {
            "3": {
                "type": "3",
                "x_left": "2260.635498046875",
                "y_up": "2226.63037109375",
                "x_right": "2412.10205078125",
                "y_down": "2273.233642578125",
                "score": "0.9747845530509949",
                "text": "(1,771)"
            }
        }
    ],
    "39": [
        {
            "0": {
                "type": "1",
                "x_left": "179.8656768798828",
                "y_up": "2272.102783203125",
                "x_right": "1086.7645263671875",
                "y_down": "2319.908203125",
                "score": "0.6486099362373352",
                "text": "Cash received/(paid) to settle swap agreements"
            }
        },
        {
            "1": {
                "type": "-2",
                "x_left": "1687.421630859375",
                "y_up": "2272.102783203125",
                "x_right": "1999.5313720703125",
                "y_down": "2319.908203125",
                "score": "0",
                "text": ""
            }
        },
        {
            "2": {
                "type": "-2",
                "x_left": "1957.561279296875",
                "y_up": "2272.102783203125",
                "x_right": "2257.987548828125",
                "y_down": "2319.908203125",
                "score": "0",
                "text": "6,346"
            }
        },
        {
            "3": {
                "type": "3",
                "x_left": "2262.987548828125",
                "y_up": "2274.0048828125",
                "x_right": "2412.800048828125",
                "y_down": "2319.769775390625",
                "score": "0.9770947098731995",
                "text": "(5,175)"
            }
        }
    ],
    "40": [
        {
            "0": {
                "type": "1",
                "x_left": "184.52462768554688",
                "y_up": "2319.096435546875",
                "x_right": "823.743896484375",
                "y_down": "2363.63916015625",
                "score": "0.7988001704216003",
                "text": "Proceeds from options exercised ~"
            }
        },
        {
            "1": {
                "type": "3",
                "x_left": "1766.1048583984375",
                "y_up": "2317.083984375",
                "x_right": "1859.215087890625",
                "y_down": "2362.69287109375",
                "score": "0.9657382369041443",
                "text": "202"
            }
        },
        {
            "2": {
                "type": "3",
                "x_left": "2035.140869140625",
                "y_up": "2320.007568359375",
                "x_right": "2127.986083984375",
                "y_down": "2361.239990234375",
                "score": "0.9488340616226196",
                "text": "597"
            }
        },
        {
            "3": {
                "type": "3",
                "x_left": "2304.0",
                "y_up": "2321.506591796875",
                "x_right": "2395.687744140625",
                "y_down": "2363.079833984375",
                "score": "0.9369384050369263",
                "text": "517"
            }
        }
    ],
    "41": [
        {
            "0": {
                "type": "1",
                "x_left": "172.6103973388672",
                "y_up": "2363.126953125",
                "x_right": "840.9254760742188",
                "y_down": "2414.637939453125",
                "score": "0.8869263529777527",
                "text": "Taxes paid in lieu of share issuance"
            }
        },
        {
            "1": {
                "type": "3",
                "x_left": "1715.083251953125",
                "y_up": "2366.302490234375",
                "x_right": "1870.572021484375",
                "y_down": "2412.8759765625",
                "score": "0.9751580357551575",
                "text": "(1,652)"
            }
        },
        {
            "2": {
                "type": "3",
                "x_left": "1991.6502685546875",
                "y_up": "2365.63671875",
                "x_right": "2145.31396484375",
                "y_down": "2411.957275390625",
                "score": "0.9797292947769165",
                "text": "(1,364)"
            }
        },
        {
            "3": {
                "type": "3",
                "x_left": "2255.632080078125",
                "y_up": "2366.20654296875",
                "x_right": "2412.802490234375",
                "y_down": "2412.72412109375",
                "score": "0.9747402667999268",
                "text": "(1,272)"
            }
        }
    ],
    "42": [
        {
            "0": {
                "type": "1",
                "x_left": "172.82058715820312",
                "y_up": "2411.869873046875",
                "x_right": "516.7159423828125",
                "y_down": "2458.804443359375",
                "score": "0.2394326627254486",
                "text": "Dividends paid"
            }
        },
        {
            "1": {
                "type": "3",
                "x_left": "1695.744140625",
                "y_up": "2412.780029296875",
                "x_right": "1869.3348388671875",
                "y_down": "2459.88427734375",
                "score": "0.9823086261749268",
                "text": "(21,926)"
            }
        },
        {
            "2": {
                "type": "3",
                "x_left": "1971.850341796875",
                "y_up": "2413.64208984375",
                "x_right": "2144.720947265625",
                "y_down": "2460.30126953125",
                "score": "0.980798065662384",
                "text": "(21,869)"
            }
        },
        {
            "3": {
                "type": "3",
                "x_left": "2237.51025390625",
                "y_up": "2413.969970703125",
                "x_right": "2412.20703125",
                "y_down": "2461.0458984375",
                "score": "0.9798723459243774",
                "text": "(21,812)"
            }
        }
    ],
    "43": [
        {
            "0": {
                "type": "1",
                "x_left": "146.51905822753906",
                "y_up": "2461.9306640625",
                "x_right": "1191.65234375",
                "y_down": "2573.28515625",
                "score": "0.16631771624088287",
                "text": "Sect of exchange tate changes on cash and cash equiv"
            }
        },
        {
            "1": {
                "type": "-2",
                "x_left": "1196.65234375",
                "y_up": "2461.9306640625",
                "x_right": "1861.51904296875",
                "y_down": "2573.28515625",
                "score": "0",
                "text": ""
            }
        },
        {
            "2": {
                "type": "-2",
                "x_left": "1866.51904296875",
                "y_up": "2461.9306640625",
                "x_right": "2133.374267578125",
                "y_down": "2573.28515625",
                "score": "0",
                "text": ""
            }
        },
        {
            "3": {
                "type": "-2",
                "x_left": "2138.374267578125",
                "y_up": "2461.9306640625",
                "x_right": "2398.503662109375",
                "y_down": "2573.28515625",
                "score": "0",
                "text": "88"
            }
        }
    ],
    "44": [
        {
            "0": {
                "type": "1",
                "x_left": "177.0265655517578",
                "y_up": "2462.79248046875",
                "x_right": "1088.01220703125",
                "y_down": "2512.54443359375",
                "score": "0.3123183846473694",
                "text": "Net cash (used in)/provided by financing activities"
            }
        },
        {
            "1": {
                "type": "3",
                "x_left": "1699.2816162109375",
                "y_up": "2463.83154296875",
                "x_right": "1868.6260986328125",
                "y_down": "2509.5166015625",
                "score": "0.9816465973854065",
                "text": "(27,258)"
            }
        },
        {
            "2": {
                "type": "3",
                "x_left": "1986.0987548828125",
                "y_up": "2465.046875",
                "x_right": "2128.6552734375",
                "y_down": "2509.029052734375",
                "score": "0.9725279808044434",
                "text": "12,867"
            }
        },
        {
            "3": {
                "type": "3",
                "x_left": "2232.241943359375",
                "y_up": "2464.98291015625",
                "x_right": "2399.7666015625",
                "y_down": "2509.625",
                "score": "0.9749389886856079",
                "text": "172,038"
            }
        }
    ],
    "45": [
        {
            "0": {
                "type": "1",
                "x_left": "158.0865478515625",
                "y_up": "2512.445556640625",
                "x_right": "1075.935546875",
                "y_down": "2561.722900390625",
                "score": "0.33405396342277527",
                "text": "-ffect of exchange rate changes on cash and cash"
            }
        },
        {
            "1": {
                "type": "3",
                "x_left": "1721.4873046875",
                "y_up": "2514.420166015625",
                "x_right": "1869.582275390625",
                "y_down": "2559.744384765625",
                "score": "0.980197548866272",
                "text": "(8,313)"
            }
        },
        {
            "2": {
                "type": "3",
                "x_left": "1985.930908203125",
                "y_up": "2514.410400390625",
                "x_right": "2128.195556640625",
                "y_down": "2558.402587890625",
                "score": "0.9785430431365967",
                "text": "12,539"
            }
        },
        {
            "3": {
                "type": "3",
                "x_left": "2258.4267578125",
                "y_up": "2515.435302734375",
                "x_right": "2411.059814453125",
                "y_down": "2561.30029296875",
                "score": "0.9735698699951172",
                "text": "(2,796)"
            }
        }
    ],
    "46": [
        {
            "0": {
                "type": "1",
                "x_left": "139.58702087402344",
                "y_up": "2562.41552734375",
                "x_right": "1085.039794921875",
                "y_down": "2611.9248046875",
                "score": "0.46133172512054443",
                "text": "Increase/(decrease) in cash and cash equivalents"
            }
        },
        {
            "1": {
                "type": "3",
                "x_left": "1715.129638671875",
                "y_up": "2565.090087890625",
                "x_right": "1856.3671875",
                "y_down": "2606.8271484375",
                "score": "0.9870233535766602",
                "text": "14,028"
            }
        },
        {
            "2": {
                "type": "3",
                "x_left": "2005.2314453125",
                "y_up": "2566.534423828125",
                "x_right": "2126.302734375",
                "y_down": "2607.166015625",
                "score": "0.9777714014053345",
                "text": "1,985"
            }
        },
        {
            "3": {
                "type": "3",
                "x_left": "2259.586181640625",
                "y_up": "2567.466552734375",
                "x_right": "2413.27490234375",
                "y_down": "2609.58154296875",
                "score": "0.9803866744041443",
                "text": "(3,371)"
            }
        }
    ],
    "47": [
        {
            "0": {
                "type": "1",
                "x_left": "136.98822021484375",
                "y_up": "2607.376708984375",
                "x_right": "1020.281494140625",
                "y_down": "2658.34619140625",
                "score": "0.849504828453064",
                "text": "Cash and cash equivalents at beginning of year"
            }
        },
        {
            "1": {
                "type": "3",
                "x_left": "1689.47216796875",
                "y_up": "2609.55810546875",
                "x_right": "1852.284912109375",
                "y_down": "2655.25439453125",
                "score": "0.9860737323760986",
                "text": "183,727"
            }
        },
        {
            "2": {
                "type": "3",
                "x_left": "1960.31396484375",
                "y_up": "2609.77099609375",
                "x_right": "2129.936279296875",
                "y_down": "2653.929931640625",
                "score": "0.9852572083473206",
                "text": "181,742"
            }
        },
        {
            "3": {
                "type": "3",
                "x_left": "2235.963623046875",
                "y_up": "2612.19482421875",
                "x_right": "2404.84716796875",
                "y_down": "2655.427978515625",
                "score": "0.9779999852180481",
                "text": "185,113"
            }
        }
    ],
    "48": [
        {
            "0": {
                "type": "1",
                "x_left": "136.30589294433594",
                "y_up": "2657.790771484375",
                "x_right": "908.1669311523438",
                "y_down": "2708.73876953125",
                "score": "0.8987444043159485",
                "text": "Cash and cash equivalents at end of year"
            }
        },
        {
            "1": {
                "type": "3",
                "x_left": "1665.9591064453125",
                "y_up": "2658.955810546875",
                "x_right": "1862.2891845703125",
                "y_down": "2706.254638671875",
                "score": "0.9799348711967468",
                "text": "$197,755"
            }
        },
        {
            "2": {
                "type": "3",
                "x_left": "1935.9764404296875",
                "y_up": "2659.053466796875",
                "x_right": "2127.04345703125",
                "y_down": "2705.20166015625",
                "score": "0.9766960740089417",
                "text": "$183,727"
            }
        },
        {
            "3": {
                "type": "3",
                "x_left": "2204.46435546875",
                "y_up": "2658.717529296875",
                "x_right": "2402.59521484375",
                "y_down": "2706.5625",
                "score": "0.9652015566825867",
                "text": "$181,742"
            }
        }
    ],
    "49": [
        {
            "0": {
                "type": "-2",
                "x_left": "133.11293029785156",
                "y_up": "2756.492431640625",
                "x_right": "1682.421630859375",
                "y_down": "2860.36181640625",
                "score": "0",
                "text": ""
            }
        },
        {
            "1": {
                "type": "-2",
                "x_left": "1687.421630859375",
                "y_up": "2756.492431640625",
                "x_right": "383.04095458984375",
                "y_down": "2860.36181640625",
                "score": "0",
                "text": ""
            }
        },
        {
            "2": {
                "type": "1",
                "x_left": "388.04095458984375",
                "y_up": "2756.492431640625",
                "x_right": "2067.40966796875",
                "y_down": "2860.36181640625",
                "score": "0.27003243565559387",
                "text": "The accompanying notes are an integral part of the consolidated financial statements."
            }
        },
        {
            "3": {
                "type": "-2",
                "x_left": "2072.40966796875",
                "y_up": "2756.492431640625",
                "x_right": "2398.503662109375",
                "y_down": "2860.36181640625",
                "score": "0",
                "text": ""
            }
        }
    ]
}