{
    "0": [
        {
            "0": {
                "type": "1",
                "x_left": "980.548828125",
                "y_up": "294.13995361328125",
                "x_right": "1590.8424072265625",
                "y_down": "339.77813720703125",
                "score": "0.9588717222213745",
                "text": "Consolidated Balance Sheets"
            }
        },
        {
            "1": {
                "type": "-2",
                "x_left": "1595.8424072265625",
                "y_up": "294.13995361328125",
                "x_right": "2084.93212890625",
                "y_down": "339.77813720703125",
                "score": "0",
                "text": ""
            }
        },
        {
            "2": {
                "type": "-2",
                "x_left": "2089.93212890625",
                "y_up": "294.13995361328125",
                "x_right": "2395.4384765625",
                "y_down": "339.77813720703125",
                "score": "0",
                "text": ""
            }
        }
    ],
    "1": [
        {
            "0": {
                "type": "1",
                "x_left": "1111.774658203125",
                "y_up": "339.3935852050781",
                "x_right": "1463.9761962890625",
                "y_down": "385.4892578125",
                "score": "0.9137231707572937",
                "text": "At December 31,"
            }
        },
        {
            "1": {
                "type": "-2",
                "x_left": "1468.9761962890625",
                "y_up": "339.3935852050781",
                "x_right": "2084.93212890625",
                "y_down": "385.4892578125",
                "score": "0",
                "text": ""
            }
        },
        {
            "2": {
                "type": "-2",
                "x_left": "2089.93212890625",
                "y_up": "339.3935852050781",
                "x_right": "2395.4384765625",
                "y_down": "385.4892578125",
                "score": "0",
                "text": ""
            }
        }
    ],
    "2": [
        {
            "0": {
                "type": "1",
                "x_left": "909.6567993164062",
                "y_up": "385.0563049316406",
                "x_right": "1680.37548828125",
                "y_down": "439.86865234375",
                "score": "0.9218575954437256",
                "text": "(in thousands, except per share data)"
            }
        },
        {
            "1": {
                "type": "-2",
                "x_left": "1685.37548828125",
                "y_up": "385.0563049316406",
                "x_right": "2084.93212890625",
                "y_down": "439.86865234375",
                "score": "0",
                "text": ""
            }
        },
        {
            "2": {
                "type": "-2",
                "x_left": "2089.93212890625",
                "y_up": "385.0563049316406",
                "x_right": "2395.4384765625",
                "y_down": "439.86865234375",
                "score": "0",
                "text": ""
            }
        }
    ],
    "3": [
        {
            "0": {
                "type": "-2",
                "x_left": "136.1667938232422",
                "y_up": "476.64263916015625",
                "x_right": "1831.0587158203125",
                "y_down": "523.8908081054688",
                "score": "0",
                "text": ""
            }
        },
        {
            "1": {
                "type": "-2",
                "x_left": "1888.4117431640625",
                "y_up": "474.4464111328125",
                "x_right": "2149.3583984375",
                "y_down": "524.6873779296875",
                "score": "0",
                "text": "18"
            }
        },
        {
            "2": {
                "type": "2",
                "x_left": "2154.3583984375",
                "y_up": "474.4464111328125",
                "x_right": "2269.251708984375",
                "y_down": "524.6873779296875",
                "score": "0.8493387699127197",
                "text": "2017"
            }
        }
    ],
    "4": [
        {
            "0": {
                "type": "1",
                "x_left": "136.53248596191406",
                "y_up": "578.4832763671875",
                "x_right": "285.42169189453125",
                "y_down": "626.9514770507812",
                "score": "0.943229615688324",
                "text": "Assets"
            }
        },
        {
            "1": {
                "type": "-2",
                "x_left": "290.42169189453125",
                "y_up": "578.4832763671875",
                "x_right": "2084.93212890625",
                "y_down": "626.9514770507812",
                "score": "0",
                "text": ""
            }
        },
        {
            "2": {
                "type": "-2",
                "x_left": "2089.93212890625",
                "y_up": "578.4832763671875",
                "x_right": "2395.4384765625",
                "y_down": "626.9514770507812",
                "score": "0",
                "text": ""
            }
        }
    ],
    "5": [
        {
            "0": {
                "type": "1",
                "x_left": "133.3737335205078",
                "y_up": "627.2534790039062",
                "x_right": "438.18060302734375",
                "y_down": "672.771240234375",
                "score": "0.948259174823761",
                "text": "Current assets:"
            }
        },
        {
            "1": {
                "type": "-2",
                "x_left": "443.18060302734375",
                "y_up": "627.2534790039062",
                "x_right": "2084.93212890625",
                "y_down": "672.771240234375",
                "score": "0",
                "text": ""
            }
        },
        {
            "2": {
                "type": "-2",
                "x_left": "2089.93212890625",
                "y_up": "627.2534790039062",
                "x_right": "2395.4384765625",
                "y_down": "672.771240234375",
                "score": "0",
                "text": ""
            }
        }
    ],
    "6": [
        {
            "0": {
                "type": "1",
                "x_left": "132.2375946044922",
                "y_up": "658.2232666015625",
                "x_right": "641.15673828125",
                "y_down": "763.8197631835938",
                "score": "0.054673705250024796",
                "text": ""
            }
        },
        {
            "1": {
                "type": "-2",
                "x_left": "646.15673828125",
                "y_up": "658.2232666015625",
                "x_right": "2084.93212890625",
                "y_down": "763.8197631835938",
                "score": "0",
                "text": ""
            }
        },
        {
            "2": {
                "type": "-2",
                "x_left": "2089.93212890625",
                "y_up": "658.2232666015625",
                "x_right": "2395.4384765625",
                "y_down": "763.8197631835938",
                "score": "0",
                "text": ""
            }
        }
    ],
    "7": [
        {
            "0": {
                "type": "1",
                "x_left": "136.1667938232422",
                "y_up": "672.3309326171875",
                "x_right": "648.9148559570312",
                "y_down": "720.8568115234375",
                "score": "0.9802514910697937",
                "text": "Cash and cash equivalents"
            }
        },
        {
            "1": {
                "type": "3",
                "x_left": "1888.4117431640625",
                "y_up": "667.2408447265625",
                "x_right": "2084.93212890625",
                "y_down": "721.2630004882812",
                "score": "0.9356814622879028",
                "text": "$197,755"
            }
        },
        {
            "2": {
                "type": "3",
                "x_left": "2201.86083984375",
                "y_up": "667.4497680664062",
                "x_right": "2395.4384765625",
                "y_down": "721.521728515625",
                "score": "0.947282075881958",
                "text": "$183,727"
            }
        }
    ],
    "8": [
        {
            "0": {
                "type": "1",
                "x_left": "132.759521484375",
                "y_up": "722.2877197265625",
                "x_right": "602.072509765625",
                "y_down": "767.6697998046875",
                "score": "0.9769599437713623",
                "text": "Accounts receivable, net"
            }
        },
        {
            "1": {
                "type": "3",
                "x_left": "1909.0379638671875",
                "y_up": "720.0618286132812",
                "x_right": "2084.6201171875",
                "y_down": "767.3731079101562",
                "score": "0.9760631918907166",
                "text": "223,176"
            }
        },
        {
            "2": {
                "type": "3",
                "x_left": "2222.16162109375",
                "y_up": "721.309814453125",
                "x_right": "2397.313232421875",
                "y_down": "770.1900634765625",
                "score": "0.973355233669281",
                "text": "202,675"
            }
        }
    ],
    "9": [
        {
            "0": {
                "type": "1",
                "x_left": "135.4750518798828",
                "y_up": "769.2679443359375",
                "x_right": "442.7204284667969",
                "y_down": "815.2072143554688",
                "score": "0.9716528058052063",
                "text": "Contract assets"
            }
        },
        {
            "1": {
                "type": "3",
                "x_left": "1935.8525390625",
                "y_up": "768.1707763671875",
                "x_right": "2080.225341796875",
                "y_down": "811.7642822265625",
                "score": "0.9841713309288025",
                "text": "57,447"
            }
        },
        {
            "2": {
                "type": "-2",
                "x_left": "2085.225341796875",
                "y_up": "768.1707763671875",
                "x_right": "2395.4384765625",
                "y_down": "815.2072143554688",
                "score": "0",
                "text": ""
            }
        }
    ],
    "10": [
        {
            "0": {
                "type": "1",
                "x_left": "130.60374450683594",
                "y_up": "815.1714477539062",
                "x_right": "355.79718017578125",
                "y_down": "859.5592041015625",
                "score": "0.9588302969932556",
                "text": "Inventories"
            }
        },
        {
            "1": {
                "type": "3",
                "x_left": "1935.02490234375",
                "y_up": "813.7726440429688",
                "x_right": "2084.263916015625",
                "y_down": "858.374267578125",
                "score": "0.9830350875854492",
                "text": "85,904"
            }
        },
        {
            "2": {
                "type": "3",
                "x_left": "2230.2041015625",
                "y_up": "809.9508056640625",
                "x_right": "2397.992431640625",
                "y_down": "860.1407470703125",
                "score": "0.9789032936096191",
                "text": "136,519"
            }
        }
    ],
    "11": [
        {
            "0": {
                "type": "1",
                "x_left": "134.7569122314453",
                "y_up": "860.0782470703125",
                "x_right": "821.3995971679688",
                "y_down": "909.1713256835938",
                "score": "0.9437521696090698",
                "text": "Income taxes prepaid and receivable"
            }
        },
        {
            "1": {
                "type": "3",
                "x_left": "1953.6282958984375",
                "y_up": "861.3114013671875",
                "x_right": "2083.482421875",
                "y_down": "906.3876953125",
                "score": "0.9781950116157532",
                "text": "7,473"
            }
        },
        {
            "2": {
                "type": "3",
                "x_left": "2272.58056640625",
                "y_up": "862.0823974609375",
                "x_right": "2397.865478515625",
                "y_down": "907.7142944335938",
                "score": "0.9787954688072205",
                "text": "6,266"
            }
        }
    ],
    "12": [
        {
            "0": {
                "type": "1",
                "x_left": "131.43685913085938",
                "y_up": "908.9332885742188",
                "x_right": "964.5247192382812",
                "y_down": "955.864013671875",
                "score": "0.891083836555481",
                "text": "Prepaid expenses and other current assets"
            }
        },
        {
            "1": {
                "type": "3",
                "x_left": "1933.904052734375",
                "y_up": "906.8557739257812",
                "x_right": "2082.762939453125",
                "y_down": "954.5936279296875",
                "score": "0.9816861152648926",
                "text": "21,294"
            }
        },
        {
            "2": {
                "type": "3",
                "x_left": "2249.52685546875",
                "y_up": "908.0078735351562",
                "x_right": "2397.912841796875",
                "y_down": "955.0093383789062",
                "score": "0.9772975444793701",
                "text": "14,520"
            }
        }
    ],
    "13": [
        {
            "0": {
                "type": "1",
                "x_left": "168.83639526367188",
                "y_up": "958.4274291992188",
                "x_right": "558.5301513671875",
                "y_down": "1007.2319946289062",
                "score": "0.9465467929840088",
                "text": "Total current assets"
            }
        },
        {
            "1": {
                "type": "3",
                "x_left": "1913.5338134765625",
                "y_up": "958.1302490234375",
                "x_right": "2083.872314453125",
                "y_down": "1007.2393188476562",
                "score": "0.9864606857299805",
                "text": "593,049"
            }
        },
        {
            "2": {
                "type": "3",
                "x_left": "2225.710693359375",
                "y_up": "958.9392700195312",
                "x_right": "2397.91943359375",
                "y_down": "1007.5337524414062",
                "score": "0.9823672771453857",
                "text": "543,707"
            }
        }
    ],
    "14": [
        {
            "0": {
                "type": "1",
                "x_left": "130.1862335205078",
                "y_up": "1047.525146484375",
                "x_right": "787.4745483398438",
                "y_down": "1103.4666748046875",
                "score": "0.9493967890739441",
                "text": "Property, plant and equipment, net"
            }
        },
        {
            "1": {
                "type": "3",
                "x_left": "1914.6822509765625",
                "y_up": "1048.0457763671875",
                "x_right": "2083.695068359375",
                "y_down": "1099.5697021484375",
                "score": "0.9809765219688416",
                "text": "462,055"
            }
        },
        {
            "2": {
                "type": "3",
                "x_left": "2230.0419921875",
                "y_up": "1047.544189453125",
                "x_right": "2399.03271484375",
                "y_down": "1099.243408203125",
                "score": "0.9761462211608887",
                "text": "454 302"
            }
        }
    ],
    "15": [
        {
            "0": {
                "type": "1",
                "x_left": "135.21353149414062",
                "y_up": "1100.632568359375",
                "x_right": "447.7841491699219",
                "y_down": "1146.4500732421875",
                "score": "0.9018484950065613",
                "text": "Intangibles, net"
            }
        },
        {
            "1": {
                "type": "3",
                "x_left": "1931.2064208984375",
                "y_up": "1098.3597412109375",
                "x_right": "2082.145751953125",
                "y_down": "1143.5523681640625",
                "score": "0.9799337387084961",
                "text": "49,206"
            }
        },
        {
            "2": {
                "type": "3",
                "x_left": "2248.842041015625",
                "y_up": "1099.586181640625",
                "x_right": "2395.3203125",
                "y_down": "1144.94580078125",
                "score": "0.9783767461776733",
                "text": "55 441"
            }
        }
    ],
    "16": [
        {
            "0": {
                "type": "1",
                "x_left": "136.70069885253906",
                "y_up": "1147.414794921875",
                "x_right": "314.736328125",
                "y_down": "1190.4986572265625",
                "score": "0.9064587950706482",
                "text": "Goodwill"
            }
        },
        {
            "1": {
                "type": "3",
                "x_left": "1913.0787353515625",
                "y_up": "1144.1246337890625",
                "x_right": "2083.93408203125",
                "y_down": "1190.3162841796875",
                "score": "0.9852330088615417",
                "text": "164,382"
            }
        },
        {
            "2": {
                "type": "3",
                "x_left": "2232.88623046875",
                "y_up": "1146.3699951171875",
                "x_right": "2400.576416015625",
                "y_down": "1191.3560791015625",
                "score": "0.9815084338188171",
                "text": "166,796"
            }
        }
    ],
    "17": [
        {
            "0": {
                "type": "1",
                "x_left": "138.25758361816406",
                "y_up": "1193.0517578125",
                "x_right": "574.399658203125",
                "y_down": "1240.8497314453125",
                "score": "0.9693325757980347",
                "text": "Deferred income taxes"
            }
        },
        {
            "1": {
                "type": "3",
                "x_left": "1933.245361328125",
                "y_up": "1192.318115234375",
                "x_right": "2083.260498046875",
                "y_down": "1239.21533203125",
                "score": "0.9823718667030334",
                "text": "62,622"
            }
        },
        {
            "2": {
                "type": "3",
                "x_left": "2251.417236328125",
                "y_up": "1192.443115234375",
                "x_right": "2398.14501953125",
                "y_down": "1238.3328857421875",
                "score": "0.9794471263885498",
                "text": "68,648"
            }
        }
    ],
    "18": [
        {
            "0": {
                "type": "1",
                "x_left": "134.3609619140625",
                "y_up": "1242.22119140625",
                "x_right": "578.158203125",
                "y_down": "1285.92919921875",
                "score": "0.9743924736976624",
                "text": "Noncurrent receivables"
            }
        },
        {
            "1": {
                "type": "3",
                "x_left": "1936.905029296875",
                "y_up": "1241.6728515625",
                "x_right": "2082.57275390625",
                "y_down": "1286.1903076171875",
                "score": "0.9853613972663879",
                "text": "45,061"
            }
        },
        {
            "2": {
                "type": "3",
                "x_left": "2253.677490234375",
                "y_up": "1240.9349365234375",
                "x_right": "2396.677734375",
                "y_down": "1286.8843994140625",
                "score": "0.9799601435661316",
                "text": "32,811"
            }
        }
    ],
    "19": [
        {
            "0": {
                "type": "1",
                "x_left": "136.0906524658203",
                "y_up": "1288.3702392578125",
                "x_right": "387.41436767578125",
                "y_down": "1334.1431884765625",
                "score": "0.9662530422210693",
                "text": "Other assets"
            }
        },
        {
            "1": {
                "type": "3",
                "x_left": "1932.3626708984375",
                "y_up": "1286.96728515625",
                "x_right": "2076.944091796875",
                "y_down": "1331.52197265625",
                "score": "0.9766547679901123",
                "text": "41,617"
            }
        },
        {
            "2": {
                "type": "3",
                "x_left": "2250.0185546875",
                "y_up": "1286.066162109375",
                "x_right": "2398.9189453125",
                "y_down": "1331.7054443359375",
                "score": "0.9588737487792969",
                "text": "39,493"
            }
        }
    ],
    "20": [
        {
            "0": {
                "type": "1",
                "x_left": "173.8243408203125",
                "y_up": "1336.8829345703125",
                "x_right": "413.0088195800781",
                "y_down": "1383.7767333984375",
                "score": "0.9326595664024353",
                "text": "Total assets"
            }
        },
        {
            "1": {
                "type": "3",
                "x_left": "1854.68212890625",
                "y_up": "1334.83056640625",
                "x_right": "2082.010986328125",
                "y_down": "1384.778076171875",
                "score": "0.9738398790359497",
                "text": "$1,417,992"
            }
        },
        {
            "2": {
                "type": "3",
                "x_left": "2167.0517578125",
                "y_up": "1336.38720703125",
                "x_right": "2399.99169921875",
                "y_down": "1384.749755859375",
                "score": "0.966772735118866",
                "text": "$1,361,198"
            }
        }
    ],
    "21": [
        {
            "0": {
                "type": "1",
                "x_left": "130.06405639648438",
                "y_up": "1429.3040771484375",
                "x_right": "340.9808349609375",
                "y_down": "1480.8778076171875",
                "score": "0.9378622770309448",
                "text": "Liabilities"
            }
        },
        {
            "1": {
                "type": "-2",
                "x_left": "345.9808349609375",
                "y_up": "1429.3040771484375",
                "x_right": "2084.93212890625",
                "y_down": "1480.8778076171875",
                "score": "0",
                "text": ""
            }
        },
        {
            "2": {
                "type": "-2",
                "x_left": "2089.93212890625",
                "y_up": "1429.3040771484375",
                "x_right": "2395.4384765625",
                "y_down": "1480.8778076171875",
                "score": "0",
                "text": ""
            }
        }
    ],
    "22": [
        {
            "0": {
                "type": "1",
                "x_left": "136.2161865234375",
                "y_up": "1479.935791015625",
                "x_right": "474.3915710449219",
                "y_down": "1526.3778076171875",
                "score": "0.9672182202339172",
                "text": "Current liabilities:"
            }
        },
        {
            "1": {
                "type": "-2",
                "x_left": "479.3915710449219",
                "y_up": "1479.935791015625",
                "x_right": "2084.93212890625",
                "y_down": "1526.3778076171875",
                "score": "0",
                "text": ""
            }
        },
        {
            "2": {
                "type": "-2",
                "x_left": "2089.93212890625",
                "y_up": "1479.935791015625",
                "x_right": "2395.4384765625",
                "y_down": "1526.3778076171875",
                "score": "0",
                "text": ""
            }
        }
    ],
    "23": [
        {
            "0": {
                "type": "1",
                "x_left": "133.19285583496094",
                "y_up": "1525.845458984375",
                "x_right": "609.8928833007812",
                "y_down": "1575.4127197265625",
                "score": "0.9735550880432129",
                "text": "Notes and loans payable"
            }
        },
        {
            "1": {
                "type": "-2",
                "x_left": "1888.4117431640625",
                "y_up": "1521.227294921875",
                "x_right": "2275.781494140625",
                "y_down": "1575.4127197265625",
                "score": "0",
                "text": ""
            }
        },
        {
            "2": {
                "type": "3",
                "x_left": "2280.781494140625",
                "y_up": "1521.227294921875",
                "x_right": "2398.613037109375",
                "y_down": "1572.5518798828125",
                "score": "0.9352788925170898",
                "text": "$262"
            }
        }
    ],
    "24": [
        {
            "0": {
                "type": "1",
                "x_left": "134.460205078125",
                "y_up": "1576.1873779296875",
                "x_right": "478.6312561035156",
                "y_down": "1622.736572265625",
                "score": "0.9736817479133606",
                "text": "Accounts payable"
            }
        },
        {
            "1": {
                "type": "3",
                "x_left": "1929.372802734375",
                "y_up": "1569.665771484375",
                "x_right": "2084.811767578125",
                "y_down": "1620.5386962890625",
                "score": "0.970550537109375",
                "text": "52,246"
            }
        },
        {
            "2": {
                "type": "3",
                "x_left": "2251.91455078125",
                "y_up": "1573.6949462890625",
                "x_right": "2397.49560546875",
                "y_down": "1619.2073974609375",
                "score": "0.9782304763793945",
                "text": "44 899"
            }
        }
    ],
    "25": [
        {
            "0": {
                "type": "1",
                "x_left": "134.8952178955078",
                "y_up": "1621.911376953125",
                "x_right": "472.6100769042969",
                "y_down": "1668.0250244140625",
                "score": "0.9658800959587097",
                "text": "Accrued liabilities"
            }
        },
        {
            "1": {
                "type": "3",
                "x_left": "1913.120361328125",
                "y_up": "1621.2186279296875",
                "x_right": "2084.8857421875",
                "y_down": "1667.0458984375",
                "score": "0.9878514409065247",
                "text": "129,030"
            }
        },
        {
            "2": {
                "type": "3",
                "x_left": "2230.05419921875",
                "y_up": "1621.044921875",
                "x_right": "2397.2509765625",
                "y_down": "1667.7998046875",
                "score": "0.9854460954666138",
                "text": "105,914"
            }
        }
    ],
    "26": [
        {
            "0": {
                "type": "1",
                "x_left": "134.10064697265625",
                "y_up": "1667.147216796875",
                "x_right": "813.4139404296875",
                "y_down": "1715.6922607421875",
                "score": "0.9399397373199463",
                "text": "Current maturities of long-term debt"
            }
        },
        {
            "1": {
                "type": "3",
                "x_left": "1959.08544921875",
                "y_up": "1669.2694091796875",
                "x_right": "2079.68310546875",
                "y_down": "1713.8001708984375",
                "score": "0.9769935011863708",
                "text": "1,224"
            }
        },
        {
            "2": {
                "type": "3",
                "x_left": "2276.342041015625",
                "y_up": "1669.863525390625",
                "x_right": "2396.229248046875",
                "y_down": "1713.9083251953125",
                "score": "0.9768394827842712",
                "text": "1,799"
            }
        }
    ],
    "27": [
        {
            "0": {
                "type": "1",
                "x_left": "138.4606475830078",
                "y_up": "1716.59423828125",
                "x_right": "560.776123046875",
                "y_down": "1762.2724609375",
                "score": "0.9135733842849731",
                "text": "Income taxes payable"
            }
        },
        {
            "1": {
                "type": "3",
                "x_left": "1960.8865966796875",
                "y_up": "1714.9169921875",
                "x_right": "2083.229736328125",
                "y_down": "1760.7291259765625",
                "score": "0.97297602891922",
                "text": "6,806"
            }
        },
        {
            "2": {
                "type": "3",
                "x_left": "2273.85009765625",
                "y_up": "1714.5302734375",
                "x_right": "2402.525146484375",
                "y_down": "1762.3111572265625",
                "score": "0.9712258577346802",
                "text": "8,643"
            }
        }
    ],
    "28": [
        {
            "0": {
                "type": "1",
                "x_left": "173.8551025390625",
                "y_up": "1766.74755859375",
                "x_right": "591.0020751953125",
                "y_down": "1816.4742431640625",
                "score": "0.9506415128707886",
                "text": "Total current liabilities"
            }
        },
        {
            "1": {
                "type": "3",
                "x_left": "1916.14208984375",
                "y_up": "1766.9853515625",
                "x_right": "2084.040771484375",
                "y_down": "1815.271240234375",
                "score": "0.9846836924552917",
                "text": "189,306"
            }
        },
        {
            "2": {
                "type": "3",
                "x_left": "2231.937744140625",
                "y_up": "1768.0703125",
                "x_right": "2395.216064453125",
                "y_down": "1817.4168701171875",
                "score": "0.9786304831504822",
                "text": "161,517"
            }
        }
    ],
    "29": [
        {
            "0": {
                "type": "1",
                "x_left": "131.2235107421875",
                "y_up": "1856.8704833984375",
                "x_right": "439.4232482910156",
                "y_down": "1907.2855224609375",
                "score": "0.9557812213897705",
                "text": "Long-term debt"
            }
        },
        {
            "1": {
                "type": "3",
                "x_left": "1912.4320068359375",
                "y_up": "1854.5081787109375",
                "x_right": "2081.370361328125",
                "y_down": "1905.679931640625",
                "score": "0.9870730638504028",
                "text": "523,707"
            }
        },
        {
            "2": {
                "type": "3",
                "x_left": "2226.71142578125",
                "y_up": "1854.530517578125",
                "x_right": "2399.6865234375",
                "y_down": "1905.256103515625",
                "score": "0.9833990335464478",
                "text": "514,120"
            }
        }
    ],
    "30": [
        {
            "0": {
                "type": "1",
                "x_left": "135.12646484375",
                "y_up": "1905.16015625",
                "x_right": "629.8681030273438",
                "y_down": "1952.7265625",
                "score": "0.9470629096031189",
                "text": "Other noncurrent liabilities"
            }
        },
        {
            "1": {
                "type": "3",
                "x_left": "1934.8634033203125",
                "y_up": "1905.1536865234375",
                "x_right": "2080.47119140625",
                "y_down": "1951.5711669921875",
                "score": "0.9827457666397095",
                "text": "88,277"
            }
        },
        {
            "2": {
                "type": "3",
                "x_left": "2229.3583984375",
                "y_up": "1905.849853515625",
                "x_right": "2398.86328125",
                "y_down": "1952.5699462890625",
                "score": "0.9821512699127197",
                "text": "101,555"
            }
        }
    ],
    "31": [
        {
            "0": {
                "type": "1",
                "x_left": "125.15959167480469",
                "y_up": "1952.92578125",
                "x_right": "787.070556640625",
                "y_down": "1999.750732421875",
                "score": "0.9374614953994751",
                "text": "Deferred taxes and other liabilities"
            }
        },
        {
            "1": {
                "type": "3",
                "x_left": "1955.541259765625",
                "y_up": "1953.33984375",
                "x_right": "2082.26220703125",
                "y_down": "1998.813720703125",
                "score": "0.9827163219451904",
                "text": "8,422"
            }
        },
        {
            "2": {
                "type": "3",
                "x_left": "2247.798828125",
                "y_up": "1953.044677734375",
                "x_right": "2397.43310546875",
                "y_down": "1999.68701171875",
                "score": "0.966744601726532",
                "text": "10,991"
            }
        }
    ],
    "32": [
        {
            "0": {
                "type": "1",
                "x_left": "165.92462158203125",
                "y_up": "2002.16650390625",
                "x_right": "451.44927978515625",
                "y_down": "2050.311279296875",
                "score": "0.9342240691184998",
                "text": "Total liabilities"
            }
        },
        {
            "1": {
                "type": "3",
                "x_left": "1913.589599609375",
                "y_up": "2002.4019775390625",
                "x_right": "2086.141357421875",
                "y_down": "2049.677001953125",
                "score": "0.9835295081138611",
                "text": "809,712"
            }
        },
        {
            "2": {
                "type": "3",
                "x_left": "2221.107666015625",
                "y_up": "2004.177734375",
                "x_right": "2398.8671875",
                "y_down": "2051.1923828125",
                "score": "0.9364563226699829",
                "text": "788,183"
            }
        }
    ],
    "33": [
        {
            "0": {
                "type": "1",
                "x_left": "132.07545471191406",
                "y_up": "2095.12451171875",
                "x_right": "811.0113525390625",
                "y_down": "2153.934814453125",
                "score": "0.9500879645347595",
                "text": "Commitments and Contingencies"
            }
        },
        {
            "1": {
                "type": "-2",
                "x_left": "816.0113525390625",
                "y_up": "2095.12451171875",
                "x_right": "2084.93212890625",
                "y_down": "2153.934814453125",
                "score": "0",
                "text": ""
            }
        },
        {
            "2": {
                "type": "-2",
                "x_left": "2089.93212890625",
                "y_up": "2095.12451171875",
                "x_right": "2395.4384765625",
                "y_down": "2153.934814453125",
                "score": "0",
                "text": ""
            }
        }
    ],
    "34": [
        {
            "0": {
                "type": "1",
                "x_left": "129.98062133789062",
                "y_up": "2189.559326171875",
                "x_right": "566.3379516601562",
                "y_down": "2239.602783203125",
                "score": "0.9333227872848511",
                "text": "Shareholders' Equity"
            }
        },
        {
            "1": {
                "type": "-2",
                "x_left": "571.3379516601562",
                "y_up": "2189.559326171875",
                "x_right": "2084.93212890625",
                "y_down": "2239.602783203125",
                "score": "0",
                "text": ""
            }
        },
        {
            "2": {
                "type": "-2",
                "x_left": "2089.93212890625",
                "y_up": "2189.559326171875",
                "x_right": "2395.4384765625",
                "y_down": "2239.602783203125",
                "score": "0",
                "text": ""
            }
        }
    ],
    "35": [
        {
            "0": {
                "type": "1",
                "x_left": "137.77162170410156",
                "y_up": "2305.5322265625",
                "x_right": "1582.457763671875",
                "y_down": "2398.267578125",
                "score": "0.11341753602027893",
                "text": " issued 37,450,329 in 2018 and 37,305,753in2017,"
            }
        },
        {
            "1": {
                "type": "3",
                "x_left": "2016.7310791015625",
                "y_up": "2327.573486328125",
                "x_right": "2080.20947265625",
                "y_down": "2381.01953125",
                "score": "0.9043270945549011",
                "text": "37"
            }
        },
        {
            "2": {
                "type": "3",
                "x_left": "2332.144775390625",
                "y_up": "2329.3876953125",
                "x_right": "2397.081298828125",
                "y_down": "2382.478759765625",
                "score": "0.9210867881774902",
                "text": "37"
            }
        }
    ],
    "36": [
        {
            "0": {
                "type": "1",
                "x_left": "107.6884765625",
                "y_up": "2429.02392578125",
                "x_right": "1174.02734375",
                "y_down": "2476.862060546875",
                "score": "0.30827561020851135",
                "text": "Class B Common Stock, par value $001 per share: authorized 25.000. ( issued and outstanding 3,233,998 in 2018 and 2017"
            }
        },
        {
            "1": {
                "type": "-2",
                "x_left": "1179.02734375",
                "y_up": "2429.02392578125",
                "x_right": "2084.93212890625",
                "y_down": "2476.862060546875",
                "score": "0",
                "text": "3"
            }
        },
        {
            "2": {
                "type": "-2",
                "x_left": "2089.93212890625",
                "y_up": "2429.02392578125",
                "x_right": "2395.4384765625",
                "y_down": "2476.862060546875",
                "score": "0",
                "text": "3"
            }
        }
    ],
    "37": [
        {
            "0": {
                "type": "1",
                "x_left": "135.22132873535156",
                "y_up": "2476.115234375",
                "x_right": "610.8348388671875",
                "y_down": "2521.17626953125",
                "score": "0.899444580078125",
                "text": "Additional paid-in capital"
            }
        },
        {
            "1": {
                "type": "3",
                "x_left": "1913.140380859375",
                "y_up": "2471.709228515625",
                "x_right": "2083.062744140625",
                "y_down": "2522.663818359375",
                "score": "0.9785788655281067",
                "text": "430,555"
            }
        },
        {
            "2": {
                "type": "3",
                "x_left": "2225.979248046875",
                "y_up": "2472.43603515625",
                "x_right": "2396.43505859375",
                "y_down": "2521.6328125",
                "score": "0.9770407676696777",
                "text": "428,423"
            }
        }
    ],
    "38": [
        {
            "0": {
                "type": "1",
                "x_left": "136.87057495117188",
                "y_up": "2521.771240234375",
                "x_right": "493.3442077636719",
                "y_down": "2566.594482421875",
                "score": "0.8372044563293457",
                "text": "Retained earnings"
            }
        },
        {
            "1": {
                "type": "3",
                "x_left": "1910.7559814453125",
                "y_up": "2522.3134765625",
                "x_right": "2084.255615234375",
                "y_down": "2570.48388671875",
                "score": "0.9797080159187317",
                "text": "589,645"
            }
        },
        {
            "2": {
                "type": "3",
                "x_left": "2229.8818359375",
                "y_up": "2522.312255859375",
                "x_right": "2398.236083984375",
                "y_down": "2570.598388671875",
                "score": "0.98216313123703",
                "text": "534,082"
            }
        }
    ],
    "39": [
        {
            "0": {
                "type": "1",
                "x_left": "135.84335327148438",
                "y_up": "2565.9599609375",
                "x_right": "1128.642333984375",
                "y_down": "2628.18701171875",
                "score": "0.4483635127544403",
                "text": "Accumulated items of other comprehensive income:"
            }
        },
        {
            "1": {
                "type": "-2",
                "x_left": "1133.642333984375",
                "y_up": "2565.9599609375",
                "x_right": "2084.93212890625",
                "y_down": "2628.18701171875",
                "score": "0",
                "text": ""
            }
        },
        {
            "2": {
                "type": "-2",
                "x_left": "2089.93212890625",
                "y_up": "2565.9599609375",
                "x_right": "2395.4384765625",
                "y_down": "2628.18701171875",
                "score": "0",
                "text": ""
            }
        }
    ],
    "40": [
        {
            "0": {
                "type": "1",
                "x_left": "180.16358947753906",
                "y_up": "2617.99853515625",
                "x_right": "651.6046142578125",
                "y_down": "2661.7822265625",
                "score": "0.5065679550170898",
                "text": "Translation adjustments"
            }
        },
        {
            "1": {
                "type": "3",
                "x_left": "1899.2576904296875",
                "y_up": "2611.419189453125",
                "x_right": "2094.352294921875",
                "y_down": "2665.2392578125",
                "score": "0.972372829914093",
                "text": "(115,976)"
            }
        },
        {
            "2": {
                "type": "3",
                "x_left": "2238.94873046875",
                "y_up": "2613.4111328125",
                "x_right": "2410.62109375",
                "y_down": "2665.501953125",
                "score": "0.9749656319618225",
                "text": "(87,318)"
            }
        }
    ],
    "41": [
        {
            "0": {
                "type": "1",
                "x_left": "169.0035400390625",
                "y_up": "2657.386962890625",
                "x_right": "1095.5748291015625",
                "y_down": "2712.06591796875",
                "score": "0.6003334522247314",
                "text": "Pension and postretirement liability adjustments"
            }
        },
        {
            "1": {
                "type": "3",
                "x_left": "1921.31689453125",
                "y_up": "2664.501708984375",
                "x_right": "2094.462890625",
                "y_down": "2711.229736328125",
                "score": "0.9767994284629822",
                "text": "(47,109)"
            }
        },
        {
            "2": {
                "type": "3",
                "x_left": "2236.083740234375",
                "y_up": "2664.937744140625",
                "x_right": "2410.733154296875",
                "y_down": "2709.8359375",
                "score": "0.9787943363189697",
                "text": "(50,536)"
            }
        }
    ],
    "42": [
        {
            "0": {
                "type": "1",
                "x_left": "176.03651428222656",
                "y_up": "2711.75",
                "x_right": "828.04345703125",
                "y_down": "2754.919677734375",
                "score": "0.5459476709365845",
                "text": "Derivative valuation adiustment _"
            }
        },
        {
            "1": {
                "type": "3",
                "x_left": "1961.90283203125",
                "y_up": "2712.256591796875",
                "x_right": "2080.97265625",
                "y_down": "2758.687744140625",
                "score": "0.9602273106575012",
                "text": "4,697"
            }
        },
        {
            "2": {
                "type": "3",
                "x_left": "2278.963134765625",
                "y_up": "2713.133056640625",
                "x_right": "2397.253173828125",
                "y_down": "2760.254150390625",
                "score": "0.9699376821517944",
                "text": "1,953"
            }
        }
    ],
    "43": [
        {
            "0": {
                "type": "1",
                "x_left": "111.13716125488281",
                "y_up": "2757.44775390625",
                "x_right": "1306.206298828125",
                "y_down": "2807.21533203125",
                "score": "0.06933306902647018",
                "text": "Treasury stock (Class A), at cost; 8,418,620 shares in 2018 anc"
            }
        },
        {
            "1": {
                "type": "-2",
                "x_left": "1311.206298828125",
                "y_up": "2757.44775390625",
                "x_right": "2084.93212890625",
                "y_down": "2807.21533203125",
                "score": "0",
                "text": ""
            }
        },
        {
            "2": {
                "type": "-2",
                "x_left": "2089.93212890625",
                "y_up": "2757.44775390625",
                "x_right": "2395.4384765625",
                "y_down": "2807.21533203125",
                "score": "0",
                "text": ""
            }
        }
    ],
    "44": [
        {
            "0": {
                "type": "-1",
                "x_left": "-1",
                "y_up": "-1",
                "x_right": "-1",
                "y_down": "-1",
                "score": "-1",
                "text": "2017 * is y  S r s S"
            }
        },
        {
            "1": {
                "type": "3",
                "x_left": "1900.006591796875",
                "y_up": "2798.82568359375",
                "x_right": "2095.26416015625",
                "y_down": "2851.086181640625",
                "score": "0.9733791947364807",
                "text": "(256,603)"
            }
        },
        {
            "2": {
                "type": "3",
                "x_left": "2216.650634765625",
                "y_up": "2799.859619140625",
                "x_right": "2412.852783203125",
                "y_down": "2851.342529296875",
                "score": "0.9698941707611084",
                "text": "(256,876)"
            }
        }
    ],
    "45": [
        {
            "0": {
                "type": "1",
                "x_left": "204.28211975097656",
                "y_up": "2852.869384765625",
                "x_right": "888.7637329101562",
                "y_down": "2900.62890625",
                "score": "0.9097039103507996",
                "text": "Total Company shareholders' equity"
            }
        },
        {
            "1": {
                "type": "3",
                "x_left": "1910.192138671875",
                "y_up": "2855.49853515625",
                "x_right": "2083.49853515625",
                "y_down": "2900.306884765625",
                "score": "0.9837985038757324",
                "text": "605,249"
            }
        },
        {
            "2": {
                "type": "3",
                "x_left": "2226.064453125",
                "y_up": "2856.650634765625",
                "x_right": "2400.364013671875",
                "y_down": "2901.185302734375",
                "score": "0.980782687664032",
                "text": "569,768"
            }
        }
    ],
    "46": [
        {
            "0": {
                "type": "1",
                "x_left": "133.97506713867188",
                "y_up": "2900.612060546875",
                "x_right": "568.0765991210938",
                "y_down": "2949.885009765625",
                "score": "0.9280827045440674",
                "text": "Noncontrolling interest"
            }
        },
        {
            "1": {
                "type": "3",
                "x_left": "1967.631591796875",
                "y_up": "2903.542724609375",
                "x_right": "2081.026611328125",
                "y_down": "2946.76953125",
                "score": "0.9786394834518433",
                "text": "3,031"
            }
        },
        {
            "2": {
                "type": "3",
                "x_left": "2282.78759765625",
                "y_up": "2903.459716796875",
                "x_right": "2398.70654296875",
                "y_down": "2947.204833984375",
                "score": "0.9714134931564331",
                "text": "3,247"
            }
        }
    ],
    "47": [
        {
            "0": {
                "type": "1",
                "x_left": "138.34539794921875",
                "y_up": "2952.19091796875",
                "x_right": "361.01202392578125",
                "y_down": "2997.85009765625",
                "score": "0.92220538854599",
                "text": "Total equity"
            }
        },
        {
            "1": {
                "type": "3",
                "x_left": "1928.8341064453125",
                "y_up": "2951.38818359375",
                "x_right": "2085.63671875",
                "y_down": "2996.546630859375",
                "score": "0.9857279658317566",
                "text": "608,280"
            }
        },
        {
            "2": {
                "type": "3",
                "x_left": "2242.995361328125",
                "y_up": "2952.098388671875",
                "x_right": "2398.0068359375",
                "y_down": "2997.93115234375",
                "score": "0.9791730642318726",
                "text": "573,015"
            }
        }
    ],
    "48": [
        {
            "0": {
                "type": "1",
                "x_left": "196.0747528076172",
                "y_up": "2999.27880859375",
                "x_right": "954.9190673828125",
                "y_down": "3051.00390625",
                "score": "0.8308988213539124",
                "text": "Total liabilities and shareholders' equity"
            }
        },
        {
            "1": {
                "type": "3",
                "x_left": "1875.801025390625",
                "y_up": "3000.43505859375",
                "x_right": "2085.122802734375",
                "y_down": "3048.507080078125",
                "score": "0.9443451762199402",
                "text": "$1,417,992"
            }
        },
        {
            "2": {
                "type": "3",
                "x_left": "2190.45556640625",
                "y_up": "3002.200927734375",
                "x_right": "2399.728271484375",
                "y_down": "3049.763671875",
                "score": "0.9640050530433655",
                "text": "$1,361,198"
            }
        }
    ],
    "49": [
        {
            "0": {
                "type": "-2",
                "x_left": "136.1667938232422",
                "y_up": "3000",
                "x_right": "437.6638488769531",
                "y_down": "3188.659912109375",
                "score": "0",
                "text": ""
            }
        },
        {
            "1": {
                "type": "1",
                "x_left": "442.6638488769531",
                "y_up": "3093.356201171875",
                "x_right": "2118.114501953125",
                "y_down": "3188.659912109375",
                "score": "0.46034976840019226",
                "text": "The accompanying notes are an integral part of the consolidated financial statements."
            }
        },
        {
            "2": {
                "type": "-2",
                "x_left": "2123.114501953125",
                "y_up": "3000",
                "x_right": "2395.4384765625",
                "y_down": "3188.659912109375",
                "score": "0",
                "text": "$1,361,198"
            }
        }
    ]
}