{
    "0": [
        {
            "0": {
                "type": "-2",
                "x_left": "-1",
                "y_up": "288.8132019042969",
                "x_right": "1008.6881103515625",
                "y_down": "332.33355712890625",
                "score": "0",
                "text": ""
            }
        },
        {
            "1": {
                "type": "1",
                "x_left": "1013.6881103515625",
                "y_up": "288.8132019042969",
                "x_right": "1538.10498046875",
                "y_down": "332.33355712890625",
                "score": "0.8745763897895813",
                "text": "Consolidated Balance Sheet"
            }
        },
        {
            "2": {
                "type": "-2",
                "x_left": "1543.10498046875",
                "y_up": "288.8132019042969",
                "x_right": "1822.116455078125",
                "y_down": "332.33355712890625",
                "score": "0",
                "text": ""
            }
        },
        {
            "3": {
                "type": "-2",
                "x_left": "1827.116455078125",
                "y_up": "288.8132019042969",
                "x_right": "2241.8193359375",
                "y_down": "332.33355712890625",
                "score": "0",
                "text": ""
            }
        }
    ],
    "1": [
        {
            "0": {
                "type": "-2",
                "x_left": "-1",
                "y_up": "330.9774169921875",
                "x_right": "1237.57373046875",
                "y_down": "381.6824035644531",
                "score": "0",
                "text": ""
            }
        },
        {
            "1": {
                "type": "-2",
                "x_left": "1242.57373046875",
                "y_up": "330.9774169921875",
                "x_right": "835.4382934570312",
                "y_down": "381.6824035644531",
                "score": "0",
                "text": ""
            }
        },
        {
            "2": {
                "type": "1",
                "x_left": "840.4382934570312",
                "y_up": "330.9774169921875",
                "x_right": "1716.9010009765625",
                "y_down": "381.6824035644531",
                "score": "0.9173440933227539",
                "text": "(in thousands, except share and per share data)"
            }
        },
        {
            "3": {
                "type": "-2",
                "x_left": "1721.9010009765625",
                "y_up": "330.9774169921875",
                "x_right": "2241.8193359375",
                "y_down": "381.6824035644531",
                "score": "0",
                "text": ""
            }
        }
    ],
    "2": [
        {
            "0": {
                "type": "-2",
                "x_left": "-1",
                "y_up": "562.3771362304688",
                "x_right": "1145.7230224609375",
                "y_down": "608.2454223632812",
                "score": "0",
                "text": ""
            }
        },
        {
            "1": {
                "type": "-2",
                "x_left": "1242.57373046875",
                "y_up": "562.3771362304688",
                "x_right": "1517.3682861328125",
                "y_down": "608.322998046875",
                "score": "0",
                "text": ""
            }
        },
        {
            "2": {
                "type": "-2",
                "x_left": "1625.31201171875",
                "y_up": "560.6463623046875",
                "x_right": "2007.33203125",
                "y_down": "609.7301025390625",
                "score": "0",
                "text": ""
            }
        },
        {
            "3": {
                "type": "3",
                "x_left": "2012.33203125",
                "y_up": "560.6463623046875",
                "x_right": "2370.19775390625",
                "y_down": "609.7301025390625",
                "score": "0.08524151146411896",
                "text": ""
            }
        }
    ],
    "3": [
        {
            "0": {
                "type": "-2",
                "x_left": "-1",
                "y_up": "609.3300170898438",
                "x_right": "1237.57373046875",
                "y_down": "655.6882934570312",
                "score": "0",
                "text": ""
            }
        },
        {
            "1": {
                "type": "-2",
                "x_left": "1242.57373046875",
                "y_up": "609.3300170898438",
                "x_right": "1620.31201171875",
                "y_down": "655.6882934570312",
                "score": "0",
                "text": "2,018"
            }
        },
        {
            "2": {
                "type": "-2",
                "x_left": "1625.31201171875",
                "y_up": "609.3300170898438",
                "x_right": "2146.184814453125",
                "y_down": "655.6882934570312",
                "score": "0",
                "text": ""
            }
        },
        {
            "3": {
                "type": "2",
                "x_left": "2151.184814453125",
                "y_up": "609.3300170898438",
                "x_right": "2241.8193359375",
                "y_down": "655.6882934570312",
                "score": "0.32592684030532837",
                "text": "606"
            }
        }
    ],
    "4": [
        {
            "0": {
                "type": "-1",
                "x_left": "-1",
                "y_up": "-1",
                "x_right": "-1",
                "y_down": "-1",
                "score": "-1",
                "text": ""
            }
        },
        {
            "1": {
                "type": "3",
                "x_left": "1242.57373046875",
                "y_up": "608.6979370117188",
                "x_right": "1356.46533203125",
                "y_down": "653.860107421875",
                "score": "0.07328004390001297",
                "text": "2,018"
            }
        },
        {
            "2": {
                "type": "3",
                "x_left": "1625.31201171875",
                "y_up": "607.5416259765625",
                "x_right": "1822.116455078125",
                "y_down": "655.888427734375",
                "score": "0.0789957121014595",
                "text": ""
            }
        },
        {
            "3": {
                "type": "3",
                "x_left": "2151.184814453125",
                "y_up": "609.3300170898438",
                "x_right": "2241.8193359375",
                "y_down": "655.6882934570312",
                "score": "0.09020312875509262",
                "text": "606"
            }
        }
    ],
    "5": [
        {
            "0": {
                "type": "1",
                "x_left": "137.48800659179688",
                "y_up": "713.2962036132812",
                "x_right": "283.4827575683594",
                "y_down": "760.8923950195312",
                "score": "0.9417215585708618",
                "text": "Assets"
            }
        },
        {
            "1": {
                "type": "-2",
                "x_left": "288.4827575683594",
                "y_up": "713.2962036132812",
                "x_right": "1356.46533203125",
                "y_down": "760.8923950195312",
                "score": "0",
                "text": ""
            }
        },
        {
            "2": {
                "type": "-2",
                "x_left": "1361.46533203125",
                "y_up": "713.2962036132812",
                "x_right": "1822.116455078125",
                "y_down": "760.8923950195312",
                "score": "0",
                "text": ""
            }
        },
        {
            "3": {
                "type": "-2",
                "x_left": "1827.116455078125",
                "y_up": "713.2962036132812",
                "x_right": "2241.8193359375",
                "y_down": "760.8923950195312",
                "score": "0",
                "text": ""
            }
        }
    ],
    "6": [
        {
            "0": {
                "type": "1",
                "x_left": "132.83309936523438",
                "y_up": "761.5148315429688",
                "x_right": "435.16888427734375",
                "y_down": "808.0319213867188",
                "score": "0.965107262134552",
                "text": "Current assets:"
            }
        },
        {
            "1": {
                "type": "-2",
                "x_left": "440.16888427734375",
                "y_up": "761.5148315429688",
                "x_right": "1356.46533203125",
                "y_down": "808.0319213867188",
                "score": "0",
                "text": ""
            }
        },
        {
            "2": {
                "type": "-2",
                "x_left": "1361.46533203125",
                "y_up": "761.5148315429688",
                "x_right": "1822.116455078125",
                "y_down": "808.0319213867188",
                "score": "0",
                "text": ""
            }
        },
        {
            "3": {
                "type": "-2",
                "x_left": "1827.116455078125",
                "y_up": "761.5148315429688",
                "x_right": "2241.8193359375",
                "y_down": "808.0319213867188",
                "score": "0",
                "text": ""
            }
        }
    ],
    "7": [
        {
            "0": {
                "type": "1",
                "x_left": "133.1630096435547",
                "y_up": "806.6187133789062",
                "x_right": "648.8657836914062",
                "y_down": "855.2902221679688",
                "score": "0.9794617295265198",
                "text": "Cash and cash equivalents"
            }
        },
        {
            "1": {
                "type": "3",
                "x_left": "1276.1766357421875",
                "y_up": "801.4662475585938",
                "x_right": "1474.1397705078125",
                "y_down": "855.792236328125",
                "score": "0.9188175797462463",
                "text": "$197,755"
            }
        },
        {
            "2": {
                "type": "-2",
                "x_left": "1625.31201171875",
                "y_up": "801.3843383789062",
                "x_right": "2196.837646484375",
                "y_down": "856.1554565429688",
                "score": "0",
                "text": ""
            }
        },
        {
            "3": {
                "type": "3",
                "x_left": "2201.837646484375",
                "y_up": "801.3843383789062",
                "x_right": "2400.461181640625",
                "y_down": "856.1554565429688",
                "score": "0.9307010769844055",
                "text": "$197,755"
            }
        }
    ],
    "8": [
        {
            "0": {
                "type": "1",
                "x_left": "136.75193786621094",
                "y_up": "855.8692626953125",
                "x_right": "591.7828979492188",
                "y_down": "901.5902709960938",
                "score": "0.9780340790748596",
                "text": "Accounts receivable, net"
            }
        },
        {
            "1": {
                "type": "3",
                "x_left": "1299.6827392578125",
                "y_up": "854.9271850585938",
                "x_right": "1473.034912109375",
                "y_down": "901.39990234375",
                "score": "0.9781714081764221",
                "text": "223,176"
            }
        },
        {
            "2": {
                "type": "3",
                "x_left": "1798.47119140625",
                "y_up": "853.361572265625",
                "x_right": "1926.5489501953125",
                "y_down": "901.5974731445312",
                "score": "0.9573167562484741",
                "text": "5,578"
            }
        },
        {
            "3": {
                "type": "3",
                "x_left": "2222.5751953125",
                "y_up": "855.585693359375",
                "x_right": "2398.2939453125",
                "y_down": "905.6538696289062",
                "score": "0.960487961769104",
                "text": "228,754"
            }
        }
    ],
    "9": [
        {
            "0": {
                "type": "1",
                "x_left": "135.79344177246094",
                "y_up": "903.5589599609375",
                "x_right": "442.425048828125",
                "y_down": "950.0616455078125",
                "score": "0.9682051539421082",
                "text": "Contract assets"
            }
        },
        {
            "1": {
                "type": "3",
                "x_left": "1320.613037109375",
                "y_up": "901.8655395507812",
                "x_right": "1468.07421875",
                "y_down": "946.798095703125",
                "score": "0.9777259230613708",
                "text": "57,447"
            }
        },
        {
            "2": {
                "type": "3",
                "x_left": "1763.0872802734375",
                "y_up": "901.1920166015625",
                "x_right": "1942.107421875",
                "y_down": "948.8285522460938",
                "score": "0.9645780324935913",
                "text": "(57,447)"
            }
        },
        {
            "3": {
                "type": "-2",
                "x_left": "1947.107421875",
                "y_up": "901.1920166015625",
                "x_right": "2241.8193359375",
                "y_down": "950.0616455078125",
                "score": "0",
                "text": ""
            }
        }
    ],
    "10": [
        {
            "0": {
                "type": "1",
                "x_left": "133.6329345703125",
                "y_up": "950.4248657226562",
                "x_right": "354.1990966796875",
                "y_down": "995.5834350585938",
                "score": "0.9474877119064331",
                "text": "Inventories"
            }
        },
        {
            "1": {
                "type": "3",
                "x_left": "1322.3944091796875",
                "y_up": "948.1922607421875",
                "x_right": "1469.7054443359375",
                "y_down": "994.3677368164062",
                "score": "0.980021059513092",
                "text": "85,904"
            }
        },
        {
            "2": {
                "type": "3",
                "x_left": "1778.434326171875",
                "y_up": "948.3798217773438",
                "x_right": "1927.6549072265625",
                "y_down": "997.5145263671875",
                "score": "0.965846061706543",
                "text": "42,701"
            }
        },
        {
            "3": {
                "type": "3",
                "x_left": "2231.697021484375",
                "y_up": "945.4823608398438",
                "x_right": "2398.118896484375",
                "y_down": "997.2965087890625",
                "score": "0.9778295159339905",
                "text": "128,605"
            }
        }
    ],
    "11": [
        {
            "0": {
                "type": "1",
                "x_left": "138.1649169921875",
                "y_up": "995.985595703125",
                "x_right": "827.5850219726562",
                "y_down": "1042.5311279296875",
                "score": "0.8614120483398438",
                "text": "Income taxes prepaid and receivable"
            }
        },
        {
            "1": {
                "type": "3",
                "x_left": "1339.310791015625",
                "y_up": "996.2442626953125",
                "x_right": "1468.40087890625",
                "y_down": "1039.5443115234375",
                "score": "0.9784407615661621",
                "text": "7,473"
            }
        },
        {
            "2": {
                "type": "-2",
                "x_left": "1625.31201171875",
                "y_up": "995.985595703125",
                "x_right": "2262.2158203125",
                "y_down": "1042.5311279296875",
                "score": "0",
                "text": ""
            }
        },
        {
            "3": {
                "type": "3",
                "x_left": "2267.2158203125",
                "y_up": "996.8057250976562",
                "x_right": "2394.354736328125",
                "y_down": "1040.324462890625",
                "score": "0.9746604561805725",
                "text": "7,473"
            }
        }
    ],
    "12": [
        {
            "0": {
                "type": "1",
                "x_left": "133.91915893554688",
                "y_up": "1042.1427001953125",
                "x_right": "954.367919921875",
                "y_down": "1090.0599365234375",
                "score": "0.9241726398468018",
                "text": "Prepaid expenses and other current assets"
            }
        },
        {
            "1": {
                "type": "3",
                "x_left": "1320.063232421875",
                "y_up": "1041.3756103515625",
                "x_right": "1469.3426513671875",
                "y_down": "1087.362060546875",
                "score": "0.9801756739616394",
                "text": "21,294"
            }
        },
        {
            "2": {
                "type": "-2",
                "x_left": "1625.31201171875",
                "y_up": "1041.3756103515625",
                "x_right": "2244.138427734375",
                "y_down": "1090.0599365234375",
                "score": "0",
                "text": ""
            }
        },
        {
            "3": {
                "type": "3",
                "x_left": "2249.138427734375",
                "y_up": "1042.0474853515625",
                "x_right": "2397.767333984375",
                "y_down": "1088.975830078125",
                "score": "0.9749937057495117",
                "text": "21,294"
            }
        }
    ],
    "13": [
        {
            "0": {
                "type": "1",
                "x_left": "179.86293029785156",
                "y_up": "1093.6868896484375",
                "x_right": "569.006103515625",
                "y_down": "1146.5389404296875",
                "score": "0.8934640288352966",
                "text": "Total current assets"
            }
        },
        {
            "1": {
                "type": "3",
                "x_left": "1302.4267578125",
                "y_up": "1092.9349365234375",
                "x_right": "1470.3707275390625",
                "y_down": "1141.7479248046875",
                "score": "0.9850652813911438",
                "text": "593,049"
            }
        },
        {
            "2": {
                "type": "3",
                "x_left": "1791.190673828125",
                "y_up": "1093.2520751953125",
                "x_right": "1941.1712646484375",
                "y_down": "1145.1297607421875",
                "score": "0.975524365901947",
                "text": "(9,168)"
            }
        },
        {
            "3": {
                "type": "3",
                "x_left": "2230.154296875",
                "y_up": "1093.460693359375",
                "x_right": "2395.9091796875",
                "y_down": "1142.8465576171875",
                "score": "0.9817740321159363",
                "text": "583,881"
            }
        }
    ],
    "14": [
        {
            "0": {
                "type": "1",
                "x_left": "130.75648498535156",
                "y_up": "1183.797607421875",
                "x_right": "786.847900390625",
                "y_down": "1236.3135986328125",
                "score": "0.9234219789505005",
                "text": "Property, plant and equipment, net"
            }
        },
        {
            "1": {
                "type": "3",
                "x_left": "1302.113037109375",
                "y_up": "1180.39013671875",
                "x_right": "1471.82666015625",
                "y_down": "1232.64990234375",
                "score": "0.9809030294418335",
                "text": "462,055"
            }
        },
        {
            "2": {
                "type": "-2",
                "x_left": "1625.31201171875",
                "y_up": "1180.38671875",
                "x_right": "2223.016845703125",
                "y_down": "1236.3135986328125",
                "score": "0",
                "text": ""
            }
        },
        {
            "3": {
                "type": "3",
                "x_left": "2228.016845703125",
                "y_up": "1180.38671875",
                "x_right": "2399.2177734375",
                "y_down": "1232.4642333984375",
                "score": "0.98185133934021",
                "text": "462,055"
            }
        }
    ],
    "15": [
        {
            "0": {
                "type": "1",
                "x_left": "134.79171752929688",
                "y_up": "1235.7088623046875",
                "x_right": "455.69610595703125",
                "y_down": "1280.5484619140625",
                "score": "0.8293984532356262",
                "text": "Intangibles, net"
            }
        },
        {
            "1": {
                "type": "3",
                "x_left": "1321.99169921875",
                "y_up": "1232.168701171875",
                "x_right": "1470.6856689453125",
                "y_down": "1277.705810546875",
                "score": "0.9810056686401367",
                "text": "49,206"
            }
        },
        {
            "2": {
                "type": "-2",
                "x_left": "1625.31201171875",
                "y_up": "1232.168701171875",
                "x_right": "2244.1748046875",
                "y_down": "1280.5484619140625",
                "score": "0",
                "text": ""
            }
        },
        {
            "3": {
                "type": "3",
                "x_left": "2249.1748046875",
                "y_up": "1234.172119140625",
                "x_right": "2395.59423828125",
                "y_down": "1280.327880859375",
                "score": "0.9783535599708557",
                "text": "49 206"
            }
        }
    ],
    "16": [
        {
            "0": {
                "type": "1",
                "x_left": "137.66168212890625",
                "y_up": "1282.1397705078125",
                "x_right": "311.89239501953125",
                "y_down": "1325.6929931640625",
                "score": "0.9357167482376099",
                "text": "Goodwill"
            }
        },
        {
            "1": {
                "type": "3",
                "x_left": "1301.347412109375",
                "y_up": "1278.6295166015625",
                "x_right": "1471.2701416015625",
                "y_down": "1325.9674072265625",
                "score": "0.9822174906730652",
                "text": "164,382"
            }
        },
        {
            "2": {
                "type": "-2",
                "x_left": "1625.31201171875",
                "y_up": "1278.6295166015625",
                "x_right": "2226.6533203125",
                "y_down": "1326.1998291015625",
                "score": "0",
                "text": ""
            }
        },
        {
            "3": {
                "type": "3",
                "x_left": "2231.6533203125",
                "y_up": "1278.9102783203125",
                "x_right": "2397.675537109375",
                "y_down": "1326.1998291015625",
                "score": "0.9819431900978088",
                "text": "164,382"
            }
        }
    ],
    "17": [
        {
            "0": {
                "type": "1",
                "x_left": "135.86073303222656",
                "y_up": "1324.9609375",
                "x_right": "568.2573852539062",
                "y_down": "1374.192138671875",
                "score": "0.965840756893158",
                "text": "Deferred income taxes"
            }
        },
        {
            "1": {
                "type": "3",
                "x_left": "1321.1171875",
                "y_up": "1327.260498046875",
                "x_right": "1470.9090576171875",
                "y_down": "1372.4588623046875",
                "score": "0.9844081997871399",
                "text": "62,622"
            }
        },
        {
            "2": {
                "type": "3",
                "x_left": "1789.846923828125",
                "y_up": "1324.6357421875",
                "x_right": "1941.37109375",
                "y_down": "1379.2708740234375",
                "score": "0.9752463698387146",
                "text": "(2,012)"
            }
        },
        {
            "3": {
                "type": "3",
                "x_left": "2248.7421875",
                "y_up": "1327.7646484375",
                "x_right": "2399.729736328125",
                "y_down": "1373.4952392578125",
                "score": "0.982862651348114",
                "text": "60,610"
            }
        }
    ],
    "18": [
        {
            "0": {
                "type": "1",
                "x_left": "133.50135803222656",
                "y_up": "1374.7977294921875",
                "x_right": "574.544189453125",
                "y_down": "1422.3748779296875",
                "score": "0.9679479598999023",
                "text": "Noncurrent receivables"
            }
        },
        {
            "1": {
                "type": "3",
                "x_left": "1323.6766357421875",
                "y_up": "1373.79736328125",
                "x_right": "1469.9156494140625",
                "y_down": "1418.60302734375",
                "score": "0.982008695602417",
                "text": "45,061"
            }
        },
        {
            "2": {
                "type": "-2",
                "x_left": "1625.31201171875",
                "y_up": "1373.79736328125",
                "x_right": "2246.6591796875",
                "y_down": "1422.3748779296875",
                "score": "0",
                "text": ""
            }
        },
        {
            "3": {
                "type": "3",
                "x_left": "2251.6591796875",
                "y_up": "1375.203369140625",
                "x_right": "2396.630859375",
                "y_down": "1421.0516357421875",
                "score": "0.9736589193344116",
                "text": "45,061"
            }
        }
    ],
    "19": [
        {
            "0": {
                "type": "1",
                "x_left": "136.67437744140625",
                "y_up": "1424.838623046875",
                "x_right": "385.03424072265625",
                "y_down": "1469.3782958984375",
                "score": "0.9676675200462341",
                "text": "Other assets"
            }
        },
        {
            "1": {
                "type": "3",
                "x_left": "1320.1905517578125",
                "y_up": "1419.7000732421875",
                "x_right": "1465.920166015625",
                "y_down": "1467.229736328125",
                "score": "0.9736267924308777",
                "text": "41,617"
            }
        },
        {
            "2": {
                "type": "3",
                "x_left": "1785.6776123046875",
                "y_up": "1419.00537109375",
                "x_right": "1938.6456298828125",
                "y_down": "1470.25341796875",
                "score": "0.9766825437545776",
                "text": "(1,256)"
            }
        },
        {
            "3": {
                "type": "3",
                "x_left": "2250.530517578125",
                "y_up": "1420.7359619140625",
                "x_right": "2397.14697265625",
                "y_down": "1468.056884765625",
                "score": "0.9412311911582947",
                "text": "40,361"
            }
        }
    ],
    "20": [
        {
            "0": {
                "type": "1",
                "x_left": "183.7667999267578",
                "y_up": "1470.7083740234375",
                "x_right": "423.7043151855469",
                "y_down": "1518.2261962890625",
                "score": "0.9334356784820557",
                "text": "Total assets"
            }
        },
        {
            "1": {
                "type": "3",
                "x_left": "1240.250732421875",
                "y_up": "1468.28076171875",
                "x_right": "1469.8038330078125",
                "y_down": "1519.002685546875",
                "score": "0.9775978922843933",
                "text": "$1,417,992"
            }
        },
        {
            "2": {
                "type": "3",
                "x_left": "1739.8131103515625",
                "y_up": "1470.0673828125",
                "x_right": "1940.08544921875",
                "y_down": "1519.927001953125",
                "score": "0.9795441031455994",
                "text": "$(12,436)"
            }
        },
        {
            "3": {
                "type": "3",
                "x_left": "2168.92138671875",
                "y_up": "1468.7330322265625",
                "x_right": "2400.65576171875",
                "y_down": "1519.752685546875",
                "score": "0.9511143565177917",
                "text": "$1,405,556"
            }
        }
    ],
    "21": [
        {
            "0": {
                "type": "1",
                "x_left": "132.07437133789062",
                "y_up": "1564.8377685546875",
                "x_right": "337.5693359375",
                "y_down": "1615.0496826171875",
                "score": "0.948830246925354",
                "text": "Liabilities"
            }
        },
        {
            "1": {
                "type": "-2",
                "x_left": "342.5693359375",
                "y_up": "1564.8377685546875",
                "x_right": "1356.46533203125",
                "y_down": "1615.0496826171875",
                "score": "0",
                "text": ""
            }
        },
        {
            "2": {
                "type": "-2",
                "x_left": "1361.46533203125",
                "y_up": "1564.8377685546875",
                "x_right": "1822.116455078125",
                "y_down": "1615.0496826171875",
                "score": "0",
                "text": ""
            }
        },
        {
            "3": {
                "type": "-2",
                "x_left": "1827.116455078125",
                "y_up": "1564.8377685546875",
                "x_right": "2241.8193359375",
                "y_down": "1615.0496826171875",
                "score": "0",
                "text": ""
            }
        }
    ],
    "22": [
        {
            "0": {
                "type": "1",
                "x_left": "136.66720581054688",
                "y_up": "1614.6566162109375",
                "x_right": "478.91845703125",
                "y_down": "1662.158935546875",
                "score": "0.9067036509513855",
                "text": "Current liabilities:"
            }
        },
        {
            "1": {
                "type": "-2",
                "x_left": "483.91845703125",
                "y_up": "1614.6566162109375",
                "x_right": "1356.46533203125",
                "y_down": "1662.158935546875",
                "score": "0",
                "text": ""
            }
        },
        {
            "2": {
                "type": "-2",
                "x_left": "1361.46533203125",
                "y_up": "1614.6566162109375",
                "x_right": "1822.116455078125",
                "y_down": "1662.158935546875",
                "score": "0",
                "text": ""
            }
        },
        {
            "3": {
                "type": "-2",
                "x_left": "1827.116455078125",
                "y_up": "1614.6566162109375",
                "x_right": "2241.8193359375",
                "y_down": "1662.158935546875",
                "score": "0",
                "text": ""
            }
        }
    ],
    "23": [
        {
            "0": {
                "type": "1",
                "x_left": "136.31837463378906",
                "y_up": "1661.63427734375",
                "x_right": "609.1087036132812",
                "y_down": "1708.745849609375",
                "score": "0.965731680393219",
                "text": "Notes and loans payable"
            }
        },
        {
            "1": {
                "type": "-2",
                "x_left": "614.1087036132812",
                "y_up": "1661.63427734375",
                "x_right": "1356.46533203125",
                "y_down": "1708.745849609375",
                "score": "0",
                "text": ""
            }
        },
        {
            "2": {
                "type": "-2",
                "x_left": "1361.46533203125",
                "y_up": "1661.63427734375",
                "x_right": "1822.116455078125",
                "y_down": "1708.745849609375",
                "score": "0",
                "text": ""
            }
        },
        {
            "3": {
                "type": "-2",
                "x_left": "1827.116455078125",
                "y_up": "1661.63427734375",
                "x_right": "2241.8193359375",
                "y_down": "1708.745849609375",
                "score": "0",
                "text": ""
            }
        }
    ],
    "24": [
        {
            "0": {
                "type": "1",
                "x_left": "135.24581909179688",
                "y_up": "1661.7764892578125",
                "x_right": "501.3104248046875",
                "y_down": "1801.6533203125",
                "score": "0.057065706700086594",
                "text": ""
            }
        },
        {
            "1": {
                "type": "-2",
                "x_left": "506.3104248046875",
                "y_up": "1661.7764892578125",
                "x_right": "1356.46533203125",
                "y_down": "1801.6533203125",
                "score": "0",
                "text": ""
            }
        },
        {
            "2": {
                "type": "-2",
                "x_left": "1361.46533203125",
                "y_up": "1661.7764892578125",
                "x_right": "1822.116455078125",
                "y_down": "1801.6533203125",
                "score": "0",
                "text": ""
            }
        },
        {
            "3": {
                "type": "-2",
                "x_left": "1827.116455078125",
                "y_up": "1661.7764892578125",
                "x_right": "2241.8193359375",
                "y_down": "1801.6533203125",
                "score": "0",
                "text": ""
            }
        }
    ],
    "25": [
        {
            "0": {
                "type": "1",
                "x_left": "136.61624145507812",
                "y_up": "1709.7718505859375",
                "x_right": "483.4507141113281",
                "y_down": "1754.3458251953125",
                "score": "0.9412788152694702",
                "text": "Accounts pavable"
            }
        },
        {
            "1": {
                "type": "3",
                "x_left": "1318.17919921875",
                "y_up": "1705.2537841796875",
                "x_right": "1472.354248046875",
                "y_down": "1753.8648681640625",
                "score": "0.9766512513160706",
                "text": "52,246"
            }
        },
        {
            "2": {
                "type": "-2",
                "x_left": "1625.31201171875",
                "y_up": "1705.2537841796875",
                "x_right": "2243.06787109375",
                "y_down": "1754.3458251953125",
                "score": "0",
                "text": ""
            }
        },
        {
            "3": {
                "type": "3",
                "x_left": "2248.06787109375",
                "y_up": "1706.4019775390625",
                "x_right": "2400.31884765625",
                "y_down": "1753.5338134765625",
                "score": "0.9672858119010925",
                "text": "52 246"
            }
        }
    ],
    "26": [
        {
            "0": {
                "type": "1",
                "x_left": "133.66522216796875",
                "y_up": "1755.951416015625",
                "x_right": "472.5632019042969",
                "y_down": "1802.184814453125",
                "score": "0.9623900055885315",
                "text": "Accrued liabilities"
            }
        },
        {
            "1": {
                "type": "3",
                "x_left": "1301.01416015625",
                "y_up": "1754.66357421875",
                "x_right": "1472.198486328125",
                "y_down": "1801.093017578125",
                "score": "0.9845951795578003",
                "text": "129,030"
            }
        },
        {
            "2": {
                "type": "3",
                "x_left": "1761.999267578125",
                "y_up": "1751.7247314453125",
                "x_right": "1942.6385498046875",
                "y_down": "1808.57958984375",
                "score": "0.9616876244544983",
                "text": "(16,454)"
            }
        },
        {
            "3": {
                "type": "3",
                "x_left": "2230.17822265625",
                "y_up": "1755.915771484375",
                "x_right": "2398.151123046875",
                "y_down": "1802.5457763671875",
                "score": "0.9798747897148132",
                "text": "112,576"
            }
        }
    ],
    "27": [
        {
            "0": {
                "type": "1",
                "x_left": "129.17486572265625",
                "y_up": "1802.154541015625",
                "x_right": "814.7403564453125",
                "y_down": "1853.170654296875",
                "score": "0.8317264318466187",
                "text": "Current maturities of long-term debt"
            }
        },
        {
            "1": {
                "type": "3",
                "x_left": "1345.6038818359375",
                "y_up": "1803.021240234375",
                "x_right": "1466.962890625",
                "y_down": "1848.3380126953125",
                "score": "0.9794319272041321",
                "text": "1,224"
            }
        },
        {
            "2": {
                "type": "-2",
                "x_left": "1625.31201171875",
                "y_up": "1802.154541015625",
                "x_right": "2270.871826171875",
                "y_down": "1853.170654296875",
                "score": "0",
                "text": ""
            }
        },
        {
            "3": {
                "type": "3",
                "x_left": "2275.871826171875",
                "y_up": "1803.046875",
                "x_right": "2396.776123046875",
                "y_down": "1848.0386962890625",
                "score": "0.9760273098945618",
                "text": "1,224"
            }
        }
    ],
    "28": [
        {
            "0": {
                "type": "1",
                "x_left": "137.3190155029297",
                "y_up": "1850.6754150390625",
                "x_right": "570.0929565429688",
                "y_down": "1896.8988037109375",
                "score": "0.933243989944458",
                "text": "Income taxes payable"
            }
        },
        {
            "1": {
                "type": "3",
                "x_left": "1348.116943359375",
                "y_up": "1848.9976806640625",
                "x_right": "1471.2255859375",
                "y_down": "1894.347412109375",
                "score": "0.9803938865661621",
                "text": "6,806"
            }
        },
        {
            "2": {
                "type": "-2",
                "x_left": "1625.31201171875",
                "y_up": "1848.9976806640625",
                "x_right": "2269.102294921875",
                "y_down": "1896.8988037109375",
                "score": "0",
                "text": ""
            }
        },
        {
            "3": {
                "type": "3",
                "x_left": "2274.102294921875",
                "y_up": "1849.3240966796875",
                "x_right": "2399.85498046875",
                "y_down": "1896.5155029296875",
                "score": "0.9753908514976501",
                "text": "6,806"
            }
        }
    ],
    "29": [
        {
            "0": {
                "type": "1",
                "x_left": "179.8885498046875",
                "y_up": "1899.4249267578125",
                "x_right": "603.535888671875",
                "y_down": "1948.7999267578125",
                "score": "0.958396852016449",
                "text": "Total current liabilities"
            }
        },
        {
            "1": {
                "type": "3",
                "x_left": "1305.04638671875",
                "y_up": "1899.876708984375",
                "x_right": "1472.6097412109375",
                "y_down": "1949.25439453125",
                "score": "0.97651606798172",
                "text": "189,306"
            }
        },
        {
            "2": {
                "type": "3",
                "x_left": "1764.88720703125",
                "y_up": "1900.96240234375",
                "x_right": "1944.0272216796875",
                "y_down": "1953.98828125",
                "score": "0.972359299659729",
                "text": "(16,454)"
            }
        },
        {
            "3": {
                "type": "3",
                "x_left": "2232.429443359375",
                "y_up": "1901.46826171875",
                "x_right": "2397.402099609375",
                "y_down": "1950.57275390625",
                "score": "0.9716083407402039",
                "text": "172,852"
            }
        }
    ],
    "30": [
        {
            "0": {
                "type": "1",
                "x_left": "128.8321990966797",
                "y_up": "1990.165771484375",
                "x_right": "438.34027099609375",
                "y_down": "2041.504150390625",
                "score": "0.947685718536377",
                "text": "Long-term debt"
            }
        },
        {
            "1": {
                "type": "3",
                "x_left": "1300.3333740234375",
                "y_up": "1988.39013671875",
                "x_right": "1470.020751953125",
                "y_down": "2040.8868408203125",
                "score": "0.9836879968643188",
                "text": "523,707"
            }
        },
        {
            "2": {
                "type": "-2",
                "x_left": "1625.31201171875",
                "y_up": "1987.7637939453125",
                "x_right": "2222.42822265625",
                "y_down": "2041.504150390625",
                "score": "0",
                "text": ""
            }
        },
        {
            "3": {
                "type": "3",
                "x_left": "2227.42822265625",
                "y_up": "1987.7637939453125",
                "x_right": "2398.702880859375",
                "y_down": "2040.8299560546875",
                "score": "0.9782627820968628",
                "text": "523,707"
            }
        }
    ],
    "31": [
        {
            "0": {
                "type": "1",
                "x_left": "142.8887176513672",
                "y_up": "2040.1971435546875",
                "x_right": "634.2999267578125",
                "y_down": "2086.117431640625",
                "score": "0.9695623517036438",
                "text": "Other noncurrent liabilities"
            }
        },
        {
            "1": {
                "type": "3",
                "x_left": "1320.09228515625",
                "y_up": "2040.655517578125",
                "x_right": "1466.6878662109375",
                "y_down": "2086.4970703125",
                "score": "0.9849182963371277",
                "text": "88,277"
            }
        },
        {
            "2": {
                "type": "-2",
                "x_left": "1625.31201171875",
                "y_up": "2040.1971435546875",
                "x_right": "2241.063720703125",
                "y_down": "2086.755615234375",
                "score": "0",
                "text": ""
            }
        },
        {
            "3": {
                "type": "3",
                "x_left": "2246.063720703125",
                "y_up": "2041.2249755859375",
                "x_right": "2394.966796875",
                "y_down": "2086.755615234375",
                "score": "0.9772242307662964",
                "text": "88,277"
            }
        }
    ],
    "32": [
        {
            "0": {
                "type": "1",
                "x_left": "131.05715942382812",
                "y_up": "2087.001220703125",
                "x_right": "779.241943359375",
                "y_down": "2135.135009765625",
                "score": "0.9449509382247925",
                "text": "Deferred taxes and other liabilities"
            }
        },
        {
            "1": {
                "type": "3",
                "x_left": "1344.0740966796875",
                "y_up": "2088.263427734375",
                "x_right": "1470.15673828125",
                "y_down": "2132.6953125",
                "score": "0.9813730716705322",
                "text": "8,422"
            }
        },
        {
            "2": {
                "type": "3",
                "x_left": "1845.5882568359375",
                "y_up": "2087.42041015625",
                "x_right": "1940.821044921875",
                "y_down": "2136.287353515625",
                "score": "0.9518665075302124",
                "text": "(52)"
            }
        },
        {
            "3": {
                "type": "3",
                "x_left": "2268.378662109375",
                "y_up": "2088.31201171875",
                "x_right": "2398.225341796875",
                "y_down": "2134.48583984375",
                "score": "0.9665093421936035",
                "text": "8,370"
            }
        }
    ],
    "33": [
        {
            "0": {
                "type": "1",
                "x_left": "179.04039001464844",
                "y_up": "2137.489990234375",
                "x_right": "461.4051513671875",
                "y_down": "2185.575439453125",
                "score": "0.946717381477356",
                "text": "Total liabilities"
            }
        },
        {
            "1": {
                "type": "3",
                "x_left": "1298.60205078125",
                "y_up": "2134.810791015625",
                "x_right": "1470.8414306640625",
                "y_down": "2183.076171875",
                "score": "0.9783033728599548",
                "text": "809,712"
            }
        },
        {
            "2": {
                "type": "3",
                "x_left": "1763.467529296875",
                "y_up": "2136.883056640625",
                "x_right": "1940.9388427734375",
                "y_down": "2185.773193359375",
                "score": "0.9819289445877075",
                "text": "(16,506)"
            }
        },
        {
            "3": {
                "type": "3",
                "x_left": "2225.60791015625",
                "y_up": "2136.4638671875",
                "x_right": "2400.936767578125",
                "y_down": "2184.190673828125",
                "score": "0.968076765537262",
                "text": "793,206"
            }
        }
    ],
    "34": [
        {
            "0": {
                "type": "1",
                "x_left": "131.59231567382812",
                "y_up": "2228.46728515625",
                "x_right": "806.0114135742188",
                "y_down": "2287.49072265625",
                "score": "0.935438871383667",
                "text": "Commitments and Contingencies"
            }
        },
        {
            "1": {
                "type": "-2",
                "x_left": "811.0114135742188",
                "y_up": "2228.46728515625",
                "x_right": "1356.46533203125",
                "y_down": "2287.49072265625",
                "score": "0",
                "text": ""
            }
        },
        {
            "2": {
                "type": "-2",
                "x_left": "1361.46533203125",
                "y_up": "2228.46728515625",
                "x_right": "1822.116455078125",
                "y_down": "2287.49072265625",
                "score": "0",
                "text": ""
            }
        },
        {
            "3": {
                "type": "-2",
                "x_left": "1827.116455078125",
                "y_up": "2228.46728515625",
                "x_right": "2241.8193359375",
                "y_down": "2287.49072265625",
                "score": "0",
                "text": ""
            }
        }
    ],
    "35": [
        {
            "0": {
                "type": "1",
                "x_left": "129.79312133789062",
                "y_up": "2323.60595703125",
                "x_right": "577.6032104492188",
                "y_down": "2376.72509765625",
                "score": "0.8638660311698914",
                "text": "Shareholders' Equity"
            }
        },
        {
            "1": {
                "type": "-2",
                "x_left": "582.6032104492188",
                "y_up": "2323.60595703125",
                "x_right": "1356.46533203125",
                "y_down": "2376.72509765625",
                "score": "0",
                "text": ""
            }
        },
        {
            "2": {
                "type": "-2",
                "x_left": "1361.46533203125",
                "y_up": "2323.60595703125",
                "x_right": "1822.116455078125",
                "y_down": "2376.72509765625",
                "score": "0",
                "text": ""
            }
        },
        {
            "3": {
                "type": "-2",
                "x_left": "1827.116455078125",
                "y_up": "2323.60595703125",
                "x_right": "2241.8193359375",
                "y_down": "2376.72509765625",
                "score": "0",
                "text": ""
            }
        }
    ],
    "36": [
        {
            "0": {
                "type": "1",
                "x_left": "167.51710510253906",
                "y_up": "2421.5400390625",
                "x_right": "967.1065063476562",
                "y_down": "2470.627685546875",
                "score": "0.7687298059463501",
                "text": "Preferred stock, par value $5.00 per share: authorized 2,000,000 shares; none issued"
            }
        },
        {
            "1": {
                "type": "3",
                "x_left": "1424.562255859375",
                "y_up": "2424.869384765625",
                "x_right": "1483.8062744140625",
                "y_down": "2478.396484375",
                "score": "0.8455358743667603",
                "text": ""
            }
        },
        {
            "2": {
                "type": "3",
                "x_left": "1883.66015625",
                "y_up": "2427.453857421875",
                "x_right": "1943.43896484375",
                "y_down": "2479.3828125",
                "score": "0.8704615235328674",
                "text": ""
            }
        },
        {
            "3": {
                "type": "3",
                "x_left": "2352.472412109375",
                "y_up": "2427.385009765625",
                "x_right": "2413.038330078125",
                "y_down": "2479.73388671875",
                "score": "0.8424089550971985",
                "text": ""
            }
        }
    ],
    "37": [
        {
            "0": {
                "type": "1",
                "x_left": "148.41986083984375",
                "y_up": "2448.510986328125",
                "x_right": "1015.1557006835938",
                "y_down": "2556.736572265625",
                "score": "0.051021505147218704",
                "text": ""
            }
        },
        {
            "1": {
                "type": "-2",
                "x_left": "1020.1557006835938",
                "y_up": "2448.510986328125",
                "x_right": "1356.46533203125",
                "y_down": "2556.736572265625",
                "score": "0",
                "text": ""
            }
        },
        {
            "2": {
                "type": "-2",
                "x_left": "1361.46533203125",
                "y_up": "2448.510986328125",
                "x_right": "1822.116455078125",
                "y_down": "2556.736572265625",
                "score": "0",
                "text": ""
            }
        },
        {
            "3": {
                "type": "-2",
                "x_left": "1827.116455078125",
                "y_up": "2448.510986328125",
                "x_right": "2241.8193359375",
                "y_down": "2556.736572265625",
                "score": "0",
                "text": ""
            }
        }
    ],
    "38": [
        {
            "0": {
                "type": "1",
                "x_left": "174.1769561767578",
                "y_up": "2556.6923828125",
                "x_right": "1000.1144409179688",
                "y_down": "2610.711181640625",
                "score": "0.383586049079895",
                "text": "Class A Common Stock, par value $.001 per share; authorized 100,000,000 shares; issued 37,450,329 in 2018 and 37,395,753 in 2017"
            }
        },
        {
            "1": {
                "type": "3",
                "x_left": "1404.86181640625",
                "y_up": "2558.80029296875",
                "x_right": "1469.416259765625",
                "y_down": "2613.8525390625",
                "score": "0.9076749086380005",
                "text": "37"
            }
        },
        {
            "2": {
                "type": "3",
                "x_left": "1881.868896484375",
                "y_up": "2565.837890625",
                "x_right": "1945.256591796875",
                "y_down": "2619.22314453125",
                "score": "0.85946124792099",
                "text": ""
            }
        },
        {
            "3": {
                "type": "3",
                "x_left": "2332.3515625",
                "y_up": "2559.4609375",
                "x_right": "2397.72314453125",
                "y_down": "2613.1025390625",
                "score": "0.9149481654167175",
                "text": ""
            }
        }
    ],
    "39": [
        {
            "0": {
                "type": "1",
                "x_left": "173.1203155517578",
                "y_up": "2701.925048828125",
                "x_right": "1022.593017578125",
                "y_down": "2750.807861328125",
                "score": "0.7529944777488708",
                "text": "Class B Common Stock, par value $.001 per share: authorized 25.000.000 shares: issued and outstanding 3.233.998 in 2018 and 2017"
            }
        },
        {
            "1": {
                "type": "-2",
                "x_left": "1027.593017578125",
                "y_up": "2701.925048828125",
                "x_right": "1356.46533203125",
                "y_down": "2750.807861328125",
                "score": "0",
                "text": ""
            }
        },
        {
            "2": {
                "type": "-2",
                "x_left": "1361.46533203125",
                "y_up": "2701.925048828125",
                "x_right": "1822.116455078125",
                "y_down": "2750.807861328125",
                "score": "0",
                "text": "3"
            }
        },
        {
            "3": {
                "type": "-2",
                "x_left": "1827.116455078125",
                "y_up": "2701.925048828125",
                "x_right": "2241.8193359375",
                "y_down": "2750.807861328125",
                "score": "0",
                "text": ""
            }
        }
    ],
    "40": [
        {
            "0": {
                "type": "1",
                "x_left": "133.48602294921875",
                "y_up": "2750.928466796875",
                "x_right": "605.5144653320312",
                "y_down": "2798.67578125",
                "score": "0.9313440322875977",
                "text": "Additional paid-in capital"
            }
        },
        {
            "1": {
                "type": "3",
                "x_left": "1301.28271484375",
                "y_up": "2745.78076171875",
                "x_right": "1471.3958740234375",
                "y_down": "2798.2470703125",
                "score": "0.9681870937347412",
                "text": "430,555"
            }
        },
        {
            "2": {
                "type": "-2",
                "x_left": "1625.31201171875",
                "y_up": "2745.78076171875",
                "x_right": "2222.12353515625",
                "y_down": "2798.67578125",
                "score": "0",
                "text": ""
            }
        },
        {
            "3": {
                "type": "3",
                "x_left": "2227.12353515625",
                "y_up": "2746.7783203125",
                "x_right": "2396.137939453125",
                "y_down": "2798.222900390625",
                "score": "0.9639958739280701",
                "text": "430,555"
            }
        }
    ],
    "41": [
        {
            "0": {
                "type": "1",
                "x_left": "135.48486328125",
                "y_up": "2797.4150390625",
                "x_right": "489.29046630859375",
                "y_down": "2842.586181640625",
                "score": "0.8448125123977661",
                "text": "Retained earnings"
            }
        },
        {
            "1": {
                "type": "3",
                "x_left": "1298.1429443359375",
                "y_up": "2796.15673828125",
                "x_right": "1471.6302490234375",
                "y_down": "2846.4375",
                "score": "0.9771475195884705",
                "text": "589,645"
            }
        },
        {
            "2": {
                "type": "3",
                "x_left": "1801.110595703125",
                "y_up": "2792.670166015625",
                "x_right": "1927.302490234375",
                "y_down": "2847.751708984375",
                "score": "0.9605563879013062",
                "text": "3,297"
            }
        },
        {
            "3": {
                "type": "3",
                "x_left": "2227.48974609375",
                "y_up": "2796.342529296875",
                "x_right": "2397.223876953125",
                "y_down": "2846.320556640625",
                "score": "0.9782406091690063",
                "text": "592,942"
            }
        }
    ],
    "42": [
        {
            "0": {
                "type": "1",
                "x_left": "170.7340850830078",
                "y_up": "2893.689453125",
                "x_right": "343.3857727050781",
                "y_down": "2936.812255859375",
                "score": "0.767252504825592",
                "text": "Accumulated items of other comprehensive income:"
            }
        },
        {
            "1": {
                "type": "-2",
                "x_left": "348.3857727050781",
                "y_up": "2893.689453125",
                "x_right": "1356.46533203125",
                "y_down": "2936.812255859375",
                "score": "0",
                "text": ""
            }
        },
        {
            "2": {
                "type": "-2",
                "x_left": "1361.46533203125",
                "y_up": "2893.689453125",
                "x_right": "1822.116455078125",
                "y_down": "2936.812255859375",
                "score": "0",
                "text": ""
            }
        },
        {
            "3": {
                "type": "-2",
                "x_left": "1827.116455078125",
                "y_up": "2893.689453125",
                "x_right": "2241.8193359375",
                "y_down": "2936.812255859375",
                "score": "0",
                "text": ""
            }
        }
    ],
    "43": [
        {
            "0": {
                "type": "1",
                "x_left": "153.16552734375",
                "y_up": "2938.2001953125",
                "x_right": "614.5520629882812",
                "y_down": "2984.712646484375",
                "score": "0.7580870985984802",
                "text": "Translation adjustments"
            }
        },
        {
            "1": {
                "type": "3",
                "x_left": "1288.1827392578125",
                "y_up": "2933.072998046875",
                "x_right": "1484.0537109375",
                "y_down": "2987.956787109375",
                "score": "0.9572029709815979",
                "text": "(115,976)"
            }
        },
        {
            "2": {
                "type": "3",
                "x_left": "1837.291015625",
                "y_up": "2932.361572265625",
                "x_right": "1929.0234375",
                "y_down": "2987.29443359375",
                "score": "0.9386091232299805",
                "text": "575"
            }
        },
        {
            "3": {
                "type": "3",
                "x_left": "2218.36865234375",
                "y_up": "2933.43896484375",
                "x_right": "2413.28271484375",
                "y_down": "2988.6845703125",
                "score": "0.9559061527252197",
                "text": "(115,401)"
            }
        }
    ],
    "44": [
        {
            "0": {
                "type": "1",
                "x_left": "140.90440368652344",
                "y_up": "2983.277099609375",
                "x_right": "1068.9871826171875",
                "y_down": "3032.42333984375",
                "score": "0.6374598741531372",
                "text": "Pension and vostretirement liability adjustments"
            }
        },
        {
            "1": {
                "type": "3",
                "x_left": "1307.430419921875",
                "y_up": "2985.700927734375",
                "x_right": "1484.590576171875",
                "y_down": "3032.427490234375",
                "score": "0.9726340770721436",
                "text": "(47,109)"
            }
        },
        {
            "2": {
                "type": "-2",
                "x_left": "1625.31201171875",
                "y_up": "2983.277099609375",
                "x_right": "2233.097412109375",
                "y_down": "3032.992431640625",
                "score": "0",
                "text": ""
            }
        },
        {
            "3": {
                "type": "3",
                "x_left": "2238.097412109375",
                "y_up": "2986.70068359375",
                "x_right": "2414.30712890625",
                "y_down": "3032.992431640625",
                "score": "0.9688257575035095",
                "text": "(47,109)"
            }
        }
    ],
    "45": [
        {
            "0": {
                "type": "1",
                "x_left": "147.3900604248047",
                "y_up": "3032.066650390625",
                "x_right": "778.6201171875",
                "y_down": "3077.1826171875",
                "score": "0.7627615332603455",
                "text": "Derivative valuation adjustment"
            }
        },
        {
            "1": {
                "type": "3",
                "x_left": "1348.0484619140625",
                "y_up": "3032.64013671875",
                "x_right": "1470.047607421875",
                "y_down": "3080.889892578125",
                "score": "0.9631483554840088",
                "text": "4,697"
            }
        },
        {
            "2": {
                "type": "3",
                "x_left": "1882.835205078125",
                "y_up": "3034.40673828125",
                "x_right": "1941.0008544921875",
                "y_down": "3085.325927734375",
                "score": "0.8997510671615601",
                "text": ""
            }
        },
        {
            "3": {
                "type": "3",
                "x_left": "2278.960693359375",
                "y_up": "3032.58544921875",
                "x_right": "2397.897705078125",
                "y_down": "3081.31396484375",
                "score": "0.9475657343864441",
                "text": "4,697"
            }
        }
    ],
    "46": [
        {
            "0": {
                "type": "1",
                "x_left": "165.01498413085938",
                "y_up": "3125.28515625",
                "x_right": "1018.07763671875",
                "y_down": "3173.87109375",
                "score": "0.6043428182601929",
                "text": "Treasury stock (Class A), at cost; 8,418,620 shares in 2018 and 8,431,335 shares in 2017"
            }
        },
        {
            "1": {
                "type": "3",
                "x_left": "1286.908203125",
                "y_up": "3119.943115234375",
                "x_right": "1482.675048828125",
                "y_down": "3177.23681640625",
                "score": "0.9278966784477234",
                "text": "(256,603)"
            }
        },
        {
            "2": {
                "type": "-2",
                "x_left": "1625.31201171875",
                "y_up": "3000",
                "x_right": "2207.450439453125",
                "y_down": "3177.677490234375",
                "score": "0",
                "text": ""
            }
        },
        {
            "3": {
                "type": "3",
                "x_left": "2212.450439453125",
                "y_up": "3120.8544921875",
                "x_right": "2416.26318359375",
                "y_down": "3177.677490234375",
                "score": "0.9233006238937378",
                "text": "(256,603)"
            }
        }
    ],
    "47": [
        {
            "0": {
                "type": "1",
                "x_left": "211.28964233398438",
                "y_up": "109.60774230957031",
                "x_right": "895.8480834960938",
                "y_down": "161.21011352539062",
                "score": "0.912149965763092",
                "text": "Total Company shareholders' equity"
            }
        },
        {
            "1": {
                "type": "3",
                "x_left": "1298.96826171875",
                "y_up": "107.98746490478516",
                "x_right": "1473.5595703125",
                "y_down": "159.70835876464844",
                "score": "0.9752145409584045",
                "text": "605,249"
            }
        },
        {
            "2": {
                "type": "3",
                "x_left": "1799.128662109375",
                "y_up": "109.17445373535156",
                "x_right": "1926.0377197265625",
                "y_down": "160.57546997070312",
                "score": "0.9613808989524841",
                "text": "3,872"
            }
        },
        {
            "3": {
                "type": "3",
                "x_left": "2226.015869140625",
                "y_up": "108.35601043701172",
                "x_right": "2399.82275390625",
                "y_down": "160.9340057373047",
                "score": "0.9661902785301208",
                "text": "609,121"
            }
        }
    ],
    "48": [
        {
            "0": {
                "type": "1",
                "x_left": "127.81292724609375",
                "y_up": "159.81784057617188",
                "x_right": "573.3782348632812",
                "y_down": "207.5060577392578",
                "score": "0.9616026282310486",
                "text": "Noncontrolling interest"
            }
        },
        {
            "1": {
                "type": "3",
                "x_left": "1345.4942626953125",
                "y_up": "161.09649658203125",
                "x_right": "1466.47021484375",
                "y_down": "205.51654052734375",
                "score": "0.9641034007072449",
                "text": "3,031"
            }
        },
        {
            "2": {
                "type": "3",
                "x_left": "1839.93994140625",
                "y_up": "159.92977905273438",
                "x_right": "1925.447998046875",
                "y_down": "203.9832305908203",
                "score": "0.9194637537002563",
                "text": "198"
            }
        },
        {
            "3": {
                "type": "3",
                "x_left": "2271.445068359375",
                "y_up": "160.6810760498047",
                "x_right": "2398.283935546875",
                "y_down": "205.9461212158203",
                "score": "0.9581635594367981",
                "text": "3,229"
            }
        }
    ],
    "49": [
        {
            "0": {
                "type": "1",
                "x_left": "137.81809997558594",
                "y_up": "211.24758911132812",
                "x_right": "361.6567077636719",
                "y_down": "257.23187255859375",
                "score": "0.9214396476745605",
                "text": "Total Equity"
            }
        },
        {
            "1": {
                "type": "3",
                "x_left": "1300.934326171875",
                "y_up": "210.83152770996094",
                "x_right": "1470.0357666015625",
                "y_down": "258.11016845703125",
                "score": "0.9827498197555542",
                "text": "608,280"
            }
        },
        {
            "2": {
                "type": "3",
                "x_left": "1802.8353271484375",
                "y_up": "212.47300720214844",
                "x_right": "1926.429931640625",
                "y_down": "256.1743469238281",
                "score": "0.9737492203712463",
                "text": "4,070"
            }
        },
        {
            "3": {
                "type": "3",
                "x_left": "2227.552734375",
                "y_up": "212.56036376953125",
                "x_right": "2399.684326171875",
                "y_down": "256.7969665527344",
                "score": "0.9771968126296997",
                "text": "612,350"
            }
        }
    ],
    "50": [
        {
            "0": {
                "type": "1",
                "x_left": "215.91073608398438",
                "y_up": "261.2467956542969",
                "x_right": "968.7633056640625",
                "y_down": "309.953369140625",
                "score": "0.8421440720558167",
                "text": "Total liabilities and shareholders' equity"
            }
        },
        {
            "1": {
                "type": "3",
                "x_left": "1241.6815185546875",
                "y_up": "260.0556335449219",
                "x_right": "1470.3546142578125",
                "y_down": "308.46044921875",
                "score": "0.9827448725700378",
                "text": "$1,417,992"
            }
        },
        {
            "2": {
                "type": "3",
                "x_left": "1741.6971435546875",
                "y_up": "260.8442687988281",
                "x_right": "1940.3909912109375",
                "y_down": "309.7793273925781",
                "score": "0.9827677607536316",
                "text": "$(12,436)"
            }
        },
        {
            "3": {
                "type": "3",
                "x_left": "2169.26123046875",
                "y_up": "261.088623046875",
                "x_right": "2403.202392578125",
                "y_down": "310.61346435546875",
                "score": "0.9771440625190735",
                "text": "$1,405,556"
            }
        }
    ]
}