{
    "0": [
        {
            "0": {
                "type": "-2",
                "x_left": "1391.4361572265625",
                "y_up": "288.1235656738281",
                "x_right": "909.1300048828125",
                "y_down": "335.0435485839844",
                "score": "0",
                "text": ""
            }
        },
        {
            "1": {
                "type": "1",
                "x_left": "914.1300048828125",
                "y_up": "288.1235656738281",
                "x_right": "1628.66015625",
                "y_down": "335.0435485839844",
                "score": "0.8632608652114868",
                "text": "Consolidated Statement of Cash Flows"
            }
        },
        {
            "2": {
                "type": "-2",
                "x_left": "1633.66015625",
                "y_up": "288.1235656738281",
                "x_right": "1947.1883544921875",
                "y_down": "335.0435485839844",
                "score": "0",
                "text": ""
            }
        },
        {
            "3": {
                "type": "-2",
                "x_left": "1952.1883544921875",
                "y_up": "288.1235656738281",
                "x_right": "2333.827392578125",
                "y_down": "335.0435485839844",
                "score": "0",
                "text": ""
            }
        }
    ],
    "1": [
        {
            "0": {
                "type": "-2",
                "x_left": "1391.4361572265625",
                "y_up": "337.5745544433594",
                "x_right": "1119.1563720703125",
                "y_down": "383.7307434082031",
                "score": "0",
                "text": ""
            }
        },
        {
            "1": {
                "type": "1",
                "x_left": "1124.1563720703125",
                "y_up": "337.5745544433594",
                "x_right": "1403.822265625",
                "y_down": "383.7307434082031",
                "score": "0.9656352996826172",
                "text": "(in thousands)"
            }
        },
        {
            "2": {
                "type": "-2",
                "x_left": "1408.822265625",
                "y_up": "337.5745544433594",
                "x_right": "1947.1883544921875",
                "y_down": "383.7307434082031",
                "score": "0",
                "text": ""
            }
        },
        {
            "3": {
                "type": "-2",
                "x_left": "1952.1883544921875",
                "y_up": "337.5745544433594",
                "x_right": "2333.827392578125",
                "y_down": "383.7307434082031",
                "score": "0",
                "text": ""
            }
        }
    ],
    "2": [
        {
            "0": {
                "type": "-2",
                "x_left": "1391.4361572265625",
                "y_up": "474.7990417480469",
                "x_right": "1386.4361572265625",
                "y_down": "517.1175537109375",
                "score": "0",
                "text": ""
            }
        },
        {
            "1": {
                "type": "-2",
                "x_left": "1391.4361572265625",
                "y_up": "474.7990417480469",
                "x_right": "1749.7589111328125",
                "y_down": "517.1175537109375",
                "score": "0",
                "text": ""
            }
        },
        {
            "2": {
                "type": "-2",
                "x_left": "1754.7589111328125",
                "y_up": "474.7990417480469",
                "x_right": "2130.997802734375",
                "y_down": "517.1175537109375",
                "score": "0",
                "text": ""
            }
        },
        {
            "3": {
                "type": "2",
                "x_left": "2135.997802734375",
                "y_up": "474.7990417480469",
                "x_right": "2321.810791015625",
                "y_down": "517.1175537109375",
                "score": "0.05500929057598114",
                "text": "for Year"
            }
        }
    ],
    "3": [
        {
            "0": {
                "type": "2",
                "x_left": "1391.6168212890625",
                "y_up": "615.3345947265625",
                "x_right": "1577.9505615234375",
                "y_down": "659.025390625",
                "score": "0.08231694251298904",
                "text": "-1 31, 2018 to"
            }
        },
        {
            "1": {
                "type": "3",
                "x_left": "1391.6168212890625",
                "y_up": "615.3345947265625",
                "x_right": "1577.9505615234375",
                "y_down": "659.025390625",
                "score": "0.19350653886795044",
                "text": ""
            }
        },
        {
            "2": {
                "type": "2",
                "x_left": "1702.4649658203125",
                "y_up": "603.7626953125",
                "x_right": "1985.36376953125",
                "y_down": "702.6319580078125",
                "score": "0.264360636472702",
                "text": "es"
            }
        },
        {
            "3": {
                "type": "1",
                "x_left": "2110.550537109375",
                "y_up": "610.9632568359375",
                "x_right": "2351.2353515625",
                "y_down": "657.8829345703125",
                "score": "0.3862382471561432",
                "text": "31, 2018 to"
            }
        },
        {
            "4": {
                "type": "3",
                "x_left": "2110.550537109375",
                "y_up": "610.9632568359375",
                "x_right": "2351.2353515625",
                "y_down": "657.8829345703125",
                "score": "0.28001344203948975",
                "text": ""
            }
        }
    ],
    "4": [
        {
            "0": {
                "type": "1",
                "x_left": "1391.4361572265625",
                "y_up": "750.5971069335938",
                "x_right": "1580.6580810546875",
                "y_down": "799.191162109375",
                "score": "0.06050954386591911",
                "text": "-1 December adoption of 31, 2018"
            }
        },
        {
            "1": {
                "type": "3",
                "x_left": "1391.4361572265625",
                "y_up": "750.5971069335938",
                "x_right": "1580.6580810546875",
                "y_down": "799.191162109375",
                "score": "0.7069830298423767",
                "text": "31, 2,018"
            }
        },
        {
            "2": {
                "type": "3",
                "x_left": "1754.7589111328125",
                "y_up": "750.31298828125",
                "x_right": "1947.1883544921875",
                "y_down": "799.1453247070312",
                "score": "0.8172337412834167",
                "text": ""
            }
        },
        {
            "3": {
                "type": "3",
                "x_left": "2134.45263671875",
                "y_up": "750.7061157226562",
                "x_right": "2333.827392578125",
                "y_down": "799.5870361328125",
                "score": "0.5561270117759705",
                "text": ""
            }
        }
    ],
    "5": [
        {
            "0": {
                "type": "1",
                "x_left": "133.9672393798828",
                "y_up": "857.2644653320312",
                "x_right": "538.4456787109375",
                "y_down": "913.4508666992188",
                "score": "0.9628964066505432",
                "text": "Operating Activities"
            }
        },
        {
            "1": {
                "type": "-2",
                "x_left": "543.4456787109375",
                "y_up": "857.2644653320312",
                "x_right": "1580.6580810546875",
                "y_down": "913.4508666992188",
                "score": "0",
                "text": ""
            }
        },
        {
            "2": {
                "type": "-2",
                "x_left": "1585.6580810546875",
                "y_up": "857.2644653320312",
                "x_right": "1947.1883544921875",
                "y_down": "913.4508666992188",
                "score": "0",
                "text": ""
            }
        },
        {
            "3": {
                "type": "-2",
                "x_left": "1952.1883544921875",
                "y_up": "857.2644653320312",
                "x_right": "2333.827392578125",
                "y_down": "913.4508666992188",
                "score": "0",
                "text": ""
            }
        }
    ],
    "6": [
        {
            "0": {
                "type": "1",
                "x_left": "133.0128631591797",
                "y_up": "913.834716796875",
                "x_right": "363.0364074707031",
                "y_down": "958.1436767578125",
                "score": "0.9417685866355896",
                "text": "Net income"
            }
        },
        {
            "1": {
                "type": "3",
                "x_left": "1462.1990966796875",
                "y_up": "906.0001220703125",
                "x_right": "1635.29833984375",
                "y_down": "961.8858032226562",
                "score": "0.9647638201713562",
                "text": "$83,019"
            }
        },
        {
            "2": {
                "type": "3",
                "x_left": "1856.6348876953125",
                "y_up": "907.6851196289062",
                "x_right": "2034.255859375",
                "y_down": "964.6666259765625",
                "score": "0.9338311553001404",
                "text": "$(2,448)"
            }
        },
        {
            "3": {
                "type": "3",
                "x_left": "2224.586181640625",
                "y_up": "904.9868774414062",
                "x_right": "2398.22509765625",
                "y_down": "962.5173950195312",
                "score": "0.9248223900794983",
                "text": "$80,571"
            }
        }
    ],
    "7": [
        {
            "0": {
                "type": "1",
                "x_left": "137.17959594726562",
                "y_up": "1005.999755859375",
                "x_right": "513.7672119140625",
                "y_down": "1050.9066162109375",
                "score": "0.8747400045394897",
                "text": "Adjustments to reconcile net income to net cash provided b' operating activities:"
            }
        },
        {
            "1": {
                "type": "-2",
                "x_left": "518.7672119140625",
                "y_up": "1005.999755859375",
                "x_right": "1580.6580810546875",
                "y_down": "1050.9066162109375",
                "score": "0",
                "text": ""
            }
        },
        {
            "2": {
                "type": "-2",
                "x_left": "1585.6580810546875",
                "y_up": "1005.999755859375",
                "x_right": "1947.1883544921875",
                "y_down": "1050.9066162109375",
                "score": "0",
                "text": ""
            }
        },
        {
            "3": {
                "type": "-2",
                "x_left": "1952.1883544921875",
                "y_up": "1005.999755859375",
                "x_right": "2333.827392578125",
                "y_down": "1050.9066162109375",
                "score": "0",
                "text": ""
            }
        }
    ],
    "8": [
        {
            "0": {
                "type": "1",
                "x_left": "173.27110290527344",
                "y_up": "1054.820556640625",
                "x_right": "426.85552978515625",
                "y_down": "1100.0242919921875",
                "score": "0.9574977159500122",
                "text": "Depreciation"
            }
        },
        {
            "1": {
                "type": "3",
                "x_left": "1487.965087890625",
                "y_up": "1047.4866943359375",
                "x_right": "1635.013916015625",
                "y_down": "1099.400146484375",
                "score": "0.9796935319900513",
                "text": "68,800"
            }
        },
        {
            "2": {
                "type": "-2",
                "x_left": "1754.7589111328125",
                "y_up": "1047.4866943359375",
                "x_right": "2247.813720703125",
                "y_down": "1100.0242919921875",
                "score": "0",
                "text": ""
            }
        },
        {
            "3": {
                "type": "3",
                "x_left": "2252.813720703125",
                "y_up": "1047.4903564453125",
                "x_right": "2398.642822265625",
                "y_down": "1099.9481201171875",
                "score": "0.972291111946106",
                "text": "68,800"
            }
        }
    ],
    "9": [
        {
            "0": {
                "type": "1",
                "x_left": "174.57957458496094",
                "y_up": "1099.7156982421875",
                "x_right": "425.1113586425781",
                "y_down": "1145.569580078125",
                "score": "0.940484881401062",
                "text": "Amortization"
            }
        },
        {
            "1": {
                "type": "3",
                "x_left": "1488.9527587890625",
                "y_up": "1098.767822265625",
                "x_right": "1634.7115478515625",
                "y_down": "1146.175048828125",
                "score": "0.9825745224952698",
                "text": "10,236"
            }
        },
        {
            "2": {
                "type": "-2",
                "x_left": "1754.7589111328125",
                "y_up": "1098.767822265625",
                "x_right": "2249.479248046875",
                "y_down": "1146.5216064453125",
                "score": "0",
                "text": ""
            }
        },
        {
            "3": {
                "type": "3",
                "x_left": "2254.479248046875",
                "y_up": "1100.2994384765625",
                "x_right": "2398.29296875",
                "y_down": "1146.5216064453125",
                "score": "0.9797043800354004",
                "text": "10,236"
            }
        }
    ],
    "10": [
        {
            "0": {
                "type": "1",
                "x_left": "191.55487060546875",
                "y_up": "1144.467529296875",
                "x_right": "863.9041748046875",
                "y_down": "1193.818359375",
                "score": "0.8627645373344421",
                "text": "Change in other noncurrent liabilities"
            }
        },
        {
            "1": {
                "type": "3",
                "x_left": "1495.4818115234375",
                "y_up": "1146.5025634765625",
                "x_right": "1646.565673828125",
                "y_down": "1192.4306640625",
                "score": "0.9842414259910583",
                "text": "(5,479)"
            }
        },
        {
            "2": {
                "type": "-2",
                "x_left": "1754.7589111328125",
                "y_up": "1144.467529296875",
                "x_right": "2256.871337890625",
                "y_down": "1193.818359375",
                "score": "0",
                "text": ""
            }
        },
        {
            "3": {
                "type": "3",
                "x_left": "2261.871337890625",
                "y_up": "1147.5546875",
                "x_right": "2411.985595703125",
                "y_down": "1193.092041015625",
                "score": "0.9814992547035217",
                "text": "(5,479)"
            }
        }
    ],
    "11": [
        {
            "0": {
                "type": "1",
                "x_left": "187.27870178222656",
                "y_up": "1192.73828125",
                "x_right": "1019.405029296875",
                "y_down": "1243.4354248046875",
                "score": "0.636932373046875",
                "text": "Change in deferred taxes and other liabilities"
            }
        },
        {
            "1": {
                "type": "3",
                "x_left": "1508.737548828125",
                "y_up": "1192.52490234375",
                "x_right": "1636.2315673828125",
                "y_down": "1238.59375",
                "score": "0.9728013277053833",
                "text": "8,972"
            }
        },
        {
            "2": {
                "type": "3",
                "x_left": "1914.888671875",
                "y_up": "1193.0416259765625",
                "x_right": "2034.1326904296875",
                "y_down": "1244.9365234375",
                "score": "0.9568102359771729",
                "text": "(877)"
            }
        },
        {
            "3": {
                "type": "3",
                "x_left": "2272.40771484375",
                "y_up": "1193.7012939453125",
                "x_right": "2396.899169921875",
                "y_down": "1238.7166748046875",
                "score": "0.9692085981369019",
                "text": "8 095"
            }
        }
    ],
    "12": [
        {
            "0": {
                "type": "1",
                "x_left": "164.68064880371094",
                "y_up": "1234.8592529296875",
                "x_right": "1204.62744140625",
                "y_down": "1290.385009765625",
                "score": "0.6656031608581543",
                "text": "Provision for write-off of property, plant and equipment"
            }
        },
        {
            "1": {
                "type": "3",
                "x_left": "1508.048828125",
                "y_up": "1240.345947265625",
                "x_right": "1632.539794921875",
                "y_down": "1287.158935546875",
                "score": "0.9751064777374268",
                "text": "3,707"
            }
        },
        {
            "2": {
                "type": "-2",
                "x_left": "1754.7589111328125",
                "y_up": "1234.8592529296875",
                "x_right": "2268.245849609375",
                "y_down": "1290.385009765625",
                "score": "0",
                "text": ""
            }
        },
        {
            "3": {
                "type": "3",
                "x_left": "2273.245849609375",
                "y_up": "1240.6490478515625",
                "x_right": "2396.937744140625",
                "y_down": "1287.1156005859375",
                "score": "0.9751017093658447",
                "text": "3,707"
            }
        }
    ],
    "13": [
        {
            "0": {
                "type": "1",
                "x_left": "184.0133514404297",
                "y_up": "1288.1204833984375",
                "x_right": "743.0148315429688",
                "y_down": "1331.67822265625",
                "score": "0.37000951170921326",
                "text": "Non-cash interest expense |"
            }
        },
        {
            "1": {
                "type": "3",
                "x_left": "1538.882568359375",
                "y_up": "1287.0513916015625",
                "x_right": "1631.6402587890625",
                "y_down": "1332.90625",
                "score": "0.9354790449142456",
                "text": "459"
            }
        },
        {
            "2": {
                "type": "-2",
                "x_left": "1754.7589111328125",
                "y_up": "1286.91064453125",
                "x_right": "2297.789794921875",
                "y_down": "1333.3250732421875",
                "score": "0",
                "text": ""
            }
        },
        {
            "3": {
                "type": "3",
                "x_left": "2302.789794921875",
                "y_up": "1286.91064453125",
                "x_right": "2395.41552734375",
                "y_down": "1333.3250732421875",
                "score": "0.9294648766517639",
                "text": "459"
            }
        }
    ],
    "14": [
        {
            "0": {
                "type": "1",
                "x_left": "175.45603942871094",
                "y_up": "1380.0770263671875",
                "x_right": "610.34521484375",
                "y_down": "1425.6087646484375",
                "score": "0.7638354897499084",
                "text": "Write-off of pension liability adjustment due to settlement/curtailment"
            }
        },
        {
            "1": {
                "type": "3",
                "x_left": "1513.428955078125",
                "y_up": "1375.9210205078125",
                "x_right": "1634.5706787109375",
                "y_down": "1430.91162109375",
                "score": "0.9651817679405212",
                "text": "1,494"
            }
        },
        {
            "2": {
                "type": "3",
                "x_left": "1972.7562255859375",
                "y_up": "1384.2071533203125",
                "x_right": "2034.18408203125",
                "y_down": "1440.640625",
                "score": "0.856891930103302",
                "text": ""
            }
        },
        {
            "3": {
                "type": "3",
                "x_left": "2279.87060546875",
                "y_up": "1376.4461669921875",
                "x_right": "2398.58935546875",
                "y_down": "1431.2916259765625",
                "score": "0.963812530040741",
                "text": "1,494"
            }
        }
    ],
    "15": [
        {
            "0": {
                "type": "1",
                "x_left": "161.4296875",
                "y_up": "1424.9420166015625",
                "x_right": "1214.884521484375",
                "y_down": "1489.6800537109375",
                "score": "0.6617768406867981",
                "text": "Compensation and benefits paid or payable in Class A"
            }
        },
        {
            "1": {
                "type": "-2",
                "x_left": "1219.884521484375",
                "y_up": "1424.9420166015625",
                "x_right": "1580.6580810546875",
                "y_down": "1489.6800537109375",
                "score": "0",
                "text": ""
            }
        },
        {
            "2": {
                "type": "-2",
                "x_left": "1585.6580810546875",
                "y_up": "1424.9420166015625",
                "x_right": "1947.1883544921875",
                "y_down": "1489.6800537109375",
                "score": "0",
                "text": ""
            }
        },
        {
            "3": {
                "type": "-2",
                "x_left": "1952.1883544921875",
                "y_up": "1424.9420166015625",
                "x_right": "2333.827392578125",
                "y_down": "1489.6800537109375",
                "score": "0",
                "text": "7"
            }
        }
    ],
    "16": [
        {
            "0": {
                "type": "1",
                "x_left": "173.1455841064453",
                "y_up": "1474.9583740234375",
                "x_right": "481.2849426269531",
                "y_down": "1520.1920166015625",
                "score": "0.9065182209014893",
                "text": "Common Stock"
            }
        },
        {
            "1": {
                "type": "3",
                "x_left": "1507.2265625",
                "y_up": "1468.897705078125",
                "x_right": "1635.94189453125",
                "y_down": "1523.6053466796875",
                "score": "0.9721698760986328",
                "text": "2,203"
            }
        },
        {
            "2": {
                "type": "3",
                "x_left": "1970.4373779296875",
                "y_up": "1475.74853515625",
                "x_right": "2034.2254638671875",
                "y_down": "1530.493408203125",
                "score": "0.8421279788017273",
                "text": ""
            }
        },
        {
            "3": {
                "type": "3",
                "x_left": "2272.928955078125",
                "y_up": "1468.899658203125",
                "x_right": "2399.388427734375",
                "y_down": "1523.26708984375",
                "score": "0.9706239700317383",
                "text": "2,203"
            }
        }
    ],
    "17": [
        {
            "0": {
                "type": "1",
                "x_left": "128.2831573486328",
                "y_up": "1565.7930908203125",
                "x_right": "1272.193603515625",
                "y_down": "1619.771484375",
                "score": "0.6819505095481873",
                "text": "Changes in operating assets and liabilities that provided/(used) cash, net of impact of business acquisition:"
            }
        },
        {
            "1": {
                "type": "-2",
                "x_left": "1277.193603515625",
                "y_up": "1565.7930908203125",
                "x_right": "1580.6580810546875",
                "y_down": "1619.771484375",
                "score": "0",
                "text": ""
            }
        },
        {
            "2": {
                "type": "-2",
                "x_left": "1585.6580810546875",
                "y_up": "1565.7930908203125",
                "x_right": "1947.1883544921875",
                "y_down": "1619.771484375",
                "score": "0",
                "text": ""
            }
        },
        {
            "3": {
                "type": "-2",
                "x_left": "1952.1883544921875",
                "y_up": "1565.7930908203125",
                "x_right": "2333.827392578125",
                "y_down": "1619.771484375",
                "score": "0",
                "text": ""
            }
        }
    ],
    "18": [
        {
            "0": {
                "type": "1",
                "x_left": "175.9574737548828",
                "y_up": "1617.1424560546875",
                "x_right": "568.4281616210938",
                "y_down": "1661.772216796875",
                "score": "0.9119204878807068",
                "text": "Accounts receivable"
            }
        },
        {
            "1": {
                "type": "3",
                "x_left": "1471.670654296875",
                "y_up": "1608.799560546875",
                "x_right": "1648.033203125",
                "y_down": "1664.0577392578125",
                "score": "0.971735417842865",
                "text": "(19,139)"
            }
        },
        {
            "2": {
                "type": "3",
                "x_left": "1854.579833984375",
                "y_up": "1609.7508544921875",
                "x_right": "2033.04638671875",
                "y_down": "1664.7105712890625",
                "score": "0.9554330706596375",
                "text": "(17,387)"
            }
        },
        {
            "3": {
                "type": "3",
                "x_left": "2237.82373046875",
                "y_up": "1611.959716796875",
                "x_right": "2411.86669921875",
                "y_down": "1667.9869384765625",
                "score": "0.9607861042022705",
                "text": "(36,526)"
            }
        }
    ],
    "19": [
        {
            "0": {
                "type": "1",
                "x_left": "174.57093811035156",
                "y_up": "1662.1641845703125",
                "x_right": "480.7842712402344",
                "y_down": "1708.3026123046875",
                "score": "0.9629384875297546",
                "text": "Contract assets"
            }
        },
        {
            "1": {
                "type": "3",
                "x_left": "1471.690673828125",
                "y_up": "1661.5538330078125",
                "x_right": "1644.3028564453125",
                "y_down": "1710.0958251953125",
                "score": "0.9797199368476868",
                "text": "(10,267)"
            }
        },
        {
            "2": {
                "type": "3",
                "x_left": "1872.5809326171875",
                "y_up": "1662.3355712890625",
                "x_right": "2015.95654296875",
                "y_down": "1707.7491455078125",
                "score": "0.9595732092857361",
                "text": "10,267"
            }
        },
        {
            "3": {
                "type": "-2",
                "x_left": "2020.95654296875",
                "y_up": "1661.5538330078125",
                "x_right": "2333.827392578125",
                "y_down": "1710.0958251953125",
                "score": "0",
                "text": ""
            }
        }
    ],
    "20": [
        {
            "0": {
                "type": "1",
                "x_left": "175.44090270996094",
                "y_up": "1710.24365234375",
                "x_right": "400.49090576171875",
                "y_down": "1755.2918701171875",
                "score": "0.9139114022254944",
                "text": "Inventories"
            }
        },
        {
            "1": {
                "type": "3",
                "x_left": "1524.338134765625",
                "y_up": "1709.4150390625",
                "x_right": "1642.082275390625",
                "y_down": "1755.0030517578125",
                "score": "0.9655729532241821",
                "text": "(968)"
            }
        },
        {
            "2": {
                "type": "3",
                "x_left": "1872.7088623046875",
                "y_up": "1709.26416015625",
                "x_right": "2021.8770751953125",
                "y_down": "1758.524658203125",
                "score": "0.9671028852462769",
                "text": "10,433"
            }
        },
        {
            "3": {
                "type": "3",
                "x_left": "2273.822265625",
                "y_up": "1707.6392822265625",
                "x_right": "2399.0419921875",
                "y_down": "1754.8477783203125",
                "score": "0.979185163974762",
                "text": "9 465"
            }
        }
    ],
    "21": [
        {
            "0": {
                "type": "1",
                "x_left": "182.64923095703125",
                "y_up": "1754.1781005859375",
                "x_right": "990.6829833984375",
                "y_down": "1803.0166015625",
                "score": "0.8835650086402893",
                "text": "Prepaid expenses and other current assets"
            }
        },
        {
            "1": {
                "type": "3",
                "x_left": "1495.3714599609375",
                "y_up": "1755.2344970703125",
                "x_right": "1648.0736083984375",
                "y_down": "1803.5321044921875",
                "score": "0.9815483689308167",
                "text": "(5,815)"
            }
        },
        {
            "2": {
                "type": "-2",
                "x_left": "1754.7589111328125",
                "y_up": "1754.1781005859375",
                "x_right": "2258.79931640625",
                "y_down": "1803.5321044921875",
                "score": "0",
                "text": ""
            }
        },
        {
            "3": {
                "type": "3",
                "x_left": "2263.79931640625",
                "y_up": "1755.5205078125",
                "x_right": "2413.32666015625",
                "y_down": "1803.4134521484375",
                "score": "0.9784274101257324",
                "text": "(5,815)"
            }
        }
    ],
    "22": [
        {
            "0": {
                "type": "1",
                "x_left": "169.94203186035156",
                "y_up": "1803.17236328125",
                "x_right": "881.146728515625",
                "y_down": "1849.7264404296875",
                "score": "0.9241306185722351",
                "text": "Income taxes prepaid and receivable"
            }
        },
        {
            "1": {
                "type": "3",
                "x_left": "1492.484130859375",
                "y_up": "1802.030029296875",
                "x_right": "1645.3802490234375",
                "y_down": "1849.1015625",
                "score": "0.9768049120903015",
                "text": "(1,402)"
            }
        },
        {
            "2": {
                "type": "-2",
                "x_left": "1754.7589111328125",
                "y_up": "1802.030029296875",
                "x_right": "2255.528564453125",
                "y_down": "1849.7264404296875",
                "score": "0",
                "text": ""
            }
        },
        {
            "3": {
                "type": "3",
                "x_left": "2260.528564453125",
                "y_up": "1802.86962890625",
                "x_right": "2410.739990234375",
                "y_down": "1848.7034912109375",
                "score": "0.9761315584182739",
                "text": "(1,402)"
            }
        }
    ],
    "23": [
        {
            "0": {
                "type": "1",
                "x_left": "172.41188049316406",
                "y_up": "1851.0296630859375",
                "x_right": "622.9882202148438",
                "y_down": "1895.6207275390625",
                "score": "0.9688066244125366",
                "text": "Noncurrent receivables"
            }
        },
        {
            "1": {
                "type": "3",
                "x_left": "1467.923583984375",
                "y_up": "1848.7852783203125",
                "x_right": "1645.1800537109375",
                "y_down": "1896.7947998046875",
                "score": "0.9815504550933838",
                "text": "(12,249)"
            }
        },
        {
            "2": {
                "type": "-2",
                "x_left": "1754.7589111328125",
                "y_up": "1848.7852783203125",
                "x_right": "2230.5712890625",
                "y_down": "1897.23046875",
                "score": "0",
                "text": ""
            }
        },
        {
            "3": {
                "type": "3",
                "x_left": "2235.5712890625",
                "y_up": "1849.1947021484375",
                "x_right": "2411.70751953125",
                "y_down": "1897.23046875",
                "score": "0.9783923625946045",
                "text": "(12,249)"
            }
        }
    ],
    "24": [
        {
            "0": {
                "type": "1",
                "x_left": "176.7141876220703",
                "y_up": "1899.1572265625",
                "x_right": "515.70263671875",
                "y_down": "1944.8887939453125",
                "score": "0.9690653681755066",
                "text": "Accounts payable"
            }
        },
        {
            "1": {
                "type": "3",
                "x_left": "1506.33935546875",
                "y_up": "1895.4482421875",
                "x_right": "1633.2059326171875",
                "y_down": "1941.3143310546875",
                "score": "0.9713900685310364",
                "text": "9,340"
            }
        },
        {
            "2": {
                "type": "-2",
                "x_left": "1754.7589111328125",
                "y_up": "1895.4482421875",
                "x_right": "2267.457763671875",
                "y_down": "1944.8887939453125",
                "score": "0",
                "text": ""
            }
        },
        {
            "3": {
                "type": "3",
                "x_left": "2272.457763671875",
                "y_up": "1897.5758056640625",
                "x_right": "2396.905029296875",
                "y_down": "1943.0535888671875",
                "score": "0.9688984155654907",
                "text": "9 340"
            }
        }
    ],
    "25": [
        {
            "0": {
                "type": "1",
                "x_left": "178.0475311279297",
                "y_up": "1944.5291748046875",
                "x_right": "513.9816284179688",
                "y_down": "1990.5684814453125",
                "score": "0.957229495048523",
                "text": "Accrued liabilities"
            }
        },
        {
            "1": {
                "type": "3",
                "x_left": "1509.661865234375",
                "y_up": "1942.154052734375",
                "x_right": "1635.513671875",
                "y_down": "1988.7823486328125",
                "score": "0.9788342714309692",
                "text": "8,209"
            }
        },
        {
            "2": {
                "type": "3",
                "x_left": "1953.3907470703125",
                "y_up": "1938.5904541015625",
                "x_right": "2018.85400390625",
                "y_down": "1986.8919677734375",
                "score": "0.9149237871170044",
                "text": ""
            }
        },
        {
            "3": {
                "type": "3",
                "x_left": "2275.65869140625",
                "y_up": "1942.81640625",
                "x_right": "2398.11962890625",
                "y_down": "1989.610595703125",
                "score": "0.976298987865448",
                "text": "82,214"
            }
        }
    ],
    "26": [
        {
            "0": {
                "type": "1",
                "x_left": "171.4132537841797",
                "y_up": "1989.57861328125",
                "x_right": "598.3464965820312",
                "y_down": "2038.4879150390625",
                "score": "0.9468031525611877",
                "text": "Income taxes payable"
            }
        },
        {
            "1": {
                "type": "3",
                "x_left": "1523.9381103515625",
                "y_up": "1990.468505859375",
                "x_right": "1643.7796630859375",
                "y_down": "2036.4517822265625",
                "score": "0.9695271849632263",
                "text": "(824)"
            }
        },
        {
            "2": {
                "type": "-2",
                "x_left": "1754.7589111328125",
                "y_up": "1989.57861328125",
                "x_right": "2286.415283203125",
                "y_down": "2038.4879150390625",
                "score": "0",
                "text": ""
            }
        },
        {
            "3": {
                "type": "3",
                "x_left": "2291.415283203125",
                "y_up": "1991.091064453125",
                "x_right": "2410.228271484375",
                "y_down": "2036.9373779296875",
                "score": "0.9681953191757202",
                "text": "(824)"
            }
        }
    ],
    "27": [
        {
            "0": {
                "type": "1",
                "x_left": "175.01559448242188",
                "y_up": "2038.363525390625",
                "x_right": "386.1671142578125",
                "y_down": "2083.919189453125",
                "score": "0.7754251956939697",
                "text": "Other, net"
            }
        },
        {
            "1": {
                "type": "3",
                "x_left": "1496.2861328125",
                "y_up": "2035.7449951171875",
                "x_right": "1644.5943603515625",
                "y_down": "2083.625732421875",
                "score": "0.9723501801490784",
                "text": "(7,811)"
            }
        },
        {
            "2": {
                "type": "-2",
                "x_left": "1754.7589111328125",
                "y_up": "2035.7449951171875",
                "x_right": "2256.108154296875",
                "y_down": "2085.91650390625",
                "score": "0",
                "text": ""
            }
        },
        {
            "3": {
                "type": "3",
                "x_left": "2261.108154296875",
                "y_up": "2038.3563232421875",
                "x_right": "2413.38720703125",
                "y_down": "2085.91650390625",
                "score": "0.9629508852958679",
                "text": "(7,811)"
            }
        }
    ],
    "28": [
        {
            "0": {
                "type": "1",
                "x_left": "174.21812438964844",
                "y_up": "2087.675537109375",
                "x_right": "948.0950317382812",
                "y_down": "2138.722412109375",
                "score": "0.8328203558921814",
                "text": "Net cash provided by operating activities"
            }
        },
        {
            "1": {
                "type": "3",
                "x_left": "1462.6094970703125",
                "y_up": "2087.773681640625",
                "x_right": "1631.4415283203125",
                "y_down": "2135.77685546875",
                "score": "0.9821747541427612",
                "text": "132,485"
            }
        },
        {
            "2": {
                "type": "-2",
                "x_left": "1754.7589111328125",
                "y_up": "2087.675537109375",
                "x_right": "2228.104736328125",
                "y_down": "2138.722412109375",
                "score": "0",
                "text": ""
            }
        },
        {
            "3": {
                "type": "3",
                "x_left": "2233.104736328125",
                "y_up": "2089.502197265625",
                "x_right": "2398.998779296875",
                "y_down": "2138.50244140625",
                "score": "0.95698082447052",
                "text": "132,485"
            }
        }
    ],
    "29": [
        {
            "0": {
                "type": "1",
                "x_left": "175.6539764404297",
                "y_up": "2189.143310546875",
                "x_right": "838.3883666992188",
                "y_down": "2239.25",
                "score": "0.8972235918045044",
                "text": "Net cash used in investing activities"
            }
        },
        {
            "1": {
                "type": "3",
                "x_left": "1473.976806640625",
                "y_up": "2189.4326171875",
                "x_right": "1641.974853515625",
                "y_down": "2238.09619140625",
                "score": "0.9844825863838196",
                "text": "(82,886)"
            }
        },
        {
            "2": {
                "type": "-2",
                "x_left": "1754.7589111328125",
                "y_up": "2189.143310546875",
                "x_right": "2234.01953125",
                "y_down": "2240.481201171875",
                "score": "0",
                "text": ""
            }
        },
        {
            "3": {
                "type": "3",
                "x_left": "2239.01953125",
                "y_up": "2190.934326171875",
                "x_right": "2413.1806640625",
                "y_down": "2240.481201171875",
                "score": "0.96734219789505",
                "text": "(82,886)"
            }
        }
    ],
    "30": [
        {
            "0": {
                "type": "1",
                "x_left": "184.8800506591797",
                "y_up": "2240.56103515625",
                "x_right": "852.5396728515625",
                "y_down": "2288.94287109375",
                "score": "0.8271034359931946",
                "text": "Net cash used in financing activities"
            }
        },
        {
            "1": {
                "type": "3",
                "x_left": "1472.3822021484375",
                "y_up": "2241.656494140625",
                "x_right": "1642.942138671875",
                "y_down": "2288.811767578125",
                "score": "0.9868441820144653",
                "text": "(27,258)"
            }
        },
        {
            "2": {
                "type": "-2",
                "x_left": "1754.7589111328125",
                "y_up": "2240.56103515625",
                "x_right": "2233.313720703125",
                "y_down": "2289.419921875",
                "score": "0",
                "text": ""
            }
        },
        {
            "3": {
                "type": "3",
                "x_left": "2238.313720703125",
                "y_up": "2242.7685546875",
                "x_right": "2413.14208984375",
                "y_down": "2289.419921875",
                "score": "0.9755570292472839",
                "text": "(27,258)"
            }
        }
    ],
    "31": [
        {
            "0": {
                "type": "1",
                "x_left": "143.566162109375",
                "y_up": "2290.02685546875",
                "x_right": "957.878173828125",
                "y_down": "2338.285888671875",
                "score": "0.41599228978157043",
                "text": "Effect of exchange rate changes on cash an"
            }
        },
        {
            "1": {
                "type": "3",
                "x_left": "1494.60693359375",
                "y_up": "2292.05078125",
                "x_right": "1643.650146484375",
                "y_down": "2337.55029296875",
                "score": "0.9840843081474304",
                "text": "(8,313)"
            }
        },
        {
            "2": {
                "type": "-2",
                "x_left": "1754.7589111328125",
                "y_up": "2290.02685546875",
                "x_right": "2258.247802734375",
                "y_down": "2340.067626953125",
                "score": "0",
                "text": ""
            }
        },
        {
            "3": {
                "type": "3",
                "x_left": "2263.247802734375",
                "y_up": "2293.772705078125",
                "x_right": "2414.542724609375",
                "y_down": "2340.067626953125",
                "score": "0.9741265773773193",
                "text": "(8,313)"
            }
        }
    ],
    "32": [
        {
            "0": {
                "type": "1",
                "x_left": "132.3613739013672",
                "y_up": "2340.9267578125",
                "x_right": "862.1648559570312",
                "y_down": "2391.02783203125",
                "score": "0.6598601341247559",
                "text": "Increase in cash and cash equivalents"
            }
        },
        {
            "1": {
                "type": "3",
                "x_left": "1488.7398681640625",
                "y_up": "2341.794921875",
                "x_right": "1631.5758056640625",
                "y_down": "2385.370849609375",
                "score": "0.9904153347015381",
                "text": "14,028"
            }
        },
        {
            "2": {
                "type": "-2",
                "x_left": "1754.7589111328125",
                "y_up": "2340.9267578125",
                "x_right": "2247.791015625",
                "y_down": "2391.02783203125",
                "score": "0",
                "text": ""
            }
        },
        {
            "3": {
                "type": "3",
                "x_left": "2252.791015625",
                "y_up": "2341.755615234375",
                "x_right": "2397.72314453125",
                "y_down": "2385.0771484375",
                "score": "0.982328474521637",
                "text": "14,028"
            }
        }
    ],
    "33": [
        {
            "0": {
                "type": "1",
                "x_left": "135.07643127441406",
                "y_up": "2387.71826171875",
                "x_right": "1049.248779296875",
                "y_down": "2439.71044921875",
                "score": "0.6535329818725586",
                "text": "Cash and cash equivalents at beginning of year"
            }
        },
        {
            "1": {
                "type": "3",
                "x_left": "1463.3975830078125",
                "y_up": "2387.232666015625",
                "x_right": "1630.120361328125",
                "y_down": "2433.845458984375",
                "score": "0.9905756711959839",
                "text": "183,727"
            }
        },
        {
            "2": {
                "type": "-2",
                "x_left": "1754.7589111328125",
                "y_up": "2386.592041015625",
                "x_right": "2226.518310546875",
                "y_down": "2439.71044921875",
                "score": "0",
                "text": "88 8 8,008"
            }
        },
        {
            "3": {
                "type": "3",
                "x_left": "2231.518310546875",
                "y_up": "2386.592041015625",
                "x_right": "2399.56103515625",
                "y_down": "2434.773193359375",
                "score": "0.9777661561965942",
                "text": "183,727"
            }
        }
    ],
    "34": [
        {
            "0": {
                "type": "1",
                "x_left": "136.78097534179688",
                "y_up": "2433.946533203125",
                "x_right": "949.7544555664062",
                "y_down": "2485.753662109375",
                "score": "0.53009432554245",
                "text": "Cash and cash equivalents at end of year"
            }
        },
        {
            "1": {
                "type": "3",
                "x_left": "1442.7938232421875",
                "y_up": "2437.416748046875",
                "x_right": "1632.1728515625",
                "y_down": "2484.999755859375",
                "score": "0.986825168132782",
                "text": "$197,755"
            }
        },
        {
            "2": {
                "type": "-2",
                "x_left": "1754.7589111328125",
                "y_up": "2433.946533203125",
                "x_right": "2200.36083984375",
                "y_down": "2485.753662109375",
                "score": "0",
                "text": ""
            }
        },
        {
            "3": {
                "type": "3",
                "x_left": "2205.36083984375",
                "y_up": "2440.250244140625",
                "x_right": "2404.316650390625",
                "y_down": "2484.225341796875",
                "score": "0.9646064043045044",
                "text": "$197,755"
            }
        }
    ]
}