{
    "0": [
        {
            "0": {
                "type": "1",
                "x_left": "1000.4559326171875",
                "y_up": "243.92861938476562",
                "x_right": "1541.8011474609375",
                "y_down": "293.34259033203125",
                "score": "0.7577998638153076",
                "text": "Albany International Corp."
            }
        },
        {
            "1": {
                "type": "-2",
                "x_left": "1546.8011474609375",
                "y_up": "243.92861938476562",
                "x_right": "1859.6278076171875",
                "y_down": "293.34259033203125",
                "score": "0",
                "text": ""
            }
        },
        {
            "2": {
                "type": "-2",
                "x_left": "1864.6278076171875",
                "y_up": "243.92861938476562",
                "x_right": "2130.039794921875",
                "y_down": "293.34259033203125",
                "score": "0",
                "text": ""
            }
        },
        {
            "3": {
                "type": "-2",
                "x_left": "2135.039794921875",
                "y_up": "243.92861938476562",
                "x_right": "2398.9912109375",
                "y_down": "293.34259033203125",
                "score": "0",
                "text": ""
            }
        }
    ],
    "1": [
        {
            "0": {
                "type": "1",
                "x_left": "902.3931884765625",
                "y_up": "290.4269104003906",
                "x_right": "1642.183837890625",
                "y_down": "340.3251037597656",
                "score": "0.8335932493209839",
                "text": "Consolidated Statements of Income"
            }
        },
        {
            "1": {
                "type": "-2",
                "x_left": "1647.183837890625",
                "y_up": "290.4269104003906",
                "x_right": "1859.6278076171875",
                "y_down": "340.3251037597656",
                "score": "0",
                "text": ""
            }
        },
        {
            "2": {
                "type": "-2",
                "x_left": "1864.6278076171875",
                "y_up": "290.4269104003906",
                "x_right": "2130.039794921875",
                "y_down": "340.3251037597656",
                "score": "0",
                "text": ""
            }
        },
        {
            "3": {
                "type": "-2",
                "x_left": "2135.039794921875",
                "y_up": "290.4269104003906",
                "x_right": "2398.9912109375",
                "y_down": "340.3251037597656",
                "score": "0",
                "text": ""
            }
        }
    ],
    "2": [
        {
            "0": {
                "type": "1",
                "x_left": "927.3126831054688",
                "y_up": "337.9498596191406",
                "x_right": "1620.8514404296875",
                "y_down": "387.2227478027344",
                "score": "0.849029541015625",
                "text": "For the years ended December 31,"
            }
        },
        {
            "1": {
                "type": "-2",
                "x_left": "1625.8514404296875",
                "y_up": "337.9498596191406",
                "x_right": "1859.6278076171875",
                "y_down": "387.2227478027344",
                "score": "0",
                "text": ""
            }
        },
        {
            "2": {
                "type": "-2",
                "x_left": "1864.6278076171875",
                "y_up": "337.9498596191406",
                "x_right": "2130.039794921875",
                "y_down": "387.2227478027344",
                "score": "0",
                "text": ""
            }
        },
        {
            "3": {
                "type": "-2",
                "x_left": "2135.039794921875",
                "y_up": "337.9498596191406",
                "x_right": "2398.9912109375",
                "y_down": "387.2227478027344",
                "score": "0",
                "text": ""
            }
        }
    ],
    "3": [
        {
            "0": {
                "type": "-2",
                "x_left": "132.55538940429688",
                "y_up": "385.458251953125",
                "x_right": "835.7807006835938",
                "y_down": "438.9111633300781",
                "score": "0",
                "text": ""
            }
        },
        {
            "1": {
                "type": "1",
                "x_left": "840.7807006835938",
                "y_up": "385.458251953125",
                "x_right": "1709.0244140625",
                "y_down": "438.9111633300781",
                "score": "0.8625446557998657",
                "text": "(in thousands, except per share amounts)"
            }
        },
        {
            "2": {
                "type": "-2",
                "x_left": "1714.0244140625",
                "y_up": "385.458251953125",
                "x_right": "2130.039794921875",
                "y_down": "438.9111633300781",
                "score": "0",
                "text": ""
            }
        },
        {
            "3": {
                "type": "-2",
                "x_left": "2135.039794921875",
                "y_up": "385.458251953125",
                "x_right": "2398.9912109375",
                "y_down": "438.9111633300781",
                "score": "0",
                "text": ""
            }
        }
    ],
    "4": [
        {
            "0": {
                "type": "-2",
                "x_left": "132.55538940429688",
                "y_up": "474.4012451171875",
                "x_right": "1662.2755126953125",
                "y_down": "522.3444213867188",
                "score": "0",
                "text": ""
            }
        },
        {
            "1": {
                "type": "-2",
                "x_left": "1667.2755126953125",
                "y_up": "474.4012451171875",
                "x_right": "1931.8961181640625",
                "y_down": "524.4293212890625",
                "score": "0",
                "text": "2,018"
            }
        },
        {
            "2": {
                "type": "-2",
                "x_left": "1936.8961181640625",
                "y_up": "474.4012451171875",
                "x_right": "2193.985595703125",
                "y_down": "524.4293212890625",
                "score": "0",
                "text": "2,017"
            }
        },
        {
            "3": {
                "type": "2",
                "x_left": "2198.985595703125",
                "y_up": "474.6973876953125",
                "x_right": "2315.20263671875",
                "y_down": "524.4293212890625",
                "score": "0.8075713515281677",
                "text": "2016"
            }
        }
    ],
    "5": [
        {
            "0": {
                "type": "-1",
                "x_left": "-1",
                "y_up": "-1",
                "x_right": "-1",
                "y_down": "-1",
                "score": "-1",
                "text": ""
            }
        },
        {
            "1": {
                "type": "3",
                "x_left": "1655.67138671875",
                "y_up": "475.16259765625",
                "x_right": "1767.573974609375",
                "y_down": "523.4207763671875",
                "score": "0.06012335792183876",
                "text": "2,018"
            }
        },
        {
            "2": {
                "type": "-2",
                "x_left": "1772.573974609375",
                "y_up": "475.16259765625",
                "x_right": "2130.039794921875",
                "y_down": "523.4207763671875",
                "score": "0",
                "text": "2,017"
            }
        },
        {
            "3": {
                "type": "-2",
                "x_left": "2135.039794921875",
                "y_up": "475.16259765625",
                "x_right": "2398.9912109375",
                "y_down": "523.4207763671875",
                "score": "0",
                "text": "2,016"
            }
        }
    ],
    "6": [
        {
            "0": {
                "type": "1",
                "x_left": "132.55538940429688",
                "y_up": "574.1951293945312",
                "x_right": "326.09295654296875",
                "y_down": "623.4210815429688",
                "score": "0.9406684041023254",
                "text": "Net sales"
            }
        },
        {
            "1": {
                "type": "3",
                "x_left": "1667.2755126953125",
                "y_up": "571.2667236328125",
                "x_right": "1859.6278076171875",
                "y_down": "622.2901611328125",
                "score": "0.9207242131233215",
                "text": "$982,479"
            }
        },
        {
            "2": {
                "type": "3",
                "x_left": "1936.8961181640625",
                "y_up": "572.3182373046875",
                "x_right": "2130.039794921875",
                "y_down": "622.31640625",
                "score": "0.8813717365264893",
                "text": "$863,717"
            }
        },
        {
            "3": {
                "type": "3",
                "x_left": "2202.554931640625",
                "y_up": "572.6467895507812",
                "x_right": "2398.9912109375",
                "y_down": "623.9539794921875",
                "score": "0.9167239665985107",
                "text": "$779,839"
            }
        }
    ],
    "7": [
        {
            "0": {
                "type": "1",
                "x_left": "131.846923828125",
                "y_up": "623.726806640625",
                "x_right": "500.75054931640625",
                "y_down": "671.0601196289062",
                "score": "0.970711350440979",
                "text": "Cost of goods sold"
            }
        },
        {
            "1": {
                "type": "3",
                "x_left": "1687.540771484375",
                "y_up": "622.54638671875",
                "x_right": "1856.1588134765625",
                "y_down": "668.3345336914062",
                "score": "0.9747655391693115",
                "text": "632,730"
            }
        },
        {
            "2": {
                "type": "3",
                "x_left": "1959.0084228515625",
                "y_up": "623.68994140625",
                "x_right": "2129.2529296875",
                "y_down": "668.2228393554688",
                "score": "0.9703970551490784",
                "text": "567,434"
            }
        },
        {
            "3": {
                "type": "3",
                "x_left": "2228.662109375",
                "y_up": "623.6834106445312",
                "x_right": "2400.84765625",
                "y_down": "670.6005249023438",
                "score": "0.964584231376648",
                "text": "478,555"
            }
        }
    ],
    "8": [
        {
            "0": {
                "type": "1",
                "x_left": "176.21041870117188",
                "y_up": "675.4307861328125",
                "x_right": "415.1593017578125",
                "y_down": "722.8491821289062",
                "score": "0.955228328704834",
                "text": "Gross profit"
            }
        },
        {
            "1": {
                "type": "3",
                "x_left": "1688.869873046875",
                "y_up": "674.5439453125",
                "x_right": "1857.4295654296875",
                "y_down": "721.9468383789062",
                "score": "0.9879518151283264",
                "text": "349,749"
            }
        },
        {
            "2": {
                "type": "3",
                "x_left": "1960.500732421875",
                "y_up": "675.4662475585938",
                "x_right": "2129.986572265625",
                "y_down": "721.9784545898438",
                "score": "0.9845251441001892",
                "text": "296,283"
            }
        },
        {
            "3": {
                "type": "3",
                "x_left": "2227.094482421875",
                "y_up": "674.67333984375",
                "x_right": "2397.552734375",
                "y_down": "722.732177734375",
                "score": "0.9823947548866272",
                "text": "301,284"
            }
        }
    ],
    "9": [
        {
            "0": {
                "type": "1",
                "x_left": "135.18898010253906",
                "y_up": "765.3635864257812",
                "x_right": "978.8871459960938",
                "y_down": "815.3204345703125",
                "score": "0.9281620383262634",
                "text": "Selling, general and administrative expenses"
            }
        },
        {
            "1": {
                "type": "3",
                "x_left": "1689.668701171875",
                "y_up": "762.8182373046875",
                "x_right": "1853.974365234375",
                "y_down": "814.2145385742188",
                "score": "0.9862115383148193",
                "text": "156,189"
            }
        },
        {
            "2": {
                "type": "3",
                "x_left": "1962.196044921875",
                "y_up": "764.126953125",
                "x_right": "2128.80126953125",
                "y_down": "813.8939819335938",
                "score": "0.9814916849136353",
                "text": "162,942"
            }
        },
        {
            "3": {
                "type": "3",
                "x_left": "2232.249755859375",
                "y_up": "764.2313232421875",
                "x_right": "2397.865966796875",
                "y_down": "814.690185546875",
                "score": "0.9803999662399292",
                "text": "158,358"
            }
        }
    ],
    "10": [
        {
            "0": {
                "type": "1",
                "x_left": "139.7779998779297",
                "y_up": "814.9161376953125",
                "x_right": "769.719482421875",
                "y_down": "859.2548828125",
                "score": "0.9537596702575684",
                "text": "Technical and research expenses"
            }
        },
        {
            "1": {
                "type": "3",
                "x_left": "1709.882568359375",
                "y_up": "814.8508911132812",
                "x_right": "1854.26953125",
                "y_down": "859.2256469726562",
                "score": "0.9854898452758789",
                "text": "40,582"
            }
        },
        {
            "2": {
                "type": "3",
                "x_left": "1982.9500732421875",
                "y_up": "816.60546875",
                "x_right": "2127.897216796875",
                "y_down": "859.625732421875",
                "score": "0.9823943972587585",
                "text": "41,174"
            }
        },
        {
            "3": {
                "type": "3",
                "x_left": "2249.5791015625",
                "y_up": "815.6875",
                "x_right": "2397.189697265625",
                "y_down": "859.87158203125",
                "score": "0.9816762208938599",
                "text": "40,306"
            }
        }
    ],
    "11": [
        {
            "0": {
                "type": "1",
                "x_left": "131.6708984375",
                "y_up": "862.4880981445312",
                "x_right": "667.3880615234375",
                "y_down": "908.1009521484375",
                "score": "0.9543421268463135",
                "text": "Restructuring expenses, net"
            }
        },
        {
            "1": {
                "type": "3",
                "x_left": "1712.80322265625",
                "y_up": "860.5084838867188",
                "x_right": "1856.948486328125",
                "y_down": "906.9590454101562",
                "score": "0.9835198521614075",
                "text": "15,570"
            }
        },
        {
            "2": {
                "type": "3",
                "x_left": "1985.4725341796875",
                "y_up": "860.4293212890625",
                "x_right": "2128.593017578125",
                "y_down": "906.4491577148438",
                "score": "0.972580075263977",
                "text": "13,491"
            }
        },
        {
            "3": {
                "type": "3",
                "x_left": "2271.14697265625",
                "y_up": "861.490966796875",
                "x_right": "2400.4404296875",
                "y_down": "907.8214721679688",
                "score": "0.9711452722549438",
                "text": "8,488"
            }
        }
    ],
    "12": [
        {
            "0": {
                "type": "1",
                "x_left": "176.01683044433594",
                "y_up": "915.5576782226562",
                "x_right": "518.1740112304688",
                "y_down": "963.396728515625",
                "score": "0.9739035367965698",
                "text": "Operating income"
            }
        },
        {
            "1": {
                "type": "3",
                "x_left": "1689.232666015625",
                "y_up": "912.6395263671875",
                "x_right": "1856.375244140625",
                "y_down": "959.7571411132812",
                "score": "0.9886268973350525",
                "text": "137,408"
            }
        },
        {
            "2": {
                "type": "3",
                "x_left": "1983.8634033203125",
                "y_up": "914.3121337890625",
                "x_right": "2129.1748046875",
                "y_down": "960.4080200195312",
                "score": "0.9852588176727295",
                "text": "18,676"
            }
        },
        {
            "3": {
                "type": "3",
                "x_left": "2254.189697265625",
                "y_up": "913.379638671875",
                "x_right": "2399.619384765625",
                "y_down": "961.3140258789062",
                "score": "0.9813792705535889",
                "text": "94,132"
            }
        }
    ],
    "13": [
        {
            "0": {
                "type": "1",
                "x_left": "133.5447998046875",
                "y_up": "1003.33837890625",
                "x_right": "432.9463806152344",
                "y_down": "1053.0732421875",
                "score": "0.9712763428688049",
                "text": "Interest income"
            }
        },
        {
            "1": {
                "type": "3",
                "x_left": "1722.219970703125",
                "y_up": "1002.085693359375",
                "x_right": "1869.8876953125",
                "y_down": "1052.087890625",
                "score": "0.9834132194519043",
                "text": "(2,118)"
            }
        },
        {
            "2": {
                "type": "3",
                "x_left": "1996.3568115234375",
                "y_up": "1002.2500610351562",
                "x_right": "2141.00830078125",
                "y_down": "1052.34423828125",
                "score": "0.9741277098655701",
                "text": "(1,511)"
            }
        },
        {
            "3": {
                "type": "3",
                "x_left": "2261.192626953125",
                "y_up": "1002.8672485351562",
                "x_right": "2409.086181640625",
                "y_down": "1052.6124267578125",
                "score": "0.9775400161743164",
                "text": "(2,077)"
            }
        }
    ],
    "14": [
        {
            "0": {
                "type": "1",
                "x_left": "132.44749450683594",
                "y_up": "1053.4560546875",
                "x_right": "455.6955261230469",
                "y_down": "1099.2076416015625",
                "score": "0.9761511087417603",
                "text": "Interest expense"
            }
        },
        {
            "1": {
                "type": "3",
                "x_left": "1712.2735595703125",
                "y_up": "1051.565185546875",
                "x_right": "1858.698974609375",
                "y_down": "1097.5321044921875",
                "score": "0.9844679236412048",
                "text": "20,242"
            }
        },
        {
            "2": {
                "type": "3",
                "x_left": "1989.2403564453125",
                "y_up": "1053.1673583984375",
                "x_right": "2130.681884765625",
                "y_down": "1098.3134765625",
                "score": "0.9751313924789429",
                "text": "18,602"
            }
        },
        {
            "3": {
                "type": "3",
                "x_left": "2257.392822265625",
                "y_up": "1052.562255859375",
                "x_right": "2397.047119140625",
                "y_down": "1097.3140869140625",
                "score": "0.9687624573707581",
                "text": "15,541"
            }
        }
    ],
    "15": [
        {
            "0": {
                "type": "1",
                "x_left": "133.5494384765625",
                "y_up": "1099.5394287109375",
                "x_right": "519.0418701171875",
                "y_down": "1145.82421875",
                "score": "0.9467041492462158",
                "text": "Other expense, net"
            }
        },
        {
            "1": {
                "type": "3",
                "x_left": "1733.65576171875",
                "y_up": "1099.607421875",
                "x_right": "1853.94580078125",
                "y_down": "1144.7216796875",
                "score": "0.9782665371894836",
                "text": "4,037"
            }
        },
        {
            "2": {
                "type": "3",
                "x_left": "2005.166015625",
                "y_up": "1099.1326904296875",
                "x_right": "2127.48876953125",
                "y_down": "1144.038818359375",
                "score": "0.9749858975410461",
                "text": "6,877"
            }
        },
        {
            "3": {
                "type": "3",
                "x_left": "2272.358642578125",
                "y_up": "1098.7342529296875",
                "x_right": "2399.418212890625",
                "y_down": "1144.4498291015625",
                "score": "0.9779861569404602",
                "text": "2,402"
            }
        }
    ],
    "16": [
        {
            "0": {
                "type": "1",
                "x_left": "171.1345672607422",
                "y_up": "1149.3203125",
                "x_right": "718.9835815429688",
                "y_down": "1198.5501708984375",
                "score": "0.9482016563415527",
                "text": "Income before income taxes"
            }
        },
        {
            "1": {
                "type": "3",
                "x_left": "1695.493896484375",
                "y_up": "1149.4468994140625",
                "x_right": "1855.3370361328125",
                "y_down": "1198.1407470703125",
                "score": "0.9849913716316223",
                "text": "115,247"
            }
        },
        {
            "2": {
                "type": "3",
                "x_left": "1984.4132080078125",
                "y_up": "1150.01513671875",
                "x_right": "2130.808349609375",
                "y_down": "1197.137451171875",
                "score": "0.9841646552085876",
                "text": "54,708"
            }
        },
        {
            "3": {
                "type": "3",
                "x_left": "2254.262451171875",
                "y_up": "1151.0052490234375",
                "x_right": "2399.599853515625",
                "y_down": "1198.1983642578125",
                "score": "0.9817274808883667",
                "text": "78,266"
            }
        }
    ],
    "17": [
        {
            "0": {
                "type": "1",
                "x_left": "131.62600708007812",
                "y_up": "1237.814697265625",
                "x_right": "522.1663208007812",
                "y_down": "1292.7513427734375",
                "score": "0.9645009636878967",
                "text": "Income tax expense"
            }
        },
        {
            "1": {
                "type": "3",
                "x_left": "1711.4647216796875",
                "y_up": "1238.121826171875",
                "x_right": "1855.829833984375",
                "y_down": "1289.43115234375",
                "score": "0.988515317440033",
                "text": "32,228"
            }
        },
        {
            "2": {
                "type": "3",
                "x_left": "1984.306396484375",
                "y_up": "1239.4603271484375",
                "x_right": "2129.60107421875",
                "y_down": "1290.4169921875",
                "score": "0.9813789129257202",
                "text": "22,123"
            }
        },
        {
            "3": {
                "type": "3",
                "x_left": "2254.04345703125",
                "y_up": "1238.3582763671875",
                "x_right": "2400.030517578125",
                "y_down": "1291.265380859375",
                "score": "0.9762643575668335",
                "text": "25,454"
            }
        }
    ],
    "18": [
        {
            "0": {
                "type": "1",
                "x_left": "135.49916076660156",
                "y_up": "1294.9969482421875",
                "x_right": "364.2300720214844",
                "y_down": "1338.6871337890625",
                "score": "0.9417116045951843",
                "text": "Net income"
            }
        },
        {
            "1": {
                "type": "3",
                "x_left": "1711.7115478515625",
                "y_up": "1293.428466796875",
                "x_right": "1857.2548828125",
                "y_down": "1338.091552734375",
                "score": "0.9901262521743774",
                "text": "83,019"
            }
        },
        {
            "2": {
                "type": "3",
                "x_left": "1984.726806640625",
                "y_up": "1294.11572265625",
                "x_right": "2129.38330078125",
                "y_down": "1338.4752197265625",
                "score": "0.9870262742042542",
                "text": "32,585"
            }
        },
        {
            "3": {
                "type": "3",
                "x_left": "2250.660400390625",
                "y_up": "1293.927978515625",
                "x_right": "2395.892578125",
                "y_down": "1339.962890625",
                "score": "0.9826144576072693",
                "text": "52,812"
            }
        }
    ],
    "19": [
        {
            "0": {
                "type": "1",
                "x_left": "136.06088256835938",
                "y_up": "1340.6893310546875",
                "x_right": "732.0819702148438",
                "y_down": "1386.3597412109375",
                "score": "0.053480569273233414",
                "text": "Net income/(loss) attributable to"
            }
        },
        {
            "1": {
                "type": "3",
                "x_left": "1765.896728515625",
                "y_up": "1339.6279296875",
                "x_right": "1852.204345703125",
                "y_down": "1383.506591796875",
                "score": "0.9517941474914551",
                "text": "128"
            }
        },
        {
            "2": {
                "type": "3",
                "x_left": "2026.105224609375",
                "y_up": "1341.19189453125",
                "x_right": "2141.494384765625",
                "y_down": "1386.09228515625",
                "score": "0.9697534441947937",
                "text": "(526)"
            }
        },
        {
            "3": {
                "type": "3",
                "x_left": "2249.26025390625",
                "y_up": "1340.90087890625",
                "x_right": "2400.264404296875",
                "y_down": "1386.290283203125",
                "score": "0.3271697461605072",
                "text": "19"
            }
        }
    ],
    "20": [
        {
            "0": {
                "type": "1",
                "x_left": "131.7371368408203",
                "y_up": "1388.90576171875",
                "x_right": "975.750244140625",
                "y_down": "1442.1746826171875",
                "score": "0.6139076948165894",
                "text": "Net income attributable to the Company"
            }
        },
        {
            "1": {
                "type": "3",
                "x_left": "1689.0772705078125",
                "y_up": "1390.626220703125",
                "x_right": "1864.7337646484375",
                "y_down": "1435.564453125",
                "score": "0.955452561378479",
                "text": "$82,891"
            }
        },
        {
            "2": {
                "type": "3",
                "x_left": "1967.0771484375",
                "y_up": "1392.618408203125",
                "x_right": "2145.627197265625",
                "y_down": "1436.1119384765625",
                "score": "0.8995795249938965",
                "text": "$33,111"
            }
        },
        {
            "3": {
                "type": "3",
                "x_left": "2224.938232421875",
                "y_up": "1391.8270263671875",
                "x_right": "2401.895263671875",
                "y_down": "1437.219970703125",
                "score": "0.946886420249939",
                "text": "$52,733"
            }
        }
    ],
    "21": [
        {
            "0": {
                "type": "1",
                "x_left": "109.5251693725586",
                "y_up": "1529.0396728515625",
                "x_right": "1331.8209228515625",
                "y_down": "1606.9957275390625",
                "score": "0.7407459020614624",
                "text": "Earnings per share attributable to Company shareholders - Basic"
            }
        },
        {
            "1": {
                "type": "3",
                "x_left": "1734.6746826171875",
                "y_up": "1535.1395263671875",
                "x_right": "1857.9124755859375",
                "y_down": "1587.1961669921875",
                "score": "0.9730514287948608",
                "text": "$2.57"
            }
        },
        {
            "2": {
                "type": "3",
                "x_left": "2005.3026123046875",
                "y_up": "1538.03271484375",
                "x_right": "2132.945068359375",
                "y_down": "1589.23388671875",
                "score": "0.9732927680015564",
                "text": "$1.03"
            }
        },
        {
            "3": {
                "type": "3",
                "x_left": "2270.5830078125",
                "y_up": "1537.0853271484375",
                "x_right": "2400.20556640625",
                "y_down": "1589.89111328125",
                "score": "0.9695456624031067",
                "text": "$1.64"
            }
        }
    ],
    "22": [
        {
            "0": {
                "type": "1",
                "x_left": "105.77352905273438",
                "y_up": "1625.9171142578125",
                "x_right": "1380.8907470703125",
                "y_down": "1700.4573974609375",
                "score": "0.7318857312202454",
                "text": "Earnings per share attributable to Company shareholders - Diluted"
            }
        },
        {
            "1": {
                "type": "3",
                "x_left": "1736.9595947265625",
                "y_up": "1629.8221435546875",
                "x_right": "1857.371337890625",
                "y_down": "1682.9957275390625",
                "score": "0.9778956770896912",
                "text": "$2.57"
            }
        },
        {
            "2": {
                "type": "3",
                "x_left": "2006.904296875",
                "y_up": "1631.6607666015625",
                "x_right": "2131.541748046875",
                "y_down": "1682.714599609375",
                "score": "0.9847276210784912",
                "text": "$1.03"
            }
        },
        {
            "3": {
                "type": "3",
                "x_left": "2274.779052734375",
                "y_up": "1631.3232421875",
                "x_right": "2399.435546875",
                "y_down": "1683.6104736328125",
                "score": "0.981609046459198",
                "text": "$1.64"
            }
        }
    ],
    "23": [
        {
            "0": {
                "type": "1",
                "x_left": "130.6090850830078",
                "y_up": "1721.520751953125",
                "x_right": "1100.6898193359375",
                "y_down": "1796.3223876953125",
                "score": "0.8802142143249512",
                "text": "Dividends declared per share, Class A and Class B"
            }
        },
        {
            "1": {
                "type": "3",
                "x_left": "1736.3201904296875",
                "y_up": "1723.0989990234375",
                "x_right": "1861.3260498046875",
                "y_down": "1776.4287109375",
                "score": "0.9764644503593445",
                "text": "$0.69"
            }
        },
        {
            "2": {
                "type": "3",
                "x_left": "2003.73388671875",
                "y_up": "1724.38427734375",
                "x_right": "2132.197021484375",
                "y_down": "1776.57421875",
                "score": "0.9813195466995239",
                "text": "$0.68"
            }
        },
        {
            "3": {
                "type": "3",
                "x_left": "2273.035400390625",
                "y_up": "1723.8240966796875",
                "x_right": "2399.627197265625",
                "y_down": "1776.568603515625",
                "score": "0.975555419921875",
                "text": "$0.68"
            }
        }
    ],
    "24": [
        {
            "0": {
                "type": "-2",
                "x_left": "132.55538940429688",
                "y_up": "1870.4013671875",
                "x_right": "1662.2755126953125",
                "y_down": "1961.8897705078125",
                "score": "0",
                "text": ""
            }
        },
        {
            "1": {
                "type": "-2",
                "x_left": "1667.2755126953125",
                "y_up": "1870.4013671875",
                "x_right": "364.1344299316406",
                "y_down": "1961.8897705078125",
                "score": "0",
                "text": ""
            }
        },
        {
            "2": {
                "type": "1",
                "x_left": "369.1344299316406",
                "y_up": "1870.4013671875",
                "x_right": "2052.051025390625",
                "y_down": "1961.8897705078125",
                "score": "0.3732561767101288",
                "text": "The accompanying notes are an integral part of the consolidated financial statements."
            }
        },
        {
            "3": {
                "type": "-2",
                "x_left": "2057.051025390625",
                "y_up": "1870.4013671875",
                "x_right": "2398.9912109375",
                "y_down": "1961.8897705078125",
                "score": "0",
                "text": ""
            }
        }
    ]
}