{
    "0": [
        {
            "0": {
                "type": "1",
                "x_left": "970.6961669921875",
                "y_up": "191.11752319335938",
                "x_right": "1581.560791015625",
                "y_down": "240.1415252685547",
                "score": "0.2542540729045868",
                "text": "Altria Group, Inc. and Subsidiaries"
            }
        },
        {
            "1": {
                "type": "-2",
                "x_left": "1586.560791015625",
                "y_up": "191.11752319335938",
                "x_right": "2015.1640625",
                "y_down": "240.1415252685547",
                "score": "0",
                "text": ""
            }
        },
        {
            "2": {
                "type": "-2",
                "x_left": "2020.1640625",
                "y_up": "191.11752319335938",
                "x_right": "2175.552734375",
                "y_down": "240.1415252685547",
                "score": "0",
                "text": ""
            }
        },
        {
            "3": {
                "type": "-2",
                "x_left": "2180.552734375",
                "y_up": "191.11752319335938",
                "x_right": "2411.76904296875",
                "y_down": "240.1415252685547",
                "score": "0",
                "text": ""
            }
        }
    ],
    "1": [
        {
            "0": {
                "type": "1",
                "x_left": "896.063232421875",
                "y_up": "234.7254180908203",
                "x_right": "1645.9886474609375",
                "y_down": "276.0763854980469",
                "score": "0.8714324831962585",
                "text": "Consolidated Statements of Earnings (Losses)"
            }
        },
        {
            "1": {
                "type": "-2",
                "x_left": "1650.9886474609375",
                "y_up": "234.7254180908203",
                "x_right": "2015.1640625",
                "y_down": "276.0763854980469",
                "score": "0",
                "text": ""
            }
        },
        {
            "2": {
                "type": "-2",
                "x_left": "2020.1640625",
                "y_up": "234.7254180908203",
                "x_right": "2175.552734375",
                "y_down": "276.0763854980469",
                "score": "0",
                "text": ""
            }
        },
        {
            "3": {
                "type": "-2",
                "x_left": "2180.552734375",
                "y_up": "234.7254180908203",
                "x_right": "2411.76904296875",
                "y_down": "276.0763854980469",
                "score": "0",
                "text": ""
            }
        }
    ],
    "2": [
        {
            "0": {
                "type": "1",
                "x_left": "126.8261489868164",
                "y_up": "376.2615966796875",
                "x_right": "557.590576171875",
                "y_down": "426.14837646484375",
                "score": "0.9360134601593018",
                "text": "(in millions of dollars, except per share data) for the years ended December 31,"
            }
        },
        {
            "1": {
                "type": "2",
                "x_left": "1832.019287109375",
                "y_up": "379.4512939453125",
                "x_right": "1911.5771484375",
                "y_down": "419.8982849121094",
                "score": "0.805804967880249",
                "text": "2019"
            }
        },
        {
            "2": {
                "type": "2",
                "x_left": "2088.7099609375",
                "y_up": "379.22784423828125",
                "x_right": "2172.533203125",
                "y_down": "419.204345703125",
                "score": "0.8842326998710632",
                "text": "2018"
            }
        },
        {
            "3": {
                "type": "2",
                "x_left": "2336.948974609375",
                "y_up": "379.5316162109375",
                "x_right": "2417.00390625",
                "y_down": "420.51226806640625",
                "score": "0.7215455770492554",
                "text": "2017"
            }
        },
        {
            "4": {
                "type": "3",
                "x_left": "2338.34326171875",
                "y_up": "381.55206298828125",
                "x_right": "2417.139404296875",
                "y_down": "421.61053466796875",
                "score": "0.07066324353218079",
                "text": "2,017"
            }
        }
    ],
    "3": [
        {
            "0": {
                "type": "1",
                "x_left": "130.83514404296875",
                "y_up": "432.4781494140625",
                "x_right": "315.9233703613281",
                "y_down": "474.1842346191406",
                "score": "0.9751585125923157",
                "text": "Net revenues"
            }
        },
        {
            "1": {
                "type": "3",
                "x_left": "1776.01953125",
                "y_up": "432.9871520996094",
                "x_right": "2015.1640625",
                "y_down": "472.29931640625",
                "score": "0.3100143074989319",
                "text": "25,110 "
            }
        },
        {
            "2": {
                "type": "3",
                "x_left": "1961.2349853515625",
                "y_up": "431.4094543457031",
                "x_right": "2175.552734375",
                "y_down": "473.63067626953125",
                "score": "0.8907628059387207",
                "text": "$ 25,364"
            }
        },
        {
            "3": {
                "type": "3",
                "x_left": "2218.37353515625",
                "y_up": "431.0621643066406",
                "x_right": "2411.76904296875",
                "y_down": "473.0931091308594",
                "score": "0.9415026903152466",
                "text": "$ 25,576"
            }
        }
    ],
    "4": [
        {
            "0": {
                "type": "1",
                "x_left": "130.53941345214844",
                "y_up": "478.8910217285156",
                "x_right": "311.16497802734375",
                "y_down": "522.5556030273438",
                "score": "0.9699916243553162",
                "text": "Cost of sales"
            }
        },
        {
            "1": {
                "type": "3",
                "x_left": "1824.3028564453125",
                "y_up": "480.6739807128906",
                "x_right": "1911.2034912109375",
                "y_down": "521.2213134765625",
                "score": "0.9471633434295654",
                "text": "7,085"
            }
        },
        {
            "2": {
                "type": "3",
                "x_left": "2078.264892578125",
                "y_up": "480.9571533203125",
                "x_right": "2165.9296875",
                "y_down": "519.8627319335938",
                "score": "0.9216039776802063",
                "text": "1,373"
            }
        },
        {
            "3": {
                "type": "3",
                "x_left": "2323.6689453125",
                "y_up": "480.53948974609375",
                "x_right": "2413.239990234375",
                "y_down": "521.0167236328125",
                "score": "0.9387842416763306",
                "text": "7,931"
            }
        }
    ],
    "5": [
        {
            "0": {
                "type": "1",
                "x_left": "128.03057861328125",
                "y_up": "523.890625",
                "x_right": "470.2589416503906",
                "y_down": "568.2053833007812",
                "score": "0.9727407693862915",
                "text": "Excise taxes on products"
            }
        },
        {
            "1": {
                "type": "3",
                "x_left": "1826.7174072265625",
                "y_up": "526.119873046875",
                "x_right": "1911.6920166015625",
                "y_down": "566.8439331054688",
                "score": "0.9833608865737915",
                "text": "5,314"
            }
        },
        {
            "2": {
                "type": "3",
                "x_left": "2081.577392578125",
                "y_up": "526.4720458984375",
                "x_right": "2165.672607421875",
                "y_down": "567.3138427734375",
                "score": "0.9776647686958313",
                "text": ""
            }
        },
        {
            "3": {
                "type": "3",
                "x_left": "2329.6669921875",
                "y_up": "528.0993041992188",
                "x_right": "2416.13671875",
                "y_down": "569.5232543945312",
                "score": "0.9773176908493042",
                "text": "6,082"
            }
        }
    ],
    "6": [
        {
            "0": {
                "type": "1",
                "x_left": "195.51565551757812",
                "y_up": "576.61181640625",
                "x_right": "368.8246154785156",
                "y_down": "619.886962890625",
                "score": "0.9431917667388916",
                "text": "Gross profit"
            }
        },
        {
            "1": {
                "type": "3",
                "x_left": "1813.1722412109375",
                "y_up": "576.1093139648438",
                "x_right": "1913.34619140625",
                "y_down": "618.9951782226562",
                "score": "0.9850401878356934",
                "text": "12,711"
            }
        },
        {
            "2": {
                "type": "3",
                "x_left": "2066.529052734375",
                "y_up": "577.2150268554688",
                "x_right": "2167.470458984375",
                "y_down": "619.0930786132812",
                "score": "0.9804869294166565",
                "text": "12,254"
            }
        },
        {
            "3": {
                "type": "3",
                "x_left": "2314.067626953125",
                "y_up": "577.4385986328125",
                "x_right": "2416.80029296875",
                "y_down": "619.2615966796875",
                "score": "0.9828783273696899",
                "text": "11,963"
            }
        }
    ],
    "7": [
        {
            "0": {
                "type": "1",
                "x_left": "128.17320251464844",
                "y_up": "622.5525512695312",
                "x_right": "725.7219848632812",
                "y_down": "667.9960327148438",
                "score": "0.9665114283561707",
                "text": "Marketing, administration and research costs"
            }
        },
        {
            "1": {
                "type": "3",
                "x_left": "1823.6104736328125",
                "y_up": "626.0147705078125",
                "x_right": "1914.173583984375",
                "y_down": "667.3327026367188",
                "score": "0.9834876656532288",
                "text": "2,226"
            }
        },
        {
            "2": {
                "type": "3",
                "x_left": "2080.13134765625",
                "y_up": "626.475341796875",
                "x_right": "2169.192626953125",
                "y_down": "667.0322265625",
                "score": "0.979743480682373",
                "text": "2,756"
            }
        },
        {
            "3": {
                "type": "3",
                "x_left": "2324.378173828125",
                "y_up": "626.7404174804688",
                "x_right": "2417.434326171875",
                "y_down": "667.6799926757812",
                "score": "0.9771842360496521",
                "text": "2,338"
            }
        }
    ],
    "8": [
        {
            "0": {
                "type": "1",
                "x_left": "130.5552978515625",
                "y_up": "672.3998413085938",
                "x_right": "556.3516845703125",
                "y_down": "716.2942504882812",
                "score": "0.9701464772224426",
                "text": "Asset impairment and exit costs"
            }
        },
        {
            "1": {
                "type": "3",
                "x_left": "1846.2520751953125",
                "y_up": "672.6140747070312",
                "x_right": "1913.8277587890625",
                "y_down": "713.3101196289062",
                "score": "0.9527194499969482",
                "text": "159"
            }
        },
        {
            "2": {
                "type": "3",
                "x_left": "2100.83349609375",
                "y_up": "675.6176147460938",
                "x_right": "2170.453857421875",
                "y_down": "714.5684814453125",
                "score": "0.950986921787262",
                "text": "383"
            }
        },
        {
            "3": {
                "type": "-2",
                "x_left": "2175.453857421875",
                "y_up": "672.3998413085938",
                "x_right": "2411.76904296875",
                "y_down": "716.2942504882812",
                "score": "0",
                "text": "32"
            }
        }
    ],
    "9": [
        {
            "0": {
                "type": "1",
                "x_left": "194.93231201171875",
                "y_up": "723.5805053710938",
                "x_right": "440.7734069824219",
                "y_down": "765.9238891601562",
                "score": "0.9762595891952515",
                "text": "Operating income"
            }
        },
        {
            "1": {
                "type": "3",
                "x_left": "1809.905029296875",
                "y_up": "724.2258911132812",
                "x_right": "1914.564453125",
                "y_down": "765.894775390625",
                "score": "0.9846278429031372",
                "text": "10,326"
            }
        },
        {
            "2": {
                "type": "3",
                "x_left": "2081.99169921875",
                "y_up": "725.8406372070312",
                "x_right": "2173.819580078125",
                "y_down": "766.337890625",
                "score": "0.9828795790672302",
                "text": "9,115"
            }
        },
        {
            "3": {
                "type": "3",
                "x_left": "2324.96826171875",
                "y_up": "723.7542114257812",
                "x_right": "2418.708251953125",
                "y_down": "764.7657470703125",
                "score": "0.972826361656189",
                "text": "9,593"
            }
        }
    ],
    "10": [
        {
            "0": {
                "type": "1",
                "x_left": "126.31835174560547",
                "y_up": "767.2090454101562",
                "x_right": "603.3455810546875",
                "y_down": "812.0498046875",
                "score": "0.9670690894126892",
                "text": "Interest and other debt expense, net"
            }
        },
        {
            "1": {
                "type": "3",
                "x_left": "1822.7750244140625",
                "y_up": "770.7227783203125",
                "x_right": "1914.746826171875",
                "y_down": "812.96044921875",
                "score": "0.9778324961662292",
                "text": "1,280"
            }
        },
        {
            "2": {
                "type": "-2",
                "x_left": "1919.746826171875",
                "y_up": "767.2090454101562",
                "x_right": "2175.552734375",
                "y_down": "812.96044921875",
                "score": "0",
                "text": "665"
            }
        },
        {
            "3": {
                "type": "-2",
                "x_left": "2180.552734375",
                "y_up": "767.2090454101562",
                "x_right": "2411.76904296875",
                "y_down": "812.96044921875",
                "score": "0",
                "text": "705"
            }
        }
    ],
    "11": [
        {
            "0": {
                "type": "1",
                "x_left": "139.9812469482422",
                "y_up": "814.9881591796875",
                "x_right": "891.9227294921875",
                "y_down": "863.20654296875",
                "score": "0.9186293482780457",
                "text": "Net periodic benefit (income) cost, excluding service cost"
            }
        },
        {
            "1": {
                "type": "3",
                "x_left": "1849.6363525390625",
                "y_up": "818.4691162109375",
                "x_right": "1919.9134521484375",
                "y_down": "861.0501098632812",
                "score": "0.9592245817184448",
                "text": "(37)"
            }
        },
        {
            "2": {
                "type": "3",
                "x_left": "2104.0732421875",
                "y_up": "818.5803833007812",
                "x_right": "2178.436279296875",
                "y_down": "860.236328125",
                "score": "0.9674891829490662",
                "text": "(34)"
            }
        },
        {
            "3": {
                "type": "-2",
                "x_left": "2183.436279296875",
                "y_up": "814.9881591796875",
                "x_right": "2411.76904296875",
                "y_down": "863.20654296875",
                "score": "0",
                "text": "37"
            }
        }
    ],
    "12": [
        {
            "0": {
                "type": "1",
                "x_left": "132.34109497070312",
                "y_up": "865.3943481445312",
                "x_right": "584.635498046875",
                "y_down": "907.2567138671875",
                "score": "0.9095407724380493",
                "text": "Earnings from equity investments"
            }
        },
        {
            "1": {
                "type": "3",
                "x_left": "1815.025146484375",
                "y_up": "865.705322265625",
                "x_right": "1921.17724609375",
                "y_down": "908.7022705078125",
                "score": "0.9889668822288513",
                "text": "(1,725)"
            }
        },
        {
            "2": {
                "type": "3",
                "x_left": "2091.794189453125",
                "y_up": "866.6038208007812",
                "x_right": "2182.61767578125",
                "y_down": "909.1632690429688",
                "score": "0.9736667275428772",
                "text": "(890)"
            }
        },
        {
            "3": {
                "type": "3",
                "x_left": "2338.555908203125",
                "y_up": "865.3344116210938",
                "x_right": "2430.1689453125",
                "y_down": "908.4901123046875",
                "score": "0.9704546332359314",
                "text": "(532)"
            }
        }
    ],
    "13": [
        {
            "0": {
                "type": "1",
                "x_left": "125.99483489990234",
                "y_up": "911.9203491210938",
                "x_right": "631.5524291992188",
                "y_down": "955.1182861328125",
                "score": "0.9671565294265747",
                "text": "Impairment of JUUL equity securities"
            }
        },
        {
            "1": {
                "type": "3",
                "x_left": "1824.6629638671875",
                "y_up": "915.2169799804688",
                "x_right": "1915.224609375",
                "y_down": "955.9945678710938",
                "score": "0.9859177470207214",
                "text": "8,600"
            }
        },
        {
            "2": {
                "type": "-2",
                "x_left": "1920.224609375",
                "y_up": "911.9203491210938",
                "x_right": "2175.552734375",
                "y_down": "955.9945678710938",
                "score": "0",
                "text": ""
            }
        },
        {
            "3": {
                "type": "-2",
                "x_left": "2180.552734375",
                "y_up": "911.9203491210938",
                "x_right": "2411.76904296875",
                "y_down": "955.9945678710938",
                "score": "0",
                "text": ""
            }
        }
    ],
    "14": [
        {
            "0": {
                "type": "1",
                "x_left": "135.47866821289062",
                "y_up": "958.8096313476562",
                "x_right": "731.364990234375",
                "y_down": "1003.5222778320312",
                "score": "0.960289716720581",
                "text": "Loss on Cronos-related financial instruments"
            }
        },
        {
            "1": {
                "type": "3",
                "x_left": "1824.0606689453125",
                "y_up": "960.5800170898438",
                "x_right": "1914.5565185546875",
                "y_down": "1001.758544921875",
                "score": "0.9817179441452026",
                "text": "1,442"
            }
        },
        {
            "2": {
                "type": "-2",
                "x_left": "1919.5565185546875",
                "y_up": "958.8096313476562",
                "x_right": "2175.552734375",
                "y_down": "1003.5222778320312",
                "score": "0",
                "text": ""
            }
        },
        {
            "3": {
                "type": "-2",
                "x_left": "2180.552734375",
                "y_up": "958.8096313476562",
                "x_right": "2411.76904296875",
                "y_down": "1003.5222778320312",
                "score": "0",
                "text": ""
            }
        }
    ],
    "15": [
        {
            "0": {
                "type": "1",
                "x_left": "134.84083557128906",
                "y_up": "1005.1299438476562",
                "x_right": "825.237548828125",
                "y_down": "1052.0501708984375",
                "score": "0.9581054449081421",
                "text": "(Gain) loss on ABI/SABMiller business combination"
            }
        },
        {
            "1": {
                "type": "-2",
                "x_left": "1776.01953125",
                "y_up": "1003.00634765625",
                "x_right": "2111.79833984375",
                "y_down": "1052.0501708984375",
                "score": "0",
                "text": ""
            }
        },
        {
            "2": {
                "type": "-2",
                "x_left": "1961.2349853515625",
                "y_up": "1003.00634765625",
                "x_right": "2334.411376953125",
                "y_down": "1052.2880859375",
                "score": "0",
                "text": "33"
            }
        },
        {
            "3": {
                "type": "3",
                "x_left": "2339.411376953125",
                "y_up": "1009.3854370117188",
                "x_right": "2429.69384765625",
                "y_down": "1052.2880859375",
                "score": "0.9717980027198792",
                "text": "(445)"
            }
        }
    ],
    "16": [
        {
            "0": {
                "type": "1",
                "x_left": "189.65379333496094",
                "y_up": "1056.849853515625",
                "x_right": "692.53369140625",
                "y_down": "1103.0494384765625",
                "score": "0.9682542085647583",
                "text": "Earnings (losses) before income taxes"
            }
        },
        {
            "1": {
                "type": "3",
                "x_left": "1846.1026611328125",
                "y_up": "1060.13623046875",
                "x_right": "1915.0533447265625",
                "y_down": "1101.46923828125",
                "score": "0.9601591229438782",
                "text": "766"
            }
        },
        {
            "2": {
                "type": "3",
                "x_left": "2081.23876953125",
                "y_up": "1058.35400390625",
                "x_right": "2168.782470703125",
                "y_down": "1100.58349609375",
                "score": "0.9802984595298767",
                "text": "9,341"
            }
        },
        {
            "3": {
                "type": "3",
                "x_left": "2324.11865234375",
                "y_up": "1058.803955078125",
                "x_right": "2416.540771484375",
                "y_down": "1100.51904296875",
                "score": "0.9766656756401062",
                "text": "9,828"
            }
        }
    ],
    "17": [
        {
            "0": {
                "type": "1",
                "x_left": "126.72831726074219",
                "y_up": "1104.359130859375",
                "x_right": "614.0484619140625",
                "y_down": "1150.105224609375",
                "score": "0.9613363742828369",
                "text": "Provision (benefit) for income taxes"
            }
        },
        {
            "1": {
                "type": "3",
                "x_left": "1825.0155029296875",
                "y_up": "1106.85888671875",
                "x_right": "1914.3565673828125",
                "y_down": "1148.185302734375",
                "score": "0.96257483959198",
                "text": "2,064"
            }
        },
        {
            "2": {
                "type": "3",
                "x_left": "2080.08837890625",
                "y_up": "1106.8018798828125",
                "x_right": "2171.356201171875",
                "y_down": "1148.9725341796875",
                "score": "0.9633446931838989",
                "text": "2,374"
            }
        },
        {
            "3": {
                "type": "3",
                "x_left": "2339.245849609375",
                "y_up": "1108.4024658203125",
                "x_right": "2431.16796875",
                "y_down": "1150.1590576171875",
                "score": "0.9671646952629089",
                "text": "(399)"
            }
        }
    ],
    "18": [
        {
            "0": {
                "type": "1",
                "x_left": "197.32266235351562",
                "y_up": "1158.4425048828125",
                "x_right": "475.381103515625",
                "y_down": "1201.20849609375",
                "score": "0.969452440738678",
                "text": "Net earnings (losses)"
            }
        },
        {
            "1": {
                "type": "3",
                "x_left": "1812.8389892578125",
                "y_up": "1158.3814697265625",
                "x_right": "1925.332275390625",
                "y_down": "1198.513427734375",
                "score": "0.9804149866104126",
                "text": "(1,298)"
            }
        },
        {
            "2": {
                "type": "3",
                "x_left": "2077.7265625",
                "y_up": "1159.416015625",
                "x_right": "2172.944091796875",
                "y_down": "1199.5013427734375",
                "score": "0.9706481099128723",
                "text": "6,967"
            }
        },
        {
            "3": {
                "type": "3",
                "x_left": "2311.751953125",
                "y_up": "1157.8302001953125",
                "x_right": "2416.572265625",
                "y_down": "1197.836181640625",
                "score": "0.9726344347000122",
                "text": "10,227"
            }
        }
    ],
    "19": [
        {
            "0": {
                "type": "1",
                "x_left": "127.80091857910156",
                "y_up": "1203.3480224609375",
                "x_right": "925.890869140625",
                "y_down": "1247.5648193359375",
                "score": "0.9340531229972839",
                "text": "Net (earnings) losses attributable to noncontrolling interests"
            }
        },
        {
            "1": {
                "type": "3",
                "x_left": "1812.1793212890625",
                "y_up": "1204.9007568359375",
                "x_right": "1908.4505615234375",
                "y_down": "1246.9073486328125",
                "score": "0.3773895502090454",
                "text": "5"
            }
        },
        {
            "2": {
                "type": "3",
                "x_left": "2042.559814453125",
                "y_up": "1205.4774169921875",
                "x_right": "2176.88623046875",
                "y_down": "1247.7684326171875",
                "score": "0.0916963592171669",
                "text": "(4)"
            }
        },
        {
            "3": {
                "type": "3",
                "x_left": "2305.980224609375",
                "y_up": "1208.9261474609375",
                "x_right": "2434.409912109375",
                "y_down": "1250.1854248046875",
                "score": "0.31403595209121704",
                "text": "(5)"
            }
        }
    ],
    "20": [
        {
            "0": {
                "type": "1",
                "x_left": "183.22862243652344",
                "y_up": "1250.7945556640625",
                "x_right": "753.9630737304688",
                "y_down": "1298.3587646484375",
                "score": "0.8673674464225769",
                "text": "Net earnings (losses) attributable to Altria"
            }
        },
        {
            "1": {
                "type": "3",
                "x_left": "1805.3443603515625",
                "y_up": "1254.43408203125",
                "x_right": "1925.5662841796875",
                "y_down": "1296.8592529296875",
                "score": "0.8147317171096802",
                "text": "(1,293)"
            }
        },
        {
            "2": {
                "type": "3",
                "x_left": "2070.814208984375",
                "y_up": "1255.478515625",
                "x_right": "2169.044921875",
                "y_down": "1296.415771484375",
                "score": "0.7820496559143066",
                "text": "6,963"
            }
        },
        {
            "3": {
                "type": "3",
                "x_left": "2208.56982421875",
                "y_up": "1254.6898193359375",
                "x_right": "2422.723876953125",
                "y_down": "1299.8621826171875",
                "score": "0.8881883025169373",
                "text": "$ 10,222"
            }
        }
    ],
    "21": [
        {
            "0": {
                "type": "1",
                "x_left": "132.8700408935547",
                "y_up": "1307.33740234375",
                "x_right": "340.67523193359375",
                "y_down": "1350.700927734375",
                "score": "0.878838300704956",
                "text": "Per share data:"
            }
        },
        {
            "1": {
                "type": "-2",
                "x_left": "345.67523193359375",
                "y_up": "1307.33740234375",
                "x_right": "2015.1640625",
                "y_down": "1350.700927734375",
                "score": "0",
                "text": ""
            }
        },
        {
            "2": {
                "type": "-2",
                "x_left": "2020.1640625",
                "y_up": "1307.33740234375",
                "x_right": "2175.552734375",
                "y_down": "1350.700927734375",
                "score": "0",
                "text": ""
            }
        },
        {
            "3": {
                "type": "-2",
                "x_left": "2180.552734375",
                "y_up": "1307.33740234375",
                "x_right": "2411.76904296875",
                "y_down": "1350.700927734375",
                "score": "0",
                "text": ""
            }
        }
    ],
    "22": [
        {
            "0": {
                "type": "1",
                "x_left": "194.65196228027344",
                "y_up": "1352.6734619140625",
                "x_right": "900.530517578125",
                "y_down": "1398.128173828125",
                "score": "0.9651491045951843",
                "text": "Basic earnings (losses) per share attributable to Altria"
            }
        },
        {
            "1": {
                "type": "3",
                "x_left": "1711.0084228515625",
                "y_up": "1352.948974609375",
                "x_right": "1928.3245849609375",
                "y_down": "1397.3118896484375",
                "score": "0.9260377883911133",
                "text": "$ (0,70)"
            }
        },
        {
            "2": {
                "type": "3",
                "x_left": "1967.1328125",
                "y_up": "1354.0916748046875",
                "x_right": "2179.5205078125",
                "y_down": "1396.527099609375",
                "score": "0.8543493151664734",
                "text": "$ 3.69"
            }
        },
        {
            "3": {
                "type": "3",
                "x_left": "2217.1474609375",
                "y_up": "1354.26318359375",
                "x_right": "2416.298828125",
                "y_down": "1396.1243896484375",
                "score": "0.9252247214317322",
                "text": "$ 5.31"
            }
        }
    ],
    "23": [
        {
            "0": {
                "type": "1",
                "x_left": "181.11549377441406",
                "y_up": "1399.3170166015625",
                "x_right": "925.4008178710938",
                "y_down": "1447.091064453125",
                "score": "0.9489278793334961",
                "text": "Diluted earnings (losses) per share attributable to Altria"
            }
        },
        {
            "1": {
                "type": "3",
                "x_left": "1703.206298828125",
                "y_up": "1401.837646484375",
                "x_right": "1932.22216796875",
                "y_down": "1442.793701171875",
                "score": "0.9139659404754639",
                "text": "$ (0,70)"
            }
        },
        {
            "2": {
                "type": "3",
                "x_left": "1960.46923828125",
                "y_up": "1402.3331298828125",
                "x_right": "2187.5224609375",
                "y_down": "1439.982177734375",
                "score": "0.7138216495513916",
                "text": ""
            }
        },
        {
            "3": {
                "type": "3",
                "x_left": "2212.023681640625",
                "y_up": "1401.3370361328125",
                "x_right": "2419.3056640625",
                "y_down": "1442.4305419921875",
                "score": "0.8041620850563049",
                "text": "$ 531"
            }
        }
    ],
    "24": [
        {
            "0": {
                "type": "1",
                "x_left": "122.20645141601562",
                "y_up": "1467.9283447265625",
                "x_right": "610.0526733398438",
                "y_down": "1517.280029296875",
                "score": "0.9405480623245239",
                "text": "See notes to consolidated financial statements."
            }
        },
        {
            "1": {
                "type": "-2",
                "x_left": "615.0526733398438",
                "y_up": "1467.9283447265625",
                "x_right": "2015.1640625",
                "y_down": "1517.280029296875",
                "score": "0",
                "text": ""
            }
        },
        {
            "2": {
                "type": "-2",
                "x_left": "2020.1640625",
                "y_up": "1467.9283447265625",
                "x_right": "2175.552734375",
                "y_down": "1517.280029296875",
                "score": "0",
                "text": ""
            }
        },
        {
            "3": {
                "type": "-2",
                "x_left": "2180.552734375",
                "y_up": "1467.9283447265625",
                "x_right": "2411.76904296875",
                "y_down": "1517.280029296875",
                "score": "0",
                "text": ""
            }
        }
    ]
}