{
    "0": [
        {
            "0": {
                "type": "1",
                "x_left": "970.4478149414062",
                "y_up": "189.9747314453125",
                "x_right": "1576.0098876953125",
                "y_down": "236.69180297851562",
                "score": "0.4097388982772827",
                "text": "Altria Group, Inc. and Subsidiaries"
            }
        },
        {
            "1": {
                "type": "-2",
                "x_left": "1581.0098876953125",
                "y_up": "189.9747314453125",
                "x_right": "1867.04248046875",
                "y_down": "236.69180297851562",
                "score": "0",
                "text": ""
            }
        },
        {
            "2": {
                "type": "-2",
                "x_left": "1872.04248046875",
                "y_up": "189.9747314453125",
                "x_right": "2148.358154296875",
                "y_down": "236.69180297851562",
                "score": "0",
                "text": ""
            }
        },
        {
            "3": {
                "type": "-2",
                "x_left": "2153.358154296875",
                "y_up": "189.9747314453125",
                "x_right": "2416.341552734375",
                "y_down": "236.69180297851562",
                "score": "0",
                "text": ""
            }
        },
        {
            "4": {
                "type": "-2",
                "x_left": "2421.341552734375",
                "y_up": "189.9747314453125",
                "x_right": "2416.8408203125",
                "y_down": "236.69180297851562",
                "score": "0",
                "text": ""
            }
        }
    ],
    "1": [
        {
            "0": {
                "type": "-2",
                "x_left": "125.25467681884766",
                "y_up": "231.8271942138672",
                "x_right": "747.7705688476562",
                "y_down": "278.986328125",
                "score": "0",
                "text": ""
            }
        },
        {
            "1": {
                "type": "1",
                "x_left": "752.7705688476562",
                "y_up": "231.8271942138672",
                "x_right": "1797.3419189453125",
                "y_down": "278.986328125",
                "score": "0.6494909524917603",
                "text": "Consolidated Statements of Comprehensive Earnings (Losses)"
            }
        },
        {
            "2": {
                "type": "-2",
                "x_left": "1802.3419189453125",
                "y_up": "231.8271942138672",
                "x_right": "2148.358154296875",
                "y_down": "278.986328125",
                "score": "0",
                "text": ""
            }
        },
        {
            "3": {
                "type": "-2",
                "x_left": "2153.358154296875",
                "y_up": "231.8271942138672",
                "x_right": "2416.341552734375",
                "y_down": "278.986328125",
                "score": "0",
                "text": ""
            }
        },
        {
            "4": {
                "type": "-2",
                "x_left": "2421.341552734375",
                "y_up": "231.8271942138672",
                "x_right": "2416.8408203125",
                "y_down": "278.986328125",
                "score": "0",
                "text": ""
            }
        }
    ],
    "2": [
        {
            "0": {
                "type": "1",
                "x_left": "1146.504150390625",
                "y_up": "273.7933654785156",
                "x_right": "1399.5079345703125",
                "y_down": "309.4736022949219",
                "score": "0.8027992248535156",
                "text": "(in millions of dollars)"
            }
        },
        {
            "1": {
                "type": "-2",
                "x_left": "1404.5079345703125",
                "y_up": "273.7933654785156",
                "x_right": "1867.04248046875",
                "y_down": "309.4736022949219",
                "score": "0",
                "text": ""
            }
        },
        {
            "2": {
                "type": "-2",
                "x_left": "1872.04248046875",
                "y_up": "273.7933654785156",
                "x_right": "2148.358154296875",
                "y_down": "309.4736022949219",
                "score": "0",
                "text": ""
            }
        },
        {
            "3": {
                "type": "-2",
                "x_left": "2153.358154296875",
                "y_up": "273.7933654785156",
                "x_right": "2416.341552734375",
                "y_down": "309.4736022949219",
                "score": "0",
                "text": ""
            }
        },
        {
            "4": {
                "type": "-2",
                "x_left": "2421.341552734375",
                "y_up": "273.7933654785156",
                "x_right": "2416.8408203125",
                "y_down": "309.4736022949219",
                "score": "0",
                "text": ""
            }
        }
    ],
    "3": [
        {
            "0": {
                "type": "1",
                "x_left": "125.25467681884766",
                "y_up": "377.3271179199219",
                "x_right": "553.8594970703125",
                "y_down": "424.02337646484375",
                "score": "0.9604693651199341",
                "text": " for the years ended December 31,"
            }
        },
        {
            "1": {
                "type": "2",
                "x_left": "1786.8245849609375",
                "y_up": "378.4419860839844",
                "x_right": "1867.04248046875",
                "y_down": "419.6094970703125",
                "score": "0.8746576309204102",
                "text": "2019"
            }
        },
        {
            "2": {
                "type": "2",
                "x_left": "2066.12841796875",
                "y_up": "378.57476806640625",
                "x_right": "2148.358154296875",
                "y_down": "420.85009765625",
                "score": "0.876684308052063",
                "text": "2018"
            }
        },
        {
            "3": {
                "type": "2",
                "x_left": "2336.84521484375",
                "y_up": "377.2104797363281",
                "x_right": "2416.341552734375",
                "y_down": "419.898193359375",
                "score": "0.7487446069717407",
                "text": "2017"
            }
        },
        {
            "4": {
                "type": "3",
                "x_left": "2336.2431640625",
                "y_up": "381.01788330078125",
                "x_right": "2416.8408203125",
                "y_down": "422.301513671875",
                "score": "0.05067622289061546",
                "text": "2,017"
            }
        }
    ],
    "4": [
        {
            "0": {
                "type": "1",
                "x_left": "131.2989501953125",
                "y_up": "430.70196533203125",
                "x_right": "419.2214660644531",
                "y_down": "473.3462219238281",
                "score": "0.9763892292976379",
                "text": "Net earnings (losses)"
            }
        },
        {
            "1": {
                "type": "3",
                "x_left": "1645.6239013671875",
                "y_up": "430.4206848144531",
                "x_right": "1882.22802734375",
                "y_down": "476.5965270996094",
                "score": "0.9706940650939941",
                "text": "$ (1,298)"
            }
        },
        {
            "2": {
                "type": "3",
                "x_left": "2035.9620361328125",
                "y_up": "432.8694763183594",
                "x_right": "2145.9658203125",
                "y_down": "472.2783508300781",
                "score": "0.13082639873027802",
                "text": "6,967"
            }
        },
        {
            "3": {
                "type": "-2",
                "x_left": "2336.84521484375",
                "y_up": "430.4206848144531",
                "x_right": "2192.23828125",
                "y_down": "476.5965270996094",
                "score": "0",
                "text": ""
            }
        },
        {
            "4": {
                "type": "3",
                "x_left": "2197.23828125",
                "y_up": "430.6185302734375",
                "x_right": "2413.840087890625",
                "y_down": "475.29132080078125",
                "score": "0.9693074822425842",
                "text": "$ 10,227"
            }
        }
    ],
    "5": [
        {
            "0": {
                "type": "1",
                "x_left": "130.15516662597656",
                "y_up": "480.278076171875",
                "x_right": "679.9951782226562",
                "y_down": "521.5866088867188",
                "score": "0.07460596412420273",
                "text": "Other comprehensive earnings (losses), ne"
            }
        },
        {
            "1": {
                "type": "-2",
                "x_left": "684.9951782226562",
                "y_up": "480.278076171875",
                "x_right": "1867.04248046875",
                "y_down": "521.5866088867188",
                "score": "0",
                "text": ""
            }
        },
        {
            "2": {
                "type": "-2",
                "x_left": "1872.04248046875",
                "y_up": "480.278076171875",
                "x_right": "2148.358154296875",
                "y_down": "521.5866088867188",
                "score": "0",
                "text": ""
            }
        },
        {
            "3": {
                "type": "-2",
                "x_left": "2153.358154296875",
                "y_up": "480.278076171875",
                "x_right": "2416.341552734375",
                "y_down": "521.5866088867188",
                "score": "0",
                "text": ""
            }
        },
        {
            "4": {
                "type": "-2",
                "x_left": "2421.341552734375",
                "y_up": "480.278076171875",
                "x_right": "2416.8408203125",
                "y_down": "521.5866088867188",
                "score": "0",
                "text": ""
            }
        }
    ],
    "6": [
        {
            "0": {
                "type": "1",
                "x_left": "176.3074493408203",
                "y_up": "527.1829833984375",
                "x_right": "368.6114501953125",
                "y_down": "570.1695556640625",
                "score": "0.9382588267326355",
                "text": "Benefit plans"
            }
        },
        {
            "1": {
                "type": "3",
                "x_left": "1811.729736328125",
                "y_up": "522.261474609375",
                "x_right": "1877.0142822265625",
                "y_down": "569.933349609375",
                "score": "0.9642730951309204",
                "text": "(24)"
            }
        },
        {
            "2": {
                "type": "3",
                "x_left": "2096.68603515625",
                "y_up": "525.9447021484375",
                "x_right": "2149.269287109375",
                "y_down": "569.5291137695312",
                "score": "0.9316712021827698",
                "text": "68"
            }
        },
        {
            "3": {
                "type": "-2",
                "x_left": "2336.84521484375",
                "y_up": "522.261474609375",
                "x_right": "2345.620849609375",
                "y_down": "570.1695556640625",
                "score": "0",
                "text": ""
            }
        },
        {
            "4": {
                "type": "3",
                "x_left": "2350.620849609375",
                "y_up": "524.341552734375",
                "x_right": "2414.418701171875",
                "y_down": "567.8843383789062",
                "score": "0.9499759674072266",
                "text": "209"
            }
        }
    ],
    "7": [
        {
            "0": {
                "type": "1",
                "x_left": "176.0813446044922",
                "y_up": "574.4749755859375",
                "x_right": "254.2688446044922",
                "y_down": "614.4478759765625",
                "score": "0.8284998536109924",
                "text": "ABI"
            }
        },
        {
            "1": {
                "type": "3",
                "x_left": "1796.333251953125",
                "y_up": "573.8021850585938",
                "x_right": "1877.1234130859375",
                "y_down": "616.9701538085938",
                "score": "0.9740512371063232",
                "text": "(319)"
            }
        },
        {
            "2": {
                "type": "3",
                "x_left": "2078.62451171875",
                "y_up": "573.6820678710938",
                "x_right": "2156.536376953125",
                "y_down": "616.6474609375",
                "score": "0.9728496074676514",
                "text": "(309)"
            }
        },
        {
            "3": {
                "type": "-2",
                "x_left": "2336.84521484375",
                "y_up": "573.6820678710938",
                "x_right": "2349.716552734375",
                "y_down": "616.9701538085938",
                "score": "0",
                "text": ""
            }
        },
        {
            "4": {
                "type": "3",
                "x_left": "2354.716552734375",
                "y_up": "574.0599365234375",
                "x_right": "2431.216552734375",
                "y_down": "615.0287475585938",
                "score": "0.9592375159263611",
                "text": "(54)"
            }
        }
    ],
    "8": [
        {
            "0": {
                "type": "1",
                "x_left": "166.39453125",
                "y_up": "616.0886840820312",
                "x_right": "750.4274291992188",
                "y_down": "668.2009887695312",
                "score": "0.9624345898628235",
                "text": "Currency translation adjustments and other"
            }
        },
        {
            "1": {
                "type": "3",
                "x_left": "1815.7479248046875",
                "y_up": "621.7340087890625",
                "x_right": "1869.19189453125",
                "y_down": "665.96435546875",
                "score": "0.9473296403884888",
                "text": "26"
            }
        },
        {
            "2": {
                "type": "3",
                "x_left": "2099.536865234375",
                "y_up": "624.2326049804688",
                "x_right": "2158.516357421875",
                "y_down": "666.2152099609375",
                "score": "0.9242214560508728",
                "text": "(1)"
            }
        },
        {
            "3": {
                "type": "-2",
                "x_left": "2336.84521484375",
                "y_up": "616.0886840820312",
                "x_right": "2357.406005859375",
                "y_down": "668.2009887695312",
                "score": "0",
                "text": ""
            }
        },
        {
            "4": {
                "type": "3",
                "x_left": "2362.406005859375",
                "y_up": "622.7670288085938",
                "x_right": "2421.47998046875",
                "y_down": "667.9221801757812",
                "score": "0.908240556716919",
                "text": ""
            }
        }
    ],
    "9": [
        {
            "0": {
                "type": "1",
                "x_left": "237.75050354003906",
                "y_up": "671.6455688476562",
                "x_right": "1161.6502685546875",
                "y_down": "717.8197631835938",
                "score": "0.8191727995872498",
                "text": "Other comprehensive earnings (losses), net of deferred income taxes"
            }
        },
        {
            "1": {
                "type": "3",
                "x_left": "1793.57373046875",
                "y_up": "672.5794067382812",
                "x_right": "1880.3642578125",
                "y_down": "714.8068237304688",
                "score": "0.950798511505127",
                "text": "(317)"
            }
        },
        {
            "2": {
                "type": "3",
                "x_left": "2071.923828125",
                "y_up": "674.2220458984375",
                "x_right": "2160.201416015625",
                "y_down": "715.4556274414062",
                "score": "0.9544802308082581",
                "text": "(242)"
            }
        },
        {
            "3": {
                "type": "-2",
                "x_left": "2336.84521484375",
                "y_up": "671.6455688476562",
                "x_right": "2344.91259765625",
                "y_down": "717.8197631835938",
                "score": "0",
                "text": ""
            }
        },
        {
            "4": {
                "type": "3",
                "x_left": "2349.91259765625",
                "y_up": "674.007080078125",
                "x_right": "2420.56396484375",
                "y_down": "717.288818359375",
                "score": "0.9041239023208618",
                "text": "155"
            }
        }
    ],
    "10": [
        {
            "0": {
                "type": "1",
                "x_left": "248.58180236816406",
                "y_up": "775.5908203125",
                "x_right": "687.85009765625",
                "y_down": "823.88037109375",
                "score": "0.9645477533340454",
                "text": "Comprehensive earnings (losses)"
            }
        },
        {
            "1": {
                "type": "3",
                "x_left": "1772.0859375",
                "y_up": "779.1751708984375",
                "x_right": "1878.6585693359375",
                "y_down": "820.576904296875",
                "score": "0.9776645302772522",
                "text": "(1,615)"
            }
        },
        {
            "2": {
                "type": "3",
                "x_left": "2055.886962890625",
                "y_up": "780.0436401367188",
                "x_right": "2148.037841796875",
                "y_down": "821.0995483398438",
                "score": "0.9654266834259033",
                "text": "6,725"
            }
        },
        {
            "3": {
                "type": "-2",
                "x_left": "2336.84521484375",
                "y_up": "775.5908203125",
                "x_right": "2308.966552734375",
                "y_down": "823.88037109375",
                "score": "0",
                "text": ""
            }
        },
        {
            "4": {
                "type": "3",
                "x_left": "2313.966552734375",
                "y_up": "779.6152954101562",
                "x_right": "2416.392333984375",
                "y_down": "818.5275268554688",
                "score": "0.9764729738235474",
                "text": "10,382"
            }
        }
    ],
    "11": [
        {
            "0": {
                "type": "1",
                "x_left": "174.51780700683594",
                "y_up": "821.6005249023438",
                "x_right": "1028.158935546875",
                "y_down": "933.066162109375",
                "score": "0.11066855490207672",
                "text": "\u2014"
            }
        },
        {
            "1": {
                "type": "-2",
                "x_left": "1033.158935546875",
                "y_up": "821.6005249023438",
                "x_right": "1867.04248046875",
                "y_down": "933.066162109375",
                "score": "0",
                "text": ""
            }
        },
        {
            "2": {
                "type": "-2",
                "x_left": "1872.04248046875",
                "y_up": "821.6005249023438",
                "x_right": "2148.358154296875",
                "y_down": "933.066162109375",
                "score": "0",
                "text": ""
            }
        },
        {
            "3": {
                "type": "-2",
                "x_left": "2153.358154296875",
                "y_up": "821.6005249023438",
                "x_right": "2416.341552734375",
                "y_down": "933.066162109375",
                "score": "0",
                "text": ""
            }
        },
        {
            "4": {
                "type": "-2",
                "x_left": "2421.341552734375",
                "y_up": "821.6005249023438",
                "x_right": "2416.8408203125",
                "y_down": "933.066162109375",
                "score": "0",
                "text": ""
            }
        }
    ],
    "12": [
        {
            "0": {
                "type": "1",
                "x_left": "129.12619018554688",
                "y_up": "824.3697509765625",
                "x_right": "1065.6552734375",
                "y_down": "871.0327758789062",
                "score": "0.9319106936454773",
                "text": "Comprehensive (earnings) losses attributable to noncontrolling interests"
            }
        },
        {
            "1": {
                "type": "-2",
                "x_left": "1786.8245849609375",
                "y_up": "824.3697509765625",
                "x_right": "2092.1728515625",
                "y_down": "871.0327758789062",
                "score": "0",
                "text": ""
            }
        },
        {
            "2": {
                "type": "-2",
                "x_left": "2066.12841796875",
                "y_up": "824.3697509765625",
                "x_right": "2331.84521484375",
                "y_down": "871.0327758789062",
                "score": "0",
                "text": ""
            }
        },
        {
            "3": {
                "type": "-2",
                "x_left": "2336.84521484375",
                "y_up": "824.3697509765625",
                "x_right": "2288.86279296875",
                "y_down": "871.0327758789062",
                "score": "0",
                "text": ""
            }
        },
        {
            "4": {
                "type": "3",
                "x_left": "2293.86279296875",
                "y_up": "829.3219604492188",
                "x_right": "2430.130615234375",
                "y_down": "870.712158203125",
                "score": "0.07099269330501556",
                "text": "(5)"
            }
        }
    ],
    "13": [
        {
            "0": {
                "type": "1",
                "x_left": "239.8326873779297",
                "y_up": "873.7403564453125",
                "x_right": "960.6153564453125",
                "y_down": "921.2957153320312",
                "score": "0.9631016850471497",
                "text": "Comprehensive earnings (losses) attributable to Altria"
            }
        },
        {
            "1": {
                "type": "3",
                "x_left": "1642.572509765625",
                "y_up": "873.9317016601562",
                "x_right": "1884.2821044921875",
                "y_down": "922.4808349609375",
                "score": "0.9738231301307678",
                "text": "$ (1,610)"
            }
        },
        {
            "2": {
                "type": "3",
                "x_left": "1921.5760498046875",
                "y_up": "875.4005126953125",
                "x_right": "2154.4658203125",
                "y_down": "919.8731079101562",
                "score": "0.9567968249320984",
                "text": "$ 6,721"
            }
        },
        {
            "3": {
                "type": "-2",
                "x_left": "2336.84521484375",
                "y_up": "873.7403564453125",
                "x_right": "2184.004150390625",
                "y_down": "922.4808349609375",
                "score": "0",
                "text": ""
            }
        },
        {
            "4": {
                "type": "3",
                "x_left": "2189.004150390625",
                "y_up": "874.966796875",
                "x_right": "2418.91943359375",
                "y_down": "921.122802734375",
                "score": "0.9552198648452759",
                "text": "$ 10,377"
            }
        }
    ],
    "14": [
        {
            "0": {
                "type": "1",
                "x_left": "122.7923812866211",
                "y_up": "955.6065063476562",
                "x_right": "615.45263671875",
                "y_down": "1005.0701904296875",
                "score": "0.9370187520980835",
                "text": "See notes to consolidated financial statements."
            }
        },
        {
            "1": {
                "type": "-2",
                "x_left": "620.45263671875",
                "y_up": "955.6065063476562",
                "x_right": "1867.04248046875",
                "y_down": "1005.0701904296875",
                "score": "0",
                "text": ""
            }
        },
        {
            "2": {
                "type": "-2",
                "x_left": "1872.04248046875",
                "y_up": "955.6065063476562",
                "x_right": "2148.358154296875",
                "y_down": "1005.0701904296875",
                "score": "0",
                "text": ""
            }
        },
        {
            "3": {
                "type": "-2",
                "x_left": "2153.358154296875",
                "y_up": "955.6065063476562",
                "x_right": "2416.341552734375",
                "y_down": "1005.0701904296875",
                "score": "0",
                "text": ""
            }
        },
        {
            "4": {
                "type": "-2",
                "x_left": "2421.341552734375",
                "y_up": "955.6065063476562",
                "x_right": "2416.8408203125",
                "y_down": "1005.0701904296875",
                "score": "0",
                "text": ""
            }
        }
    ]
}