{
    "0": [
        {
            "0": {
                "type": "-2",
                "x_left": "1075.779296875",
                "y_up": "234.6022186279297",
                "x_right": "1577.221435546875",
                "y_down": "276.4815673828125",
                "score": "0",
                "text": ""
            }
        },
        {
            "1": {
                "type": "-2",
                "x_left": "1582.221435546875",
                "y_up": "234.6022186279297",
                "x_right": "864.6095581054688",
                "y_down": "276.4815673828125",
                "score": "0",
                "text": ""
            }
        },
        {
            "2": {
                "type": "1",
                "x_left": "869.6095581054688",
                "y_up": "234.6022186279297",
                "x_right": "1626.50244140625",
                "y_down": "276.4815673828125",
                "score": "0.4146224856376648",
                "text": "Consolidated Statements of Stockholders' Eau"
            }
        }
    ],
    "1": [
        {
            "0": {
                "type": "1",
                "x_left": "1020.3840942382812",
                "y_up": "272.81964111328125",
                "x_right": "1514.8043212890625",
                "y_down": "318.8483581542969",
                "score": "0.42981666326522827",
                "text": "(in millions of dollars, except per share data)"
            }
        },
        {
            "1": {
                "type": "-2",
                "x_left": "1519.8043212890625",
                "y_up": "272.81964111328125",
                "x_right": "1739.88134765625",
                "y_down": "318.8483581542969",
                "score": "0",
                "text": ""
            }
        },
        {
            "2": {
                "type": "-2",
                "x_left": "1744.88134765625",
                "y_up": "272.81964111328125",
                "x_right": "1760.478271484375",
                "y_down": "318.8483581542969",
                "score": "0",
                "text": ""
            }
        }
    ],
    "2": [
        {
            "0": {
                "type": "2",
                "x_left": "1304.945068359375",
                "y_up": "379.59564208984375",
                "x_right": "1572.406494140625",
                "y_down": "431.83917236328125",
                "score": "0.29890233278274536",
                "text": "Attributable to Altria"
            }
        },
        {
            "1": {
                "type": "-2",
                "x_left": "1577.406494140625",
                "y_up": "379.59564208984375",
                "x_right": "1739.88134765625",
                "y_down": "431.83917236328125",
                "score": "0",
                "text": ""
            }
        },
        {
            "2": {
                "type": "-2",
                "x_left": "1744.88134765625",
                "y_up": "379.59564208984375",
                "x_right": "1760.478271484375",
                "y_down": "431.83917236328125",
                "score": "0",
                "text": ""
            }
        }
    ],
    "3": [
        {
            "0": {
                "type": "2",
                "x_left": "1075.779296875",
                "y_up": "448.41534423828125",
                "x_right": "1207.3470458984375",
                "y_down": "493.6783142089844",
                "score": "0.5424164533615112",
                "text": "Additional"
            }
        },
        {
            "1": {
                "type": "2",
                "x_left": "1582.221435546875",
                "y_up": "429.6307373046875",
                "x_right": "1739.88134765625",
                "y_down": "469.16217041015625",
                "score": "0.7649577260017395",
                "text": "Accumulated"
            }
        },
        {
            "2": {
                "type": "2",
                "x_left": "1545.396728515625",
                "y_up": "429.6159973144531",
                "x_right": "1760.478271484375",
                "y_down": "494.28265380859375",
                "score": "0.12965457141399384",
                "text": "_ ASU ther"
            }
        }
    ],
    "4": [
        {
            "0": {
                "type": "2",
                "x_left": "886.0780639648438",
                "y_up": "477.5250549316406",
                "x_right": "998.6259765625",
                "y_down": "537.430908203125",
                "score": "0.6294835805892944",
                "text": "aC"
            }
        },
        {
            "1": {
                "type": "2",
                "x_left": "1105.3662109375",
                "y_up": "488.1334533691406",
                "x_right": "1211.6910400390625",
                "y_down": "540.5172729492188",
                "score": "0.2683609426021576",
                "text": "Cail"
            }
        },
        {
            "2": {
                "type": "2",
                "x_left": "1331.0733642578125",
                "y_up": "453.52447509765625",
                "x_right": "1460.9732666015625",
                "y_down": "496.935546875",
                "score": "0.384394109249115",
                "text": "; Earnings"
            }
        },
        {
            "3": {
                "type": "2",
                "x_left": "1305.1746826171875",
                "y_up": "462.5235290527344",
                "x_right": "1463.96875",
                "y_down": "512.8052978515625",
                "score": "0.4041118323802948",
                "text": "Ra eae"
            }
        },
        {
            "4": {
                "type": "2",
                "x_left": "1298.3931884765625",
                "y_up": "484.2648010253906",
                "x_right": "1464.208740234375",
                "y_down": "537.0900268554688",
                "score": "0.320293664932251",
                "text": "Relnvestod in"
            }
        },
        {
            "5": {
                "type": "2",
                "x_left": "1551.574951171875",
                "y_up": "478.4856262207031",
                "x_right": "1743.90234375",
                "y_down": "518.1370239257812",
                "score": "0.30211326479911804",
                "text": "Comprehensive"
            }
        },
        {
            "6": {
                "type": "2",
                "x_left": "1803.4595947265625",
                "y_up": "485.18701171875",
                "x_right": "1972.3060302734375",
                "y_down": "535.5020141601562",
                "score": "0.10079417377710342",
                "text": "Repune}aned"
            }
        },
        {
            "7": {
                "type": "2",
                "x_left": "1808.37451171875",
                "y_up": "468.9613342285156",
                "x_right": "1974.32958984375",
                "y_down": "517.3670043945312",
                "score": "0.533384382724762",
                "text": "Repu rchased"
            }
        },
        {
            "8": {
                "type": "2",
                "x_left": "2039.023681640625",
                "y_up": "483.05511474609375",
                "x_right": "2171.845703125",
                "y_down": "538.0633544921875",
                "score": "0.5249090790748596",
                "text": "i"
            }
        },
        {
            "9": {
                "type": "2",
                "x_left": "2036.7481689453125",
                "y_up": "472.08770751953125",
                "x_right": "2174.910400390625",
                "y_down": "516.5831298828125",
                "score": "0.2253478467464447",
                "text": "controlling"
            }
        },
        {
            "10": {
                "type": "2",
                "x_left": "2244.776123046875",
                "y_up": "475.8708801269531",
                "x_right": "2413.20556640625",
                "y_down": "516.404541015625",
                "score": "0.4280175566673279",
                "text": "Stockholders?"
            }
        }
    ],
    "5": [
        {
            "0": {
                "type": "-1",
                "x_left": "-1",
                "y_up": "-1",
                "x_right": "-1",
                "y_down": "-1",
                "score": "-1",
                "text": "Stock Capital \u201cthe Business :"
            }
        },
        {
            "1": {
                "type": "3",
                "x_left": "1107.136962890625",
                "y_up": "503.3921203613281",
                "x_right": "1209.6380615234375",
                "y_down": "541.575927734375",
                "score": "0.1579560488462448",
                "text": ""
            }
        },
        {
            "2": {
                "type": "3",
                "x_left": "1300.4422607421875",
                "y_up": "504.8852233886719",
                "x_right": "1460.8775634765625",
                "y_down": "541.0248413085938",
                "score": "0.06600120663642883",
                "text": ""
            }
        },
        {
            "3": {
                "type": "3",
                "x_left": "2237.13232421875",
                "y_up": "510.41864013671875",
                "x_right": "2414.43896484375",
                "y_down": "543.4921875",
                "score": "0.07023299485445023",
                "text": ""
            }
        }
    ],
    "6": [
        {
            "0": {
                "type": "1",
                "x_left": "127.14996337890625",
                "y_up": "552.5227661132812",
                "x_right": "458.173095703125",
                "y_down": "594.9805908203125",
                "score": "0.9421570897102356",
                "text": "Balances, December 31, 2016"
            }
        },
        {
            "1": {
                "type": "3",
                "x_left": "838.5087890625",
                "y_up": "551.964599609375",
                "x_right": "1003.5048828125",
                "y_down": "594.879150390625",
                "score": "0.9556255340576172",
                "text": ""
            }
        },
        {
            "2": {
                "type": "3",
                "x_left": "1029.6575927734375",
                "y_up": "551.9528198242188",
                "x_right": "1210.158935546875",
                "y_down": "594.1505737304688",
                "score": "0.9666928648948669",
                "text": "$ 5,893"
            }
        },
        {
            "3": {
                "type": "3",
                "x_left": "1242.3463134765625",
                "y_up": "553.5700073242188",
                "x_right": "1464.0859375",
                "y_down": "591.6587524414062",
                "score": "0.965373694896698",
                "text": "$ 36,906"
            }
        },
        {
            "4": {
                "type": "3",
                "x_left": "1494.8804931640625",
                "y_up": "555.1968994140625",
                "x_right": "1746.360595703125",
                "y_down": "591.1941528320312",
                "score": "0.9368904829025269",
                "text": "$ (2,052)"
            }
        },
        {
            "5": {
                "type": "3",
                "x_left": "1775.968994140625",
                "y_up": "552.4546508789062",
                "x_right": "1974.2576904296875",
                "y_down": "592.2174072265625",
                "score": "0.9738965034484863",
                "text": "$ (28,912)"
            }
        },
        {
            "6": {
                "type": "3",
                "x_left": "2006.563720703125",
                "y_up": "554.1864013671875",
                "x_right": "2179.60888671875",
                "y_down": "592.5297241210938",
                "score": "0.9675655961036682",
                "text": "$ 3"
            }
        },
        {
            "7": {
                "type": "3",
                "x_left": "2197.554931640625",
                "y_up": "552.9387817382812",
                "x_right": "2415.939208984375",
                "y_down": "591.7670288085938",
                "score": "0.9616411328315735",
                "text": "$ 12,773"
            }
        }
    ],
    "7": [
        {
            "0": {
                "type": "1",
                "x_left": "132.4195556640625",
                "y_up": "601.2272338867188",
                "x_right": "395.87847900390625",
                "y_down": "640.1880493164062",
                "score": "0.9488092064857483",
                "text": "Net earnings (losses) !"
            }
        },
        {
            "1": {
                "type": "3",
                "x_left": "1375.35498046875",
                "y_up": "600.1605224609375",
                "x_right": "1462.8597412109375",
                "y_down": "639.7478637695312",
                "score": "0.9214423894882202",
                "text": "10,222"
            }
        },
        {
            "2": {
                "type": "3",
                "x_left": "2331.09033203125",
                "y_up": "600.982177734375",
                "x_right": "2416.17626953125",
                "y_down": "640.4864501953125",
                "score": "0.9520446062088013",
                "text": "10,222"
            }
        }
    ],
    "8": [
        {
            "0": {
                "type": "1",
                "x_left": "131.61868286132812",
                "y_up": "637.64501953125",
                "x_right": "598.0006103515625",
                "y_down": "694.89013671875",
                "score": "0.7478352785110474",
                "text": "Other comprehensive earnings (losses), net"
            }
        },
        {
            "1": {
                "type": "-2",
                "x_left": "603.0006103515625",
                "y_up": "637.64501953125",
                "x_right": "1739.88134765625",
                "y_down": "694.89013671875",
                "score": "0",
                "text": ""
            }
        },
        {
            "2": {
                "type": "-2",
                "x_left": "1744.88134765625",
                "y_up": "637.64501953125",
                "x_right": "1760.478271484375",
                "y_down": "694.89013671875",
                "score": "0",
                "text": ""
            }
        }
    ],
    "9": [
        {
            "0": {
                "type": "1",
                "x_left": "129.95706176757812",
                "y_up": "708.529541015625",
                "x_right": "354.75244140625",
                "y_down": "752.2288208007812",
                "score": "0.9675679206848145",
                "text": "Stock award activity"
            }
        },
        {
            "1": {
                "type": "3",
                "x_left": "1160.0897216796875",
                "y_up": "706.0936889648438",
                "x_right": "1213.420654296875",
                "y_down": "750.9249267578125",
                "score": "0.9452162384986877",
                "text": "39"
            }
        },
        {
            "2": {
                "type": "3",
                "x_left": "1918.7264404296875",
                "y_up": "707.981201171875",
                "x_right": "1978.4979248046875",
                "y_down": "752.0027465820312",
                "score": "0.9450100064277649",
                "text": "(35)"
            }
        }
    ],
    "10": [
        {
            "0": {
                "type": "1",
                "x_left": "129.82705688476562",
                "y_up": "755.2119750976562",
                "x_right": "583.8131103515625",
                "y_down": "802.1126708984375",
                "score": "0.9459313154220581",
                "text": "Cash dividends declared ($2.54 per share)"
            }
        },
        {
            "1": {
                "type": "3",
                "x_left": "1378.7967529296875",
                "y_up": "758.2984619140625",
                "x_right": "1473.784423828125",
                "y_down": "799.8961181640625",
                "score": "0.9672865867614746",
                "text": "(4,877)"
            }
        },
        {
            "2": {
                "type": "3",
                "x_left": "2333.839111328125",
                "y_up": "757.5187377929688",
                "x_right": "2426.3662109375",
                "y_down": "798.8873901367188",
                "score": "0.9821731448173523",
                "text": "(4,877)"
            }
        }
    ],
    "11": [
        {
            "0": {
                "type": "1",
                "x_left": "133.0966339111328",
                "y_up": "804.3052978515625",
                "x_right": "466.2589111328125",
                "y_down": "847.8975830078125",
                "score": "0.9735158681869507",
                "text": "Repurchases of common stock"
            }
        },
        {
            "1": {
                "type": "3",
                "x_left": "1890.1483154296875",
                "y_up": "804.5408935546875",
                "x_right": "1977.594482421875",
                "y_down": "846.9721069335938",
                "score": "0.9674199819564819",
                "text": "(2,917)"
            }
        },
        {
            "2": {
                "type": "3",
                "x_left": "2334.67236328125",
                "y_up": "805.8042602539062",
                "x_right": "2427.53125",
                "y_down": "848.3822021484375",
                "score": "0.973451554775238",
                "text": "(2,917)"
            }
        }
    ],
    "12": [
        {
            "0": {
                "type": "1",
                "x_left": "152.5790557861328",
                "y_up": "853.1222534179688",
                "x_right": "481.1899108886719",
                "y_down": "896.9013061523438",
                "score": "0.9768041968345642",
                "text": "Balances, December 31, 2017"
            }
        },
        {
            "1": {
                "type": "3",
                "x_left": "1130.24755859375",
                "y_up": "854.7630615234375",
                "x_right": "1207.4373779296875",
                "y_down": "897.8915405273438",
                "score": "0.9681528806686401",
                "text": "5,952"
            }
        },
        {
            "2": {
                "type": "3",
                "x_left": "1374.641357421875",
                "y_up": "855.65087890625",
                "x_right": "1462.09814453125",
                "y_down": "898.0315551757812",
                "score": "0.9811846613883972",
                "text": "42,251"
            }
        },
        {
            "3": {
                "type": "3",
                "x_left": "1659.7996826171875",
                "y_up": "855.3063354492188",
                "x_right": "1746.8170166015625",
                "y_down": "898.1898803710938",
                "score": "0.9774042367935181",
                "text": "(1,897)"
            }
        },
        {
            "4": {
                "type": "3",
                "x_left": "1879.5703125",
                "y_up": "856.237060546875",
                "x_right": "1979.289794921875",
                "y_down": "897.1757202148438",
                "score": "0.9824774861335754",
                "text": "(31,864)"
            }
        },
        {
            "5": {
                "type": "3",
                "x_left": "2329.708251953125",
                "y_up": "856.0227661132812",
                "x_right": "2415.811767578125",
                "y_down": "896.807373046875",
                "score": "0.9717918038368225",
                "text": "15,380"
            }
        }
    ],
    "13": [
        {
            "0": {
                "type": "1",
                "x_left": "125.72806549072266",
                "y_up": "900.6602783203125",
                "x_right": "683.0608520507812",
                "y_down": "947.9201049804688",
                "score": "0.9059850573539734",
                "text": "Reclassification due to adoption of ASU 2018-02 \u00b0)"
            }
        },
        {
            "1": {
                "type": "3",
                "x_left": "1397.813232421875",
                "y_up": "917.58642578125",
                "x_right": "1465.94970703125",
                "y_down": "954.322509765625",
                "score": "0.07516271620988846",
                "text": ""
            }
        },
        {
            "2": {
                "type": "3",
                "x_left": "1675.3609619140625",
                "y_up": "902.0950927734375",
                "x_right": "1751.03564453125",
                "y_down": "942.0462646484375",
                "score": "0.9578562378883362",
                "text": "(408)"
            }
        }
    ],
    "14": [
        {
            "0": {
                "type": "1",
                "x_left": "132.32049560546875",
                "y_up": "951.5086059570312",
                "x_right": "429.2304382324219",
                "y_down": "989.0454711914062",
                "score": "0.4351864159107208",
                "text": "Net earnings (losses) !)"
            }
        },
        {
            "1": {
                "type": "3",
                "x_left": "1385.7740478515625",
                "y_up": "951.36572265625",
                "x_right": "1464.916748046875",
                "y_down": "992.0003051757812",
                "score": "0.9679937958717346",
                "text": "6,963"
            }
        },
        {
            "2": {
                "type": "3",
                "x_left": "2337.24853515625",
                "y_up": "951.7265014648438",
                "x_right": "2416.084228515625",
                "y_down": "992.496337890625",
                "score": "0.9658151865005493",
                "text": "6,963"
            }
        }
    ],
    "15": [
        {
            "0": {
                "type": "1",
                "x_left": "152.89547729492188",
                "y_up": "1011.6909790039062",
                "x_right": "474.7991027832031",
                "y_down": "1051.3668212890625",
                "score": "0.1358378529548645",
                "text": "Sig ie un ATO. ek eiiclareiincameancs\u201d"
            }
        },
        {
            "1": {
                "type": "-2",
                "x_left": "479.7991027832031",
                "y_up": "1011.6909790039062",
                "x_right": "1739.88134765625",
                "y_down": "1051.3668212890625",
                "score": "0",
                "text": ""
            }
        },
        {
            "2": {
                "type": "-2",
                "x_left": "1744.88134765625",
                "y_up": "1011.6909790039062",
                "x_right": "1760.478271484375",
                "y_down": "1051.3668212890625",
                "score": "0",
                "text": ""
            }
        }
    ],
    "16": [
        {
            "0": {
                "type": "1",
                "x_left": "135.62265014648438",
                "y_up": "1060.6986083984375",
                "x_right": "353.13055419921875",
                "y_down": "1103.557373046875",
                "score": "0.9781219959259033",
                "text": "Stock award activity"
            }
        },
        {
            "1": {
                "type": "-2",
                "x_left": "358.13055419921875",
                "y_up": "1060.6986083984375",
                "x_right": "1739.88134765625",
                "y_down": "1103.557373046875",
                "score": "0",
                "text": ""
            }
        },
        {
            "2": {
                "type": "-2",
                "x_left": "1744.88134765625",
                "y_up": "1060.6986083984375",
                "x_right": "1760.478271484375",
                "y_down": "1103.557373046875",
                "score": "0",
                "text": ""
            }
        }
    ],
    "17": [
        {
            "0": {
                "type": "1",
                "x_left": "134.4906005859375",
                "y_up": "1104.5592041015625",
                "x_right": "586.7816772460938",
                "y_down": "1152.4918212890625",
                "score": "0.9283106923103333",
                "text": "Cash dividends declared ($3.00 per share)"
            }
        },
        {
            "1": {
                "type": "3",
                "x_left": "1380.75732421875",
                "y_up": "1107.4986572265625",
                "x_right": "1474.2105712890625",
                "y_down": "1151.819091796875",
                "score": "0.9555323719978333",
                "text": "(5,660)"
            }
        },
        {
            "2": {
                "type": "3",
                "x_left": "2332.7041015625",
                "y_up": "1108.6256103515625",
                "x_right": "2424.07470703125",
                "y_down": "1151.1834716796875",
                "score": "0.977062463760376",
                "text": "(5,660)"
            }
        }
    ],
    "18": [
        {
            "0": {
                "type": "1",
                "x_left": "131.47348022460938",
                "y_up": "1156.1622314453125",
                "x_right": "465.9568176269531",
                "y_down": "1199.1348876953125",
                "score": "0.9706904888153076",
                "text": "Repurchases of common stock"
            }
        },
        {
            "1": {
                "type": "3",
                "x_left": "1886.761962890625",
                "y_up": "1157.1956787109375",
                "x_right": "1979.6220703125",
                "y_down": "1197.899169921875",
                "score": "0.9721528887748718",
                "text": "(1,673)"
            }
        },
        {
            "2": {
                "type": "3",
                "x_left": "2331.899169921875",
                "y_up": "1157.2493896484375",
                "x_right": "2426.336181640625",
                "y_down": "1197.9429931640625",
                "score": "0.9743807911872864",
                "text": "(1,673)"
            }
        }
    ],
    "19": [
        {
            "0": {
                "type": "1",
                "x_left": "146.41160583496094",
                "y_up": "1253.409423828125",
                "x_right": "484.0410461425781",
                "y_down": "1298.033447265625",
                "score": "0.941118597984314",
                "text": "Balances, December 31, 2018"
            }
        },
        {
            "1": {
                "type": "3",
                "x_left": "1133.5289306640625",
                "y_up": "1253.54296875",
                "x_right": "1206.709716796875",
                "y_down": "1294.551025390625",
                "score": "0.9728987216949463",
                "text": "5,961"
            }
        },
        {
            "2": {
                "type": "3",
                "x_left": "1378.608154296875",
                "y_up": "1255.9287109375",
                "x_right": "1464.665771484375",
                "y_down": "1297.015625",
                "score": "0.981027364730835",
                "text": "43,962"
            }
        },
        {
            "3": {
                "type": "3",
                "x_left": "1659.8504638671875",
                "y_up": "1251.7303466796875",
                "x_right": "1747.6534423828125",
                "y_down": "1294.80517578125",
                "score": "0.9748640656471252",
                "text": "(2,547)"
            }
        },
        {
            "4": {
                "type": "3",
                "x_left": "1878.3599853515625",
                "y_up": "1252.292236328125",
                "x_right": "1977.7144775390625",
                "y_down": "1294.2548828125",
                "score": "0.9840953946113586",
                "text": "(33,524)"
            }
        },
        {
            "5": {
                "type": "3",
                "x_left": "2330.857666015625",
                "y_up": "1253.8338623046875",
                "x_right": "2416.659912109375",
                "y_down": "1294.5301513671875",
                "score": "0.982029378414154",
                "text": "14,789"
            }
        }
    ],
    "20": [
        {
            "0": {
                "type": "1",
                "x_left": "132.49993896484375",
                "y_up": "1300.9366455078125",
                "x_right": "394.1121520996094",
                "y_down": "1343.0704345703125",
                "score": "0.9442294239997864",
                "text": "Net earnings (losses) (!)"
            }
        },
        {
            "1": {
                "type": "3",
                "x_left": "1377.8643798828125",
                "y_up": "1302.085205078125",
                "x_right": "1471.7718505859375",
                "y_down": "1344.105224609375",
                "score": "0.9756986498832703",
                "text": "(1,293)"
            }
        },
        {
            "2": {
                "type": "3",
                "x_left": "2332.293212890625",
                "y_up": "1301.340576171875",
                "x_right": "2422.469482421875",
                "y_down": "1343.586181640625",
                "score": "0.9749389886856079",
                "text": "(1,300)"
            }
        }
    ],
    "21": [
        {
            "0": {
                "type": "1",
                "x_left": "122.2138671875",
                "y_up": "1345.552734375",
                "x_right": "857.3839721679688",
                "y_down": "1399.8909912109375",
                "score": "0.6678087711334229",
                "text": "Other comprehensive earnings (losses), net of deferred income taxes"
            }
        },
        {
            "1": {
                "type": "-2",
                "x_left": "862.3839721679688",
                "y_up": "1345.552734375",
                "x_right": "1739.88134765625",
                "y_down": "1399.8909912109375",
                "score": "0",
                "text": ""
            }
        },
        {
            "2": {
                "type": "-2",
                "x_left": "1744.88134765625",
                "y_up": "1345.552734375",
                "x_right": "1760.478271484375",
                "y_down": "1399.8909912109375",
                "score": "0",
                "text": ""
            }
        }
    ],
    "22": [
        {
            "0": {
                "type": "1",
                "x_left": "133.51376342773438",
                "y_up": "1397.046630859375",
                "x_right": "363.24676513671875",
                "y_down": "1438.9102783203125",
                "score": "0.8979796767234802",
                "text": "Stock award activity"
            }
        },
        {
            "1": {
                "type": "-2",
                "x_left": "368.24676513671875",
                "y_up": "1397.046630859375",
                "x_right": "1739.88134765625",
                "y_down": "1438.9102783203125",
                "score": "0",
                "text": ""
            }
        },
        {
            "2": {
                "type": "-2",
                "x_left": "1744.88134765625",
                "y_up": "1397.046630859375",
                "x_right": "1760.478271484375",
                "y_down": "1438.9102783203125",
                "score": "0",
                "text": ""
            }
        }
    ],
    "23": [
        {
            "0": {
                "type": "1",
                "x_left": "129.6510772705078",
                "y_up": "1442.409423828125",
                "x_right": "594.0035400390625",
                "y_down": "1489.41943359375",
                "score": "0.9345455765724182",
                "text": "Cash dividends declared ($3.28 per share)"
            }
        },
        {
            "1": {
                "type": "3",
                "x_left": "1380.775634765625",
                "y_up": "1443.89501953125",
                "x_right": "1473.109130859375",
                "y_down": "1485.6634521484375",
                "score": "0.9768117070198059",
                "text": "(6,130)"
            }
        },
        {
            "2": {
                "type": "3",
                "x_left": "2334.27392578125",
                "y_up": "1443.4229736328125",
                "x_right": "2424.19140625",
                "y_down": "1485.2930908203125",
                "score": "0.9807547330856323",
                "text": "(6,130)"
            }
        }
    ],
    "24": [
        {
            "0": {
                "type": "1",
                "x_left": "133.74578857421875",
                "y_up": "1492.0167236328125",
                "x_right": "465.0384216308594",
                "y_down": "1534.8203125",
                "score": "0.9788058400154114",
                "text": "Repurchases of common stock"
            }
        },
        {
            "1": {
                "type": "-2",
                "x_left": "470.0384216308594",
                "y_up": "1492.0167236328125",
                "x_right": "1739.88134765625",
                "y_down": "1534.8203125",
                "score": "0",
                "text": ""
            }
        },
        {
            "2": {
                "type": "-2",
                "x_left": "1744.88134765625",
                "y_up": "1492.0167236328125",
                "x_right": "1760.478271484375",
                "y_down": "1534.8203125",
                "score": "0",
                "text": ""
            }
        }
    ],
    "25": [
        {
            "0": {
                "type": "1",
                "x_left": "129.4874725341797",
                "y_up": "1537.7557373046875",
                "x_right": "595.6222534179688",
                "y_down": "1584.3446044921875",
                "score": "0.9341282248497009",
                "text": "Issuance of noncontrolling interest in Helix"
            }
        },
        {
            "1": {
                "type": "-2",
                "x_left": "600.6222534179688",
                "y_up": "1537.7557373046875",
                "x_right": "1739.88134765625",
                "y_down": "1584.3446044921875",
                "score": "0",
                "text": ""
            }
        },
        {
            "2": {
                "type": "-2",
                "x_left": "1744.88134765625",
                "y_up": "1537.7557373046875",
                "x_right": "1760.478271484375",
                "y_down": "1584.3446044921875",
                "score": "0",
                "text": ""
            }
        }
    ],
    "26": [
        {
            "0": {
                "type": "-1",
                "x_left": "-1",
                "y_up": "-1",
                "x_right": "-1",
                "y_down": "-1",
                "score": "-1",
                "text": "Other \u2014 \u2014 \u2014"
            }
        },
        {
            "1": {
                "type": "-2",
                "x_left": "1582.221435546875",
                "y_up": "1580.6317138671875",
                "x_right": "2115.494140625",
                "y_down": "1629.7584228515625",
                "score": "0",
                "text": ""
            }
        },
        {
            "2": {
                "type": "3",
                "x_left": "2120.494140625",
                "y_up": "1580.6317138671875",
                "x_right": "2436.585205078125",
                "y_down": "1629.7584228515625",
                "score": "0.11943469941616058",
                "text": "14 14"
            }
        }
    ],
    "27": [
        {
            "0": {
                "type": "1",
                "x_left": "104.45098114013672",
                "y_up": "1705.5906982421875",
                "x_right": "1252.584716796875",
                "y_down": "1769.7161865234375",
                "score": "0.23279529809951782",
                "text": "Balances, December 31, 2019 sgh see so oe ae epee ey gen eR mee te oe"
            }
        },
        {
            "1": {
                "type": "-2",
                "x_left": "1582.221435546875",
                "y_up": "1698.416259765625",
                "x_right": "1914.9739990234375",
                "y_down": "1769.7161865234375",
                "score": "0",
                "text": ""
            }
        },
        {
            "2": {
                "type": "3",
                "x_left": "1919.9739990234375",
                "y_up": "1698.416259765625",
                "x_right": "2451.24755859375",
                "y_down": "1750.6561279296875",
                "score": "0.20659269392490387",
                "text": ""
            }
        }
    ],
    "28": [
        {
            "0": {
                "type": "-2",
                "x_left": "1075.779296875",
                "y_up": "1742.32470703125",
                "x_right": "1577.221435546875",
                "y_down": "1853.565185546875",
                "score": "0",
                "text": ""
            }
        },
        {
            "1": {
                "type": "-2",
                "x_left": "1582.221435546875",
                "y_up": "1742.32470703125",
                "x_right": "67.21455383300781",
                "y_down": "1853.565185546875",
                "score": "0",
                "text": ""
            }
        },
        {
            "2": {
                "type": "1",
                "x_left": "72.21455383300781",
                "y_up": "1742.32470703125",
                "x_right": "1710.99560546875",
                "y_down": "1853.565185546875",
                "score": "0.08367384225130081",
                "text": ""
            }
        }
    ],
    "29": [
        {
            "0": {
                "type": "1",
                "x_left": "96.32474517822266",
                "y_up": "1773.5245361328125",
                "x_right": "1410.0550537109375",
                "y_down": "1834.6827392578125",
                "score": "0.0762915164232254",
                "text": "Pi ncome (ASU 2018.02\"), and reclassified the stranded income tex effects of the 2017 Tax Cuts-and Jobs Act (ihe \u201cTax R"
            }
        },
        {
            "1": {
                "type": "-2",
                "x_left": "1415.0550537109375",
                "y_up": "1773.5245361328125",
                "x_right": "1739.88134765625",
                "y_down": "1834.6827392578125",
                "score": "0",
                "text": ""
            }
        },
        {
            "2": {
                "type": "-2",
                "x_left": "1744.88134765625",
                "y_up": "1773.5245361328125",
                "x_right": "1760.478271484375",
                "y_down": "1834.6827392578125",
                "score": "0",
                "text": ","
            }
        }
    ],
    "30": [
        {
            "0": {
                "type": "1",
                "x_left": "128.69277954101562",
                "y_up": "1870.6846923828125",
                "x_right": "618.1864013671875",
                "y_down": "1917.1219482421875",
                "score": "0.9136320948600769",
                "text": "See notes to consolidated financial statements."
            }
        },
        {
            "1": {
                "type": "-2",
                "x_left": "623.1864013671875",
                "y_up": "1870.6846923828125",
                "x_right": "1739.88134765625",
                "y_down": "1917.1219482421875",
                "score": "0",
                "text": ""
            }
        },
        {
            "2": {
                "type": "-2",
                "x_left": "1744.88134765625",
                "y_up": "1870.6846923828125",
                "x_right": "1760.478271484375",
                "y_down": "1917.1219482421875",
                "score": "0",
                "text": ""
            }
        }
    ]
}