{
    "0": [
        {
            "0": {
                "type": "1",
                "x_left": "132.05828857421875",
                "y_up": "224.26524353027344",
                "x_right": "966.2265625",
                "y_down": "274.7646789550781",
                "score": "0.4727342426776886",
                "text": "Item 8. Financial Statements and Supplementary Data."
            }
        },
        {
            "1": {
                "type": "-2",
                "x_left": "971.2265625",
                "y_up": "224.26524353027344",
                "x_right": "2056.705810546875",
                "y_down": "274.7646789550781",
                "score": "0",
                "text": ""
            }
        },
        {
            "2": {
                "type": "-2",
                "x_left": "2061.705810546875",
                "y_up": "224.26524353027344",
                "x_right": "2367.3349609375",
                "y_down": "274.7646789550781",
                "score": "0",
                "text": ""
            }
        }
    ],
    "1": [
        {
            "0": {
                "type": "1",
                "x_left": "981.943359375",
                "y_up": "313.0964050292969",
                "x_right": "1571.06396484375",
                "y_down": "358.0556335449219",
                "score": "0.8890740871429443",
                "text": "Altria Group, Inc. and Subsidiaries"
            }
        },
        {
            "1": {
                "type": "-2",
                "x_left": "1576.06396484375",
                "y_up": "313.0964050292969",
                "x_right": "2056.705810546875",
                "y_down": "358.0556335449219",
                "score": "0",
                "text": ""
            }
        },
        {
            "2": {
                "type": "-2",
                "x_left": "2061.705810546875",
                "y_up": "313.0964050292969",
                "x_right": "2367.3349609375",
                "y_down": "358.0556335449219",
                "score": "0",
                "text": ""
            }
        }
    ],
    "2": [
        {
            "0": {
                "type": "1",
                "x_left": "1030.5018310546875",
                "y_up": "358.9298400878906",
                "x_right": "1515.682373046875",
                "y_down": "400.837890625",
                "score": "0.9429011940956116",
                "text": "Consolidated Balance Sheets"
            }
        },
        {
            "1": {
                "type": "-2",
                "x_left": "1520.682373046875",
                "y_up": "358.9298400878906",
                "x_right": "2056.705810546875",
                "y_down": "400.837890625",
                "score": "0",
                "text": ""
            }
        },
        {
            "2": {
                "type": "-2",
                "x_left": "2061.705810546875",
                "y_up": "358.9298400878906",
                "x_right": "2367.3349609375",
                "y_down": "400.837890625",
                "score": "0",
                "text": ""
            }
        }
    ],
    "3": [
        {
            "0": {
                "type": "1",
                "x_left": "161.7266387939453",
                "y_up": "504.990234375",
                "x_right": "376.4939880371094",
                "y_down": "548.0281372070312",
                "score": "0.945591390132904",
                "text": "(in millions of dollars) at December 31,"
            }
        },
        {
            "1": {
                "type": "2",
                "x_left": "1977.00927734375",
                "y_up": "500.1578369140625",
                "x_right": "2056.705810546875",
                "y_down": "541.8873291015625",
                "score": "0.8642157912254333",
                "text": "2019"
            }
        },
        {
            "2": {
                "type": "2",
                "x_left": "2283.634033203125",
                "y_up": "502.7593078613281",
                "x_right": "2367.3349609375",
                "y_down": "547.8228759765625",
                "score": "0.7810823321342468",
                "text": "2018"
            }
        }
    ],
    "4": [
        {
            "0": {
                "type": "1",
                "x_left": "168.10244750976562",
                "y_up": "557.8416748046875",
                "x_right": "268.45611572265625",
                "y_down": "597.9403076171875",
                "score": "0.9558985233306885",
                "text": "Assets"
            }
        },
        {
            "1": {
                "type": "-2",
                "x_left": "273.45611572265625",
                "y_up": "557.8416748046875",
                "x_right": "2056.705810546875",
                "y_down": "597.9403076171875",
                "score": "0",
                "text": ""
            }
        },
        {
            "2": {
                "type": "-2",
                "x_left": "2061.705810546875",
                "y_up": "557.8416748046875",
                "x_right": "2367.3349609375",
                "y_down": "597.9403076171875",
                "score": "0",
                "text": ""
            }
        }
    ],
    "5": [
        {
            "0": {
                "type": "1",
                "x_left": "222.27447509765625",
                "y_up": "600.4071655273438",
                "x_right": "579.7269897460938",
                "y_down": "647.9228515625",
                "score": "0.9742220640182495",
                "text": "Cash and cash equivalents"
            }
        },
        {
            "1": {
                "type": "3",
                "x_left": "1781.97216796875",
                "y_up": "599.0482788085938",
                "x_right": "2058.972900390625",
                "y_down": "647.173095703125",
                "score": "0.9823341369628906",
                "text": "$ 2,117"
            }
        },
        {
            "2": {
                "type": "3",
                "x_left": "2097.109130859375",
                "y_up": "599.2428588867188",
                "x_right": "2366.10888671875",
                "y_down": "646.8606567382812",
                "score": "0.9813570976257324",
                "text": "$ 1,333"
            }
        }
    ],
    "6": [
        {
            "0": {
                "type": "1",
                "x_left": "226.0422821044922",
                "y_up": "640.3848266601562",
                "x_right": "405.9742736816406",
                "y_down": "753.0505981445312",
                "score": "0.09952869266271591",
                "text": ""
            }
        },
        {
            "1": {
                "type": "-2",
                "x_left": "410.9742736816406",
                "y_up": "640.3848266601562",
                "x_right": "2056.705810546875",
                "y_down": "753.0505981445312",
                "score": "0",
                "text": ""
            }
        },
        {
            "2": {
                "type": "-2",
                "x_left": "2061.705810546875",
                "y_up": "640.3848266601562",
                "x_right": "2367.3349609375",
                "y_down": "753.0505981445312",
                "score": "0",
                "text": ""
            }
        }
    ],
    "7": [
        {
            "0": {
                "type": "1",
                "x_left": "228.89710998535156",
                "y_up": "651.5437622070312",
                "x_right": "399.5470886230469",
                "y_down": "693.7991333007812",
                "score": "0.9651382565498352",
                "text": "Receivables"
            }
        },
        {
            "1": {
                "type": "-2",
                "x_left": "404.5470886230469",
                "y_up": "651.5437622070312",
                "x_right": "2056.705810546875",
                "y_down": "693.7991333007812",
                "score": "0",
                "text": "152"
            }
        },
        {
            "2": {
                "type": "-2",
                "x_left": "2061.705810546875",
                "y_up": "651.5437622070312",
                "x_right": "2367.3349609375",
                "y_down": "693.7991333007812",
                "score": "0",
                "text": "142"
            }
        }
    ],
    "8": [
        {
            "0": {
                "type": "1",
                "x_left": "226.84405517578125",
                "y_up": "697.8682250976562",
                "x_right": "397.749755859375",
                "y_down": "741.178466796875",
                "score": "0.9673447012901306",
                "text": "Inventories:"
            }
        },
        {
            "1": {
                "type": "-2",
                "x_left": "402.749755859375",
                "y_up": "697.8682250976562",
                "x_right": "2056.705810546875",
                "y_down": "741.178466796875",
                "score": "0",
                "text": ""
            }
        },
        {
            "2": {
                "type": "-2",
                "x_left": "2061.705810546875",
                "y_up": "697.8682250976562",
                "x_right": "2367.3349609375",
                "y_down": "741.178466796875",
                "score": "0",
                "text": ""
            }
        }
    ],
    "9": [
        {
            "0": {
                "type": "1",
                "x_left": "280.2158508300781",
                "y_up": "745.7471313476562",
                "x_right": "466.4973449707031",
                "y_down": "787.3216552734375",
                "score": "0.963270366191864",
                "text": "Leaf tobacco"
            }
        },
        {
            "1": {
                "type": "3",
                "x_left": "1994.22998046875",
                "y_up": "742.356201171875",
                "x_right": "2057.53515625",
                "y_down": "788.6304931640625",
                "score": "0.9617993235588074",
                "text": "874"
            }
        },
        {
            "2": {
                "type": "3",
                "x_left": "2301.637451171875",
                "y_up": "744.937255859375",
                "x_right": "2368.51025390625",
                "y_down": "790.0243530273438",
                "score": "0.9583188891410828",
                "text": "940"
            }
        }
    ],
    "10": [
        {
            "0": {
                "type": "1",
                "x_left": "281.71435546875",
                "y_up": "785.2914428710938",
                "x_right": "536.6468505859375",
                "y_down": "892.001220703125",
                "score": "0.18162192404270172",
                "text": "Taino"
            }
        },
        {
            "1": {
                "type": "-2",
                "x_left": "541.6468505859375",
                "y_up": "785.2914428710938",
                "x_right": "2056.705810546875",
                "y_down": "892.001220703125",
                "score": "0",
                "text": ""
            }
        },
        {
            "2": {
                "type": "-2",
                "x_left": "2061.705810546875",
                "y_up": "785.2914428710938",
                "x_right": "2367.3349609375",
                "y_down": "892.001220703125",
                "score": "0",
                "text": ""
            }
        }
    ],
    "11": [
        {
            "0": {
                "type": "1",
                "x_left": "283.24407958984375",
                "y_up": "793.328369140625",
                "x_right": "557.0326538085938",
                "y_down": "836.7888793945312",
                "score": "0.9762952327728271",
                "text": "Other raw materials"
            }
        },
        {
            "1": {
                "type": "3",
                "x_left": "1994.92724609375",
                "y_up": "792.2852783203125",
                "x_right": "2058.4130859375",
                "y_down": "837.777587890625",
                "score": "0.9688665270805359",
                "text": "192"
            }
        },
        {
            "2": {
                "type": "3",
                "x_left": "2300.519287109375",
                "y_up": "794.0845947265625",
                "x_right": "2368.121826171875",
                "y_down": "837.0762329101562",
                "score": "0.968542218208313",
                "text": "186"
            }
        }
    ],
    "12": [
        {
            "0": {
                "type": "1",
                "x_left": "280.12469482421875",
                "y_up": "885.541015625",
                "x_right": "521.0089721679688",
                "y_down": "931.5826416015625",
                "score": "0.9265934228897095",
                "text": "Finished product"
            }
        },
        {
            "1": {
                "type": "-2",
                "x_left": "526.0089721679688",
                "y_up": "885.541015625",
                "x_right": "2056.705810546875",
                "y_down": "931.5826416015625",
                "score": "0",
                "text": "531"
            }
        },
        {
            "2": {
                "type": "-2",
                "x_left": "2061.705810546875",
                "y_up": "885.541015625",
                "x_right": "2367.3349609375",
                "y_down": "931.5826416015625",
                "score": "0",
                "text": "558"
            }
        }
    ],
    "13": [
        {
            "0": {
                "type": "1",
                "x_left": "283.7242736816406",
                "y_up": "841.8179931640625",
                "x_right": "509.5025634765625",
                "y_down": "884.8106689453125",
                "score": "0.9648247361183167",
                "text": "Work in process"
            }
        },
        {
            "1": {
                "type": "3",
                "x_left": "1993.94970703125",
                "y_up": "842.0784301757812",
                "x_right": "2056.551025390625",
                "y_down": "884.2567138671875",
                "score": "0.9638838768005371",
                "text": "696"
            }
        },
        {
            "2": {
                "type": "3",
                "x_left": "2300.15478515625",
                "y_up": "841.4462280273438",
                "x_right": "2364.44189453125",
                "y_down": "883.59033203125",
                "score": "0.9488577246665955",
                "text": "647"
            }
        }
    ],
    "14": [
        {
            "0": {
                "type": "-1",
                "x_left": "-1",
                "y_up": "-1",
                "x_right": "-1",
                "y_down": "-1",
                "score": "-1",
                "text": "Finished product"
            }
        },
        {
            "1": {
                "type": "3",
                "x_left": "1992.514892578125",
                "y_up": "887.659912109375",
                "x_right": "2058.57373046875",
                "y_down": "931.0839233398438",
                "score": "0.9465236067771912",
                "text": "531"
            }
        },
        {
            "2": {
                "type": "3",
                "x_left": "1969.816162109375",
                "y_up": "941.1143188476562",
                "x_right": "2060.909423828125",
                "y_down": "984.0328979492188",
                "score": "0.9815510511398315",
                "text": "2,293"
            }
        },
        {
            "3": {
                "type": "3",
                "x_left": "2275.9755859375",
                "y_up": "941.943359375",
                "x_right": "2366.6767578125",
                "y_down": "984.9810180664062",
                "score": "0.9726002216339111",
                "text": "(239)"
            }
        },
        {
            "4": {
                "type": "3",
                "x_left": "2299.1396484375",
                "y_up": "887.6940307617188",
                "x_right": "2367.538818359375",
                "y_down": "932.1312255859375",
                "score": "0.9383729100227356",
                "text": "558"
            }
        }
    ],
    "15": [
        {
            "0": {
                "type": "1",
                "x_left": "225.64686584472656",
                "y_up": "985.3497924804688",
                "x_right": "413.896240234375",
                "y_down": "1031.1949462890625",
                "score": "0.9479722380638123",
                "text": "Income taxes"
            }
        },
        {
            "1": {
                "type": "3",
                "x_left": "1993.585693359375",
                "y_up": "989.1264038085938",
                "x_right": "2060.542724609375",
                "y_down": "1031.7286376953125",
                "score": "0.9718235731124878",
                "text": "116"
            }
        },
        {
            "2": {
                "type": "-2",
                "x_left": "2065.542724609375",
                "y_up": "985.3497924804688",
                "x_right": "2367.3349609375",
                "y_down": "1031.7286376953125",
                "score": "0",
                "text": "167"
            }
        }
    ],
    "16": [
        {
            "0": {
                "type": "1",
                "x_left": "221.8610076904297",
                "y_up": "1034.3226318359375",
                "x_right": "500.5801696777344",
                "y_down": "1077.4571533203125",
                "score": "0.9533469080924988",
                "text": "Other current assets"
            }
        },
        {
            "1": {
                "type": "3",
                "x_left": "1995.238525390625",
                "y_up": "1033.92529296875",
                "x_right": "2058.50341796875",
                "y_down": "1075.7904052734375",
                "score": "0.9715211391448975",
                "text": "146"
            }
        },
        {
            "2": {
                "type": "3",
                "x_left": "2302.8349609375",
                "y_up": "1035.6322021484375",
                "x_right": "2365.833984375",
                "y_down": "1078.3309326171875",
                "score": "0.9497178792953491",
                "text": "326"
            }
        }
    ],
    "17": [
        {
            "0": {
                "type": "1",
                "x_left": "338.4783935546875",
                "y_up": "1084.6241455078125",
                "x_right": "600.6183471679688",
                "y_down": "1129.9052734375",
                "score": "0.9643033742904663",
                "text": "Total current assets"
            }
        },
        {
            "1": {
                "type": "3",
                "x_left": "1970.7838134765625",
                "y_up": "1083.5089111328125",
                "x_right": "2059.182861328125",
                "y_down": "1127.4637451171875",
                "score": "0.9741137623786926",
                "text": "4,824"
            }
        },
        {
            "2": {
                "type": "3",
                "x_left": "2276.534912109375",
                "y_up": "1084.6409912109375",
                "x_right": "2369.003173828125",
                "y_down": "1127.769287109375",
                "score": "0.968582272529602",
                "text": "4,299"
            }
        }
    ],
    "18": [
        {
            "0": {
                "type": "1",
                "x_left": "227.14212036132812",
                "y_up": "1183.018798828125",
                "x_right": "735.6661987304688",
                "y_down": "1230.38427734375",
                "score": "0.9795365333557129",
                "text": "Property, plant and equipment, at cost:"
            }
        },
        {
            "1": {
                "type": "-2",
                "x_left": "740.6661987304688",
                "y_up": "1183.018798828125",
                "x_right": "2056.705810546875",
                "y_down": "1230.38427734375",
                "score": "0",
                "text": ""
            }
        },
        {
            "2": {
                "type": "-2",
                "x_left": "2061.705810546875",
                "y_up": "1183.018798828125",
                "x_right": "2367.3349609375",
                "y_down": "1230.38427734375",
                "score": "0",
                "text": ""
            }
        }
    ],
    "19": [
        {
            "0": {
                "type": "1",
                "x_left": "283.2406311035156",
                "y_up": "1231.214599609375",
                "x_right": "677.8711547851562",
                "y_down": "1276.2020263671875",
                "score": "0.9586063623428345",
                "text": "Land and land improvements"
            }
        },
        {
            "1": {
                "type": "3",
                "x_left": "1992.458251953125",
                "y_up": "1234.1358642578125",
                "x_right": "2057.508544921875",
                "y_down": "1276.9735107421875",
                "score": "0.953460156917572",
                "text": "353"
            }
        },
        {
            "2": {
                "type": "3",
                "x_left": "2300.250732421875",
                "y_up": "1232.2744140625",
                "x_right": "2366.265625",
                "y_down": "1275.144775390625",
                "score": "0.9400444626808167",
                "text": "309"
            }
        }
    ],
    "20": [
        {
            "0": {
                "type": "1",
                "x_left": "280.2528991699219",
                "y_up": "1278.19140625",
                "x_right": "742.3831787109375",
                "y_down": "1324.8619384765625",
                "score": "0.9635676741600037",
                "text": "Buildings and building equipment"
            }
        },
        {
            "1": {
                "type": "3",
                "x_left": "1970.7474365234375",
                "y_up": "1282.08154296875",
                "x_right": "2057.630859375",
                "y_down": "1323.7799072265625",
                "score": "0.9767434597015381",
                "text": "1,461"
            }
        },
        {
            "2": {
                "type": "3",
                "x_left": "2279.072265625",
                "y_up": "1280.389404296875",
                "x_right": "2365.13427734375",
                "y_down": "1324.04736328125",
                "score": "0.9684591293334961",
                "text": "1,442"
            }
        }
    ],
    "21": [
        {
            "0": {
                "type": "1",
                "x_left": "282.85394287109375",
                "y_up": "1328.383056640625",
                "x_right": "637.8465576171875",
                "y_down": "1372.499267578125",
                "score": "0.972855269908905",
                "text": "Machinery and equipment"
            }
        },
        {
            "1": {
                "type": "3",
                "x_left": "1968.097900390625",
                "y_up": "1326.9888916015625",
                "x_right": "2056.8583984375",
                "y_down": "1369.833740234375",
                "score": "0.9764714241027832",
                "text": "2,998"
            }
        },
        {
            "2": {
                "type": "3",
                "x_left": "2277.06005859375",
                "y_up": "1327.4129638671875",
                "x_right": "2365.3740234375",
                "y_down": "1370.558349609375",
                "score": "0.9721924066543579",
                "text": "2,981"
            }
        }
    ],
    "22": [
        {
            "0": {
                "type": "1",
                "x_left": "279.4134521484375",
                "y_up": "1375.0509033203125",
                "x_right": "612.5462646484375",
                "y_down": "1420.6470947265625",
                "score": "0.9649993181228638",
                "text": "Construction in progress"
            }
        },
        {
            "1": {
                "type": "3",
                "x_left": "1990.243896484375",
                "y_up": "1374.4075927734375",
                "x_right": "2057.377197265625",
                "y_down": "1416.638671875",
                "score": "0.9569860696792603",
                "text": "262"
            }
        },
        {
            "2": {
                "type": "3",
                "x_left": "2299.177978515625",
                "y_up": "1376.772705078125",
                "x_right": "2367.235107421875",
                "y_down": "1419.8702392578125",
                "score": "0.9458668231964111",
                "text": "218"
            }
        }
    ],
    "23": [
        {
            "0": {
                "type": "-1",
                "x_left": "-1",
                "y_up": "-1",
                "x_right": "-1",
                "y_down": "-1",
                "score": "-1",
                "text": ""
            }
        },
        {
            "1": {
                "type": "3",
                "x_left": "1970.009521484375",
                "y_up": "1427.2901611328125",
                "x_right": "2057.428466796875",
                "y_down": "1469.91845703125",
                "score": "0.9786080718040466",
                "text": "5,074"
            }
        },
        {
            "2": {
                "type": "3",
                "x_left": "2279.064453125",
                "y_up": "1427.059326171875",
                "x_right": "2368.456298828125",
                "y_down": "1469.5233154296875",
                "score": "0.9759871959686279",
                "text": "4,950"
            }
        }
    ],
    "24": [
        {
            "0": {
                "type": "1",
                "x_left": "281.0507507324219",
                "y_up": "1467.787353515625",
                "x_right": "696.0962524414062",
                "y_down": "1517.5218505859375",
                "score": "0.9615224003791809",
                "text": "Less accumulated depreciation"
            }
        },
        {
            "1": {
                "type": "3",
                "x_left": "1969.7911376953125",
                "y_up": "1472.509033203125",
                "x_right": "2056.931884765625",
                "y_down": "1513.645263671875",
                "score": "0.9721242785453796",
                "text": "3,075"
            }
        },
        {
            "2": {
                "type": "3",
                "x_left": "2278.251708984375",
                "y_up": "1474.3770751953125",
                "x_right": "2368.356201171875",
                "y_down": "1517.028564453125",
                "score": "0.9663191437721252",
                "text": "3,012"
            }
        }
    ],
    "25": [
        {
            "0": {
                "type": "-1",
                "x_left": "-1",
                "y_up": "-1",
                "x_right": "-1",
                "y_down": "-1",
                "score": "-1",
                "text": "ae. ee _ EE EEO a"
            }
        },
        {
            "1": {
                "type": "3",
                "x_left": "1969.9029541015625",
                "y_up": "1523.283935546875",
                "x_right": "2057.42333984375",
                "y_down": "1565.4737548828125",
                "score": "0.9755235314369202",
                "text": "1,999"
            }
        },
        {
            "2": {
                "type": "3",
                "x_left": "2278.892822265625",
                "y_up": "1522.259765625",
                "x_right": "2368.192626953125",
                "y_down": "1566.5028076171875",
                "score": "0.9613189101219177",
                "text": "1,938"
            }
        }
    ],
    "26": [
        {
            "0": {
                "type": "1",
                "x_left": "224.9346923828125",
                "y_up": "1619.293701171875",
                "x_right": "366.6676025390625",
                "y_down": "1666.61767578125",
                "score": "0.9477885365486145",
                "text": "Goodwill"
            }
        },
        {
            "1": {
                "type": "3",
                "x_left": "1969.0631103515625",
                "y_up": "1624.7996826171875",
                "x_right": "2057.312255859375",
                "y_down": "1667.766357421875",
                "score": "0.9773402214050293",
                "text": "5,177"
            }
        },
        {
            "2": {
                "type": "3",
                "x_left": "2277.028076171875",
                "y_up": "1625.4068603515625",
                "x_right": "2366.251220703125",
                "y_down": "1667.8057861328125",
                "score": "0.9760375022888184",
                "text": "5,196"
            }
        }
    ],
    "27": [
        {
            "0": {
                "type": "1",
                "x_left": "216.09080505371094",
                "y_up": "1670.7587890625",
                "x_right": "625.020751953125",
                "y_down": "1775.61669921875",
                "score": "0.06846573948860168",
                "text": "Other intangible assets, net ivedaacin rope"
            }
        },
        {
            "1": {
                "type": "-2",
                "x_left": "630.020751953125",
                "y_up": "1670.7587890625",
                "x_right": "2056.705810546875",
                "y_down": "1775.61669921875",
                "score": "0",
                "text": ""
            }
        },
        {
            "2": {
                "type": "-2",
                "x_left": "2061.705810546875",
                "y_up": "1670.7587890625",
                "x_right": "2367.3349609375",
                "y_down": "1775.61669921875",
                "score": "0",
                "text": ""
            }
        }
    ],
    "28": [
        {
            "0": {
                "type": "-1",
                "x_left": "-1",
                "y_up": "-1",
                "x_right": "-1",
                "y_down": "-1",
                "score": "-1",
                "text": "Other intangible assets, net"
            }
        },
        {
            "1": {
                "type": "3",
                "x_left": "1956.4193115234375",
                "y_up": "1671.4462890625",
                "x_right": "2059.41259765625",
                "y_down": "1713.2301025390625",
                "score": "0.9836708307266235",
                "text": "12,687"
            }
        },
        {
            "2": {
                "type": "3",
                "x_left": "2264.41455078125",
                "y_up": "1671.7584228515625",
                "x_right": "2366.95068359375",
                "y_down": "1713.9639892578125",
                "score": "0.9824892282485962",
                "text": "12,279"
            }
        }
    ],
    "29": [
        {
            "0": {
                "type": "1",
                "x_left": "222.36245727539062",
                "y_up": "1717.202392578125",
                "x_right": "646.2787475585938",
                "y_down": "1764.5692138671875",
                "score": "0.9703993201255798",
                "text": "Investments in equity securities"
            }
        },
        {
            "1": {
                "type": "3",
                "x_left": "1954.1480712890625",
                "y_up": "1720.447998046875",
                "x_right": "2057.638671875",
                "y_down": "1760.532958984375",
                "score": "0.9754507541656494",
                "text": "23,581"
            }
        },
        {
            "2": {
                "type": "3",
                "x_left": "2263.137451171875",
                "y_up": "1721.8966064453125",
                "x_right": "2366.8681640625",
                "y_down": "1762.839111328125",
                "score": "0.9780068397521973",
                "text": "30,496"
            }
        }
    ],
    "30": [
        {
            "0": {
                "type": "1",
                "x_left": "226.79269409179688",
                "y_up": "1767.2255859375",
                "x_right": "402.8868408203125",
                "y_down": "1808.9681396484375",
                "score": "0.9041982293128967",
                "text": "Other assets"
            }
        },
        {
            "1": {
                "type": "3",
                "x_left": "1968.5699462890625",
                "y_up": "1767.32763671875",
                "x_right": "2056.56396484375",
                "y_down": "1806.54541015625",
                "score": "0.9348124861717224",
                "text": "1,003"
            }
        },
        {
            "2": {
                "type": "3",
                "x_left": "2097.0341796875",
                "y_up": "1770.6295166015625",
                "x_right": "2375.0732421875",
                "y_down": "1809.492431640625",
                "score": "0.08940596878528595",
                "text": "1,251"
            }
        }
    ],
    "31": [
        {
            "0": {
                "type": "1",
                "x_left": "338.7076416015625",
                "y_up": "1816.96337890625",
                "x_right": "521.2769165039062",
                "y_down": "1861.9715576171875",
                "score": "0.8288003206253052",
                "text": "Total Assets"
            }
        },
        {
            "1": {
                "type": "3",
                "x_left": "1941.49267578125",
                "y_up": "1817.7520751953125",
                "x_right": "2056.14892578125",
                "y_down": "1857.4771728515625",
                "score": "0.4870203137397766",
                "text": "49,271"
            }
        },
        {
            "2": {
                "type": "3",
                "x_left": "2088.05126953125",
                "y_up": "1815.4197998046875",
                "x_right": "2370.265625",
                "y_down": "1861.2373046875",
                "score": "0.9702849388122559",
                "text": "$ 55,459"
            }
        }
    ],
    "32": [
        {
            "0": {
                "type": "1",
                "x_left": "122.81183624267578",
                "y_up": "1885.1962890625",
                "x_right": "607.8377685546875",
                "y_down": "1930.5328369140625",
                "score": "0.9007147550582886",
                "text": "See notes to consolidated financial statements."
            }
        },
        {
            "1": {
                "type": "-2",
                "x_left": "612.8377685546875",
                "y_up": "1885.1962890625",
                "x_right": "2056.705810546875",
                "y_down": "1930.5328369140625",
                "score": "0",
                "text": ""
            }
        },
        {
            "2": {
                "type": "-2",
                "x_left": "2061.705810546875",
                "y_up": "1885.1962890625",
                "x_right": "2367.3349609375",
                "y_down": "1930.5328369140625",
                "score": "0",
                "text": ""
            }
        }
    ]
}