{
    "0": [
        {
            "0": {
                "type": "-2",
                "x_left": "197.59007263183594",
                "y_up": "234.98446655273438",
                "x_right": "933.0877075195312",
                "y_down": "276.61981201171875",
                "score": "0",
                "text": ""
            }
        },
        {
            "1": {
                "type": "1",
                "x_left": "938.0877075195312",
                "y_up": "234.98446655273438",
                "x_right": "1604.5703125",
                "y_down": "276.61981201171875",
                "score": "0.8507809042930603",
                "text": "Consolidated Statements of Cash Flows"
            }
        },
        {
            "2": {
                "type": "-2",
                "x_left": "1609.5703125",
                "y_up": "234.98446655273438",
                "x_right": "2121.056640625",
                "y_down": "276.61981201171875",
                "score": "0",
                "text": ""
            }
        },
        {
            "3": {
                "type": "-2",
                "x_left": "2126.056640625",
                "y_up": "234.98446655273438",
                "x_right": "2412.82177734375",
                "y_down": "276.61981201171875",
                "score": "0",
                "text": ""
            }
        }
    ],
    "1": [
        {
            "0": {
                "type": "1",
                "x_left": "1149.9703369140625",
                "y_up": "273.25030517578125",
                "x_right": "1398.44384765625",
                "y_down": "310.130859375",
                "score": "0.9149897694587708",
                "text": "(in millions of dollars)"
            }
        },
        {
            "1": {
                "type": "-2",
                "x_left": "1403.44384765625",
                "y_up": "273.25030517578125",
                "x_right": "1831.4544677734375",
                "y_down": "310.130859375",
                "score": "0",
                "text": ""
            }
        },
        {
            "2": {
                "type": "-2",
                "x_left": "1836.4544677734375",
                "y_up": "273.25030517578125",
                "x_right": "2121.056640625",
                "y_down": "310.130859375",
                "score": "0",
                "text": ""
            }
        },
        {
            "3": {
                "type": "-2",
                "x_left": "2126.056640625",
                "y_up": "273.25030517578125",
                "x_right": "2412.82177734375",
                "y_down": "310.130859375",
                "score": "0",
                "text": ""
            }
        }
    ],
    "2": [
        {
            "0": {
                "type": "1",
                "x_left": "132.3035888671875",
                "y_up": "375.6163024902344",
                "x_right": "608.4085693359375",
                "y_down": "424.78143310546875",
                "score": "0.9472457766532898",
                "text": " for the years ended December 31,"
            }
        },
        {
            "1": {
                "type": "2",
                "x_left": "1743.52685546875",
                "y_up": "380.74615478515625",
                "x_right": "1824.7200927734375",
                "y_down": "421.37921142578125",
                "score": "0.8365437984466553",
                "text": "2019"
            }
        },
        {
            "2": {
                "type": "2",
                "x_left": "2042.922607421875",
                "y_up": "378.1158752441406",
                "x_right": "2124.95068359375",
                "y_down": "418.67181396484375",
                "score": "0.8546460270881653",
                "text": "2018"
            }
        },
        {
            "3": {
                "type": "2",
                "x_left": "2335.543701171875",
                "y_up": "378.03582763671875",
                "x_right": "2417.803466796875",
                "y_down": "420.7865905761719",
                "score": "0.7486527562141418",
                "text": "2017"
            }
        },
        {
            "4": {
                "type": "3",
                "x_left": "2337.76416015625",
                "y_up": "378.75872802734375",
                "x_right": "2420.15478515625",
                "y_down": "426.017578125",
                "score": "0.050625670701265335",
                "text": "2,017"
            }
        }
    ],
    "3": [
        {
            "0": {
                "type": "1",
                "x_left": "137.0589141845703",
                "y_up": "427.4097900390625",
                "x_right": "799.7351684570312",
                "y_down": "476.2853698730469",
                "score": "0.9757934212684631",
                "text": "Cash Provided by (Used in) Operating Activities"
            }
        },
        {
            "1": {
                "type": "-2",
                "x_left": "804.7351684570312",
                "y_up": "427.4097900390625",
                "x_right": "1831.4544677734375",
                "y_down": "476.2853698730469",
                "score": "0",
                "text": ""
            }
        },
        {
            "2": {
                "type": "-2",
                "x_left": "1836.4544677734375",
                "y_up": "427.4097900390625",
                "x_right": "2121.056640625",
                "y_down": "476.2853698730469",
                "score": "0",
                "text": ""
            }
        },
        {
            "3": {
                "type": "-2",
                "x_left": "2126.056640625",
                "y_up": "427.4097900390625",
                "x_right": "2412.82177734375",
                "y_down": "476.2853698730469",
                "score": "0",
                "text": ""
            }
        }
    ],
    "4": [
        {
            "0": {
                "type": "1",
                "x_left": "197.59007263183594",
                "y_up": "478.5714111328125",
                "x_right": "491.6766357421875",
                "y_down": "522.0411376953125",
                "score": "0.8863100409507751",
                "text": "Net earnings (losses)"
            }
        },
        {
            "1": {
                "type": "3",
                "x_left": "1559.3021240234375",
                "y_up": "475.0064697265625",
                "x_right": "1831.4544677734375",
                "y_down": "523.302001953125",
                "score": "0.9836668968200684",
                "text": "$ (1,298)"
            }
        },
        {
            "2": {
                "type": "3",
                "x_left": "1863.226318359375",
                "y_up": "475.07501220703125",
                "x_right": "2121.056640625",
                "y_down": "521.5621948242188",
                "score": "0.9785488247871399",
                "text": "$ 6,967"
            }
        },
        {
            "3": {
                "type": "3",
                "x_left": "2155.222412109375",
                "y_up": "473.8528137207031",
                "x_right": "2412.82177734375",
                "y_down": "522.27880859375",
                "score": "0.979806661605835",
                "text": "$ 10,227"
            }
        }
    ],
    "5": [
        {
            "0": {
                "type": "1",
                "x_left": "194.78602600097656",
                "y_up": "522.6168212890625",
                "x_right": "1120.2218017578125",
                "y_down": "573.1591186523438",
                "score": "0.8742961883544922",
                "text": "Adjustments to reconcile net earnings (losses) to operating cash flows:"
            }
        },
        {
            "1": {
                "type": "-2",
                "x_left": "1125.2218017578125",
                "y_up": "522.6168212890625",
                "x_right": "1831.4544677734375",
                "y_down": "573.1591186523438",
                "score": "0",
                "text": ""
            }
        },
        {
            "2": {
                "type": "-2",
                "x_left": "1836.4544677734375",
                "y_up": "522.6168212890625",
                "x_right": "2121.056640625",
                "y_down": "573.1591186523438",
                "score": "0",
                "text": ""
            }
        },
        {
            "3": {
                "type": "-2",
                "x_left": "2126.056640625",
                "y_up": "522.6168212890625",
                "x_right": "2412.82177734375",
                "y_down": "573.1591186523438",
                "score": "0",
                "text": ""
            }
        }
    ],
    "6": [
        {
            "0": {
                "type": "1",
                "x_left": "254.5382080078125",
                "y_up": "573.3853759765625",
                "x_right": "655.9786987304688",
                "y_down": "617.156005859375",
                "score": "0.9538847804069519",
                "text": "Depreciation and amortization"
            }
        },
        {
            "1": {
                "type": "3",
                "x_left": "1762.8890380859375",
                "y_up": "573.7742919921875",
                "x_right": "1824.746826171875",
                "y_down": "617.9016723632812",
                "score": "0.9381535649299622",
                "text": "226"
            }
        },
        {
            "2": {
                "type": "3",
                "x_left": "2057.38330078125",
                "y_up": "571.2001953125",
                "x_right": "2115.98681640625",
                "y_down": "616.3861083984375",
                "score": "0.8921549916267395",
                "text": "227"
            }
        },
        {
            "3": {
                "type": "3",
                "x_left": "2349.5859375",
                "y_up": "573.2300415039062",
                "x_right": "2416.27880859375",
                "y_down": "615.95556640625",
                "score": "0.9488126039505005",
                "text": "209"
            }
        }
    ],
    "7": [
        {
            "0": {
                "type": "1",
                "x_left": "246.45494079589844",
                "y_up": "620.1771850585938",
                "x_right": "776.939697265625",
                "y_down": "666.2261962890625",
                "score": "0.9733750820159912",
                "text": "Deferred income tax provision (benefit)"
            }
        },
        {
            "1": {
                "type": "3",
                "x_left": "1763.205322265625",
                "y_up": "621.998779296875",
                "x_right": "1831.991455078125",
                "y_down": "665.1453247070312",
                "score": "0.9594400525093079",
                "text": "(95)"
            }
        },
        {
            "2": {
                "type": "3",
                "x_left": "2061.120849609375",
                "y_up": "624.3363647460938",
                "x_right": "2135.032470703125",
                "y_down": "666.9031372070312",
                "score": "0.9633715748786926",
                "text": "(57)"
            }
        },
        {
            "3": {
                "type": "3",
                "x_left": "2318.95166015625",
                "y_up": "622.8585205078125",
                "x_right": "2428.2177734375",
                "y_down": "664.5506591796875",
                "score": "0.9833752512931824",
                "text": "(3,126)"
            }
        }
    ],
    "8": [
        {
            "0": {
                "type": "1",
                "x_left": "252.5768585205078",
                "y_up": "668.2420043945312",
                "x_right": "704.076171875",
                "y_down": "712.39892578125",
                "score": "0.9581024050712585",
                "text": "Earnings from equity investments"
            }
        },
        {
            "1": {
                "type": "3",
                "x_left": "1722.4366455078125",
                "y_up": "669.2056884765625",
                "x_right": "1834.5380859375",
                "y_down": "713.6994018554688",
                "score": "0.973629891872406",
                "text": "(1,725)"
            }
        },
        {
            "2": {
                "type": "3",
                "x_left": "2046.9737548828125",
                "y_up": "670.1517944335938",
                "x_right": "2135.62841796875",
                "y_down": "711.6027221679688",
                "score": "0.9658990502357483",
                "text": "(890)"
            }
        },
        {
            "3": {
                "type": "3",
                "x_left": "2337.153564453125",
                "y_up": "672.0827026367188",
                "x_right": "2428.396240234375",
                "y_down": "713.77001953125",
                "score": "0.9761806130409241",
                "text": "(532)"
            }
        }
    ],
    "9": [
        {
            "0": {
                "type": "1",
                "x_left": "248.40167236328125",
                "y_up": "714.6995239257812",
                "x_right": "961.2203979492188",
                "y_down": "762.6573486328125",
                "score": "0.9414669275283813",
                "text": "(Gain) loss on ABI/SABMiller business combination"
            }
        },
        {
            "1": {
                "type": "-2",
                "x_left": "1559.3021240234375",
                "y_up": "714.6995239257812",
                "x_right": "1858.226318359375",
                "y_down": "762.6573486328125",
                "score": "0",
                "text": ""
            }
        },
        {
            "2": {
                "type": "-2",
                "x_left": "1863.226318359375",
                "y_up": "714.6995239257812",
                "x_right": "2334.3583984375",
                "y_down": "762.6573486328125",
                "score": "0",
                "text": "33"
            }
        },
        {
            "3": {
                "type": "3",
                "x_left": "2339.3583984375",
                "y_up": "719.0078125",
                "x_right": "2427.73291015625",
                "y_down": "761.0386352539062",
                "score": "0.9770032167434692",
                "text": "(445)"
            }
        }
    ],
    "10": [
        {
            "0": {
                "type": "1",
                "x_left": "249.8809356689453",
                "y_up": "763.0098266601562",
                "x_right": "529.1824951171875",
                "y_down": "807.6805419921875",
                "score": "0.9733683466911316",
                "text": "Dividends from ABI"
            }
        },
        {
            "1": {
                "type": "3",
                "x_left": "1758.102294921875",
                "y_up": "765.376953125",
                "x_right": "1827.0677490234375",
                "y_down": "807.9728393554688",
                "score": "0.942984938621521",
                "text": "396"
            }
        },
        {
            "2": {
                "type": "3",
                "x_left": "2056.34375",
                "y_up": "764.59912109375",
                "x_right": "2123.39208984375",
                "y_down": "807.8148193359375",
                "score": "0.9598513245582581",
                "text": "657"
            }
        },
        {
            "3": {
                "type": "3",
                "x_left": "2347.824462890625",
                "y_up": "764.478515625",
                "x_right": "2416.75146484375",
                "y_down": "804.05908203125",
                "score": "0.9206432104110718",
                "text": "806"
            }
        }
    ],
    "11": [
        {
            "0": {
                "type": "1",
                "x_left": "249.19493103027344",
                "y_up": "809.9140014648438",
                "x_right": "839.376953125",
                "y_down": "857.9242553710938",
                "score": "0.96745365858078",
                "text": "Loss on Cronos-related financial instruments"
            }
        },
        {
            "1": {
                "type": "3",
                "x_left": "1736.3638916015625",
                "y_up": "813.8804321289062",
                "x_right": "1827.0968017578125",
                "y_down": "857.257568359375",
                "score": "0.9694256782531738",
                "text": "1,442"
            }
        },
        {
            "2": {
                "type": "-2",
                "x_left": "1832.0968017578125",
                "y_up": "809.9140014648438",
                "x_right": "2121.056640625",
                "y_down": "857.9242553710938",
                "score": "0",
                "text": ""
            }
        },
        {
            "3": {
                "type": "-2",
                "x_left": "2126.056640625",
                "y_up": "809.9140014648438",
                "x_right": "2412.82177734375",
                "y_down": "857.9242553710938",
                "score": "0",
                "text": ""
            }
        }
    ],
    "12": [
        {
            "0": {
                "type": "1",
                "x_left": "252.61488342285156",
                "y_up": "859.3115844726562",
                "x_right": "748.6734619140625",
                "y_down": "903.8172607421875",
                "score": "0.9400950074195862",
                "text": "Impairment of JUUL equity securities"
            }
        },
        {
            "1": {
                "type": "3",
                "x_left": "1735.6829833984375",
                "y_up": "860.9215087890625",
                "x_right": "1828.3807373046875",
                "y_down": "902.596923828125",
                "score": "0.9738591909408569",
                "text": "8,600"
            }
        },
        {
            "2": {
                "type": "-2",
                "x_left": "1833.3807373046875",
                "y_up": "859.3115844726562",
                "x_right": "2121.056640625",
                "y_down": "903.8172607421875",
                "score": "0",
                "text": ""
            }
        },
        {
            "3": {
                "type": "-2",
                "x_left": "2126.056640625",
                "y_up": "859.3115844726562",
                "x_right": "2412.82177734375",
                "y_down": "903.8172607421875",
                "score": "0",
                "text": ""
            }
        }
    ],
    "13": [
        {
            "0": {
                "type": "1",
                "x_left": "250.4164276123047",
                "y_up": "906.2952880859375",
                "x_right": "906.5430297851562",
                "y_down": "953.9708862304688",
                "score": "0.9495880603790283",
                "text": "Asset impairment and exit costs, net of cash paid"
            }
        },
        {
            "1": {
                "type": "-2",
                "x_left": "1559.3021240234375",
                "y_up": "905.850341796875",
                "x_right": "2049.614990234375",
                "y_down": "953.9708862304688",
                "score": "0",
                "text": "41"
            }
        },
        {
            "2": {
                "type": "-2",
                "x_left": "1863.226318359375",
                "y_up": "905.850341796875",
                "x_right": "2351.566162109375",
                "y_down": "953.9708862304688",
                "score": "0",
                "text": "354"
            }
        },
        {
            "3": {
                "type": "3",
                "x_left": "2356.566162109375",
                "y_up": "906.1828002929688",
                "x_right": "2428.99755859375",
                "y_down": "952.0882568359375",
                "score": "0.953407347202301",
                "text": "(38)"
            }
        }
    ],
    "14": [
        {
            "0": {
                "type": "1",
                "x_left": "253.4100341796875",
                "y_up": "955.7493286132812",
                "x_right": "579.8897705078125",
                "y_down": "1001.2592163085938",
                "score": "0.9671263098716736",
                "text": "Cash effects of changes:"
            }
        },
        {
            "1": {
                "type": "-2",
                "x_left": "584.8897705078125",
                "y_up": "955.7493286132812",
                "x_right": "1831.4544677734375",
                "y_down": "1001.2592163085938",
                "score": "0",
                "text": ""
            }
        },
        {
            "2": {
                "type": "-2",
                "x_left": "1836.4544677734375",
                "y_up": "955.7493286132812",
                "x_right": "2121.056640625",
                "y_down": "1001.2592163085938",
                "score": "0",
                "text": ""
            }
        },
        {
            "3": {
                "type": "-2",
                "x_left": "2126.056640625",
                "y_up": "955.7493286132812",
                "x_right": "2412.82177734375",
                "y_down": "1001.2592163085938",
                "score": "0",
                "text": ""
            }
        }
    ],
    "15": [
        {
            "0": {
                "type": "1",
                "x_left": "308.3961181640625",
                "y_up": "1003.000732421875",
                "x_right": "480.2415466308594",
                "y_down": "1047.854248046875",
                "score": "0.955353856086731",
                "text": "Receivables"
            }
        },
        {
            "1": {
                "type": "3",
                "x_left": "1776.9957275390625",
                "y_up": "1004.7232055664062",
                "x_right": "1835.3804931640625",
                "y_down": "1049.1859130859375",
                "score": "0.7989063262939453",
                "text": "(8)"
            }
        },
        {
            "2": {
                "type": "-2",
                "x_left": "1863.226318359375",
                "y_up": "1003.000732421875",
                "x_right": "2352.188232421875",
                "y_down": "1052.844970703125",
                "score": "0",
                "text": ""
            }
        },
        {
            "3": {
                "type": "3",
                "x_left": "2357.188232421875",
                "y_up": "1013.1592407226562",
                "x_right": "2420.04296875",
                "y_down": "1052.844970703125",
                "score": "0.36381494998931885",
                "text": "10"
            }
        }
    ],
    "16": [
        {
            "0": {
                "type": "1",
                "x_left": "309.7311096191406",
                "y_up": "1051.78466796875",
                "x_right": "472.2226867675781",
                "y_down": "1094.8345947265625",
                "score": "0.9670385718345642",
                "text": "Inventories"
            }
        },
        {
            "1": {
                "type": "-2",
                "x_left": "1559.3021240234375",
                "y_up": "1051.625732421875",
                "x_right": "2041.68115234375",
                "y_down": "1094.8345947265625",
                "score": "0",
                "text": "42"
            }
        },
        {
            "2": {
                "type": "-2",
                "x_left": "1863.226318359375",
                "y_up": "1051.625732421875",
                "x_right": "2334.110107421875",
                "y_down": "1095.574462890625",
                "score": "0",
                "text": "(129)"
            }
        },
        {
            "3": {
                "type": "3",
                "x_left": "2339.110107421875",
                "y_up": "1051.9337158203125",
                "x_right": "2430.761962890625",
                "y_down": "1095.574462890625",
                "score": "0.972764790058136",
                "text": "(171)"
            }
        }
    ],
    "17": [
        {
            "0": {
                "type": "1",
                "x_left": "306.5721740722656",
                "y_up": "1099.4656982421875",
                "x_right": "557.1762084960938",
                "y_down": "1143.918212890625",
                "score": "0.9709677696228027",
                "text": "Accounts payable"
            }
        },
        {
            "1": {
                "type": "3",
                "x_left": "1768.071044921875",
                "y_up": "1096.557373046875",
                "x_right": "1835.70263671875",
                "y_down": "1142.7110595703125",
                "score": "0.9696031808853149",
                "text": "(79)"
            }
        },
        {
            "2": {
                "type": "-2",
                "x_left": "1863.226318359375",
                "y_up": "1096.557373046875",
                "x_right": "2347.442138671875",
                "y_down": "1143.918212890625",
                "score": "0",
                "text": "27"
            }
        },
        {
            "3": {
                "type": "3",
                "x_left": "2352.442138671875",
                "y_up": "1100.4637451171875",
                "x_right": "2429.099609375",
                "y_down": "1142.417724609375",
                "score": "0.9694013595581055",
                "text": "(55)"
            }
        }
    ],
    "18": [
        {
            "0": {
                "type": "1",
                "x_left": "309.6443786621094",
                "y_up": "1147.3607177734375",
                "x_right": "499.49859619140625",
                "y_down": "1188.7235107421875",
                "score": "0.9464008808135986",
                "text": "Income taxes"
            }
        },
        {
            "1": {
                "type": "3",
                "x_left": "1774.521484375",
                "y_up": "1143.5390625",
                "x_right": "1830.127685546875",
                "y_down": "1185.3228759765625",
                "score": "0.8676942586898804",
                "text": "89"
            }
        },
        {
            "2": {
                "type": "3",
                "x_left": "2056.310302734375",
                "y_up": "1147.5225830078125",
                "x_right": "2123.52001953125",
                "y_down": "1190.4793701171875",
                "score": "0.9556487202644348",
                "text": "218"
            }
        },
        {
            "3": {
                "type": "3",
                "x_left": "2338.69677734375",
                "y_up": "1147.3988037109375",
                "x_right": "2428.25634765625",
                "y_down": "1190.02783203125",
                "score": "0.9765821099281311",
                "text": "(294)"
            }
        }
    ],
    "19": [
        {
            "0": {
                "type": "1",
                "x_left": "307.0010681152344",
                "y_up": "1192.244140625",
                "x_right": "874.3500366210938",
                "y_down": "1239.9591064453125",
                "score": "0.9470161199569702",
                "text": "Accrued liabilities and other current assets"
            }
        },
        {
            "1": {
                "type": "-2",
                "x_left": "1559.3021240234375",
                "y_up": "1192.244140625",
                "x_right": "2052.326904296875",
                "y_down": "1239.9591064453125",
                "score": "0",
                "text": ""
            }
        },
        {
            "2": {
                "type": "-2",
                "x_left": "1863.226318359375",
                "y_up": "1192.244140625",
                "x_right": "2345.045166015625",
                "y_down": "1239.9591064453125",
                "score": "0",
                "text": "(21)"
            }
        },
        {
            "3": {
                "type": "3",
                "x_left": "2350.045166015625",
                "y_up": "1197.265869140625",
                "x_right": "2429.29296875",
                "y_down": "1239.260986328125",
                "score": "0.9665205478668213",
                "text": "(85)"
            }
        }
    ],
    "20": [
        {
            "0": {
                "type": "1",
                "x_left": "310.01824951171875",
                "y_up": "1239.03857421875",
                "x_right": "676.6163330078125",
                "y_down": "1284.755859375",
                "score": "0.8835634589195251",
                "text": "Accrued settlement charges"
            }
        },
        {
            "1": {
                "type": "3",
                "x_left": "1747.8660888671875",
                "y_up": "1241.1429443359375",
                "x_right": "1832.9732666015625",
                "y_down": "1285.604248046875",
                "score": "0.9694485068321228",
                "text": "(108)"
            }
        },
        {
            "2": {
                "type": "3",
                "x_left": "2053.002685546875",
                "y_up": "1242.58154296875",
                "x_right": "2126.655517578125",
                "y_down": "1284.423828125",
                "score": "0.957252025604248",
                "text": "980"
            }
        },
        {
            "3": {
                "type": "3",
                "x_left": "2316.826171875",
                "y_up": "1243.5986328125",
                "x_right": "2427.926025390625",
                "y_down": "1286.2852783203125",
                "score": "0.983677864074707",
                "text": "(1,259)"
            }
        }
    ],
    "21": [
        {
            "0": {
                "type": "1",
                "x_left": "246.43939208984375",
                "y_up": "1288.92919921875",
                "x_right": "868.0369262695312",
                "y_down": "1335.2110595703125",
                "score": "0.9600249528884888",
                "text": "Pension and postretirement plans contributions"
            }
        },
        {
            "1": {
                "type": "3",
                "x_left": "1765.2515869140625",
                "y_up": "1290.347412109375",
                "x_right": "1834.1197509765625",
                "y_down": "1333.3961181640625",
                "score": "0.9715274572372437",
                "text": "(56)"
            }
        },
        {
            "2": {
                "type": "3",
                "x_left": "2064.017333984375",
                "y_up": "1288.8492431640625",
                "x_right": "2136.045654296875",
                "y_down": "1333.5482177734375",
                "score": "0.9716514348983765",
                "text": "(41)"
            }
        },
        {
            "3": {
                "type": "3",
                "x_left": "2337.5283203125",
                "y_up": "1290.6156005859375",
                "x_right": "2428.939697265625",
                "y_down": "1333.7884521484375",
                "score": "0.9725021123886108",
                "text": "(294)"
            }
        }
    ],
    "22": [
        {
            "0": {
                "type": "1",
                "x_left": "248.199462890625",
                "y_up": "1336.8192138671875",
                "x_right": "810.6109008789062",
                "y_down": "1382.0068359375",
                "score": "0.9609396457672119",
                "text": "Pension provisions and postretirement, net"
            }
        },
        {
            "1": {
                "type": "3",
                "x_left": "1762.51123046875",
                "y_up": "1337.833740234375",
                "x_right": "1835.6197509765625",
                "y_down": "1380.3262939453125",
                "score": "0.9694191813468933",
                "text": "(52)"
            }
        },
        {
            "2": {
                "type": "3",
                "x_left": "2064.923583984375",
                "y_up": "1339.734375",
                "x_right": "2135.71142578125",
                "y_down": "1383.592529296875",
                "score": "0.9671251773834229",
                "text": "(13)"
            }
        },
        {
            "3": {
                "type": "3",
                "x_left": "2353.594970703125",
                "y_up": "1339.7425537109375",
                "x_right": "2431.520263671875",
                "y_down": "1382.0369873046875",
                "score": "0.9682121872901917",
                "text": "(11)"
            }
        }
    ],
    "23": [
        {
            "0": {
                "type": "1",
                "x_left": "247.57559204101562",
                "y_up": "1384.5640869140625",
                "x_right": "394.7466735839844",
                "y_down": "1428.0169677734375",
                "score": "0.9479377269744873",
                "text": "Other, net"
            }
        },
        {
            "1": {
                "type": "3",
                "x_left": "1762.859619140625",
                "y_up": "1385.67431640625",
                "x_right": "1822.5396728515625",
                "y_down": "1426.6553955078125",
                "score": "0.9602416753768921",
                "text": "411"
            }
        },
        {
            "2": {
                "type": "3",
                "x_left": "2066.463623046875",
                "y_up": "1398.8203125",
                "x_right": "2125.43212890625",
                "y_down": "1436.7596435546875",
                "score": "0.10420940071344376",
                "text": ""
            }
        },
        {
            "3": {
                "type": "3",
                "x_left": "2352.94775390625",
                "y_up": "1388.1798095703125",
                "x_right": "2431.95068359375",
                "y_down": "1430.12890625",
                "score": "0.9616245627403259",
                "text": "(41)"
            }
        }
    ],
    "24": [
        {
            "0": {
                "type": "1",
                "x_left": "297.06805419921875",
                "y_up": "1433.923828125",
                "x_right": "961.9512329101562",
                "y_down": "1478.656494140625",
                "score": "0.9495176672935486",
                "text": "Net cash provided by (used in) operating activities"
            }
        },
        {
            "1": {
                "type": "3",
                "x_left": "1738.0985107421875",
                "y_up": "1434.158203125",
                "x_right": "1826.435302734375",
                "y_down": "1476.2353515625",
                "score": "0.9738252758979797",
                "text": "7,837"
            }
        },
        {
            "2": {
                "type": "3",
                "x_left": "2033.275146484375",
                "y_up": "1435.5736083984375",
                "x_right": "2123.644287109375",
                "y_down": "1477.6502685546875",
                "score": "0.961735188961029",
                "text": "8,391"
            }
        },
        {
            "3": {
                "type": "3",
                "x_left": "2332.160400390625",
                "y_up": "1434.12939453125",
                "x_right": "2415.836181640625",
                "y_down": "1476.598388671875",
                "score": "0.9586168527603149",
                "text": "4,901"
            }
        }
    ],
    "25": [
        {
            "0": {
                "type": "1",
                "x_left": "132.5543975830078",
                "y_up": "1482.24365234375",
                "x_right": "799.5328979492188",
                "y_down": "1530.2430419921875",
                "score": "0.9451508522033691",
                "text": "Cash Provided by (Used in) Investing Activities"
            }
        },
        {
            "1": {
                "type": "-2",
                "x_left": "804.5328979492188",
                "y_up": "1482.24365234375",
                "x_right": "1831.4544677734375",
                "y_down": "1530.2430419921875",
                "score": "0",
                "text": ""
            }
        },
        {
            "2": {
                "type": "-2",
                "x_left": "1836.4544677734375",
                "y_up": "1482.24365234375",
                "x_right": "2121.056640625",
                "y_down": "1530.2430419921875",
                "score": "0",
                "text": ""
            }
        },
        {
            "3": {
                "type": "-2",
                "x_left": "2126.056640625",
                "y_up": "1482.24365234375",
                "x_right": "2412.82177734375",
                "y_down": "1530.2430419921875",
                "score": "0",
                "text": ""
            }
        }
    ],
    "26": [
        {
            "0": {
                "type": "1",
                "x_left": "193.0332794189453",
                "y_up": "1531.506103515625",
                "x_right": "473.15283203125",
                "y_down": "1576.8914794921875",
                "score": "0.9724259376525879",
                "text": "Capital expenditures"
            }
        },
        {
            "1": {
                "type": "3",
                "x_left": "1749.66064453125",
                "y_up": "1531.59716796875",
                "x_right": "1833.4075927734375",
                "y_down": "1576.71484375",
                "score": "0.9699164032936096",
                "text": "(246)"
            }
        },
        {
            "2": {
                "type": "3",
                "x_left": "2053.069580078125",
                "y_up": "1531.0245361328125",
                "x_right": "2133.07080078125",
                "y_down": "1576.865966796875",
                "score": "0.9643617868423462",
                "text": "(238)"
            }
        },
        {
            "3": {
                "type": "3",
                "x_left": "2340.01953125",
                "y_up": "1532.296142578125",
                "x_right": "2424.69287109375",
                "y_down": "1577.43603515625",
                "score": "0.9619916677474976",
                "text": "(199)"
            }
        }
    ],
    "27": [
        {
            "0": {
                "type": "1",
                "x_left": "196.57046508789062",
                "y_up": "1578.9290771484375",
                "x_right": "687.279296875",
                "y_down": "1626.634033203125",
                "score": "0.9469373226165771",
                "text": "Acquisitions of businesses and assets"
            }
        },
        {
            "1": {
                "type": "3",
                "x_left": "1752.056640625",
                "y_up": "1580.3900146484375",
                "x_right": "1836.3565673828125",
                "y_down": "1622.7882080078125",
                "score": "0.9771693348884583",
                "text": "(421)"
            }
        },
        {
            "2": {
                "type": "3",
                "x_left": "2059.01708984375",
                "y_up": "1581.9058837890625",
                "x_right": "2132.608154296875",
                "y_down": "1624.323974609375",
                "score": "0.9516894817352295",
                "text": "(15)"
            }
        },
        {
            "3": {
                "type": "3",
                "x_left": "2338.100341796875",
                "y_up": "1581.3570556640625",
                "x_right": "2427.238037109375",
                "y_down": "1624.0587158203125",
                "score": "0.9733890891075134",
                "text": "(415)"
            }
        }
    ],
    "28": [
        {
            "0": {
                "type": "1",
                "x_left": "195.6080780029297",
                "y_up": "1627.269775390625",
                "x_right": "468.9092102050781",
                "y_down": "1672.4259033203125",
                "score": "0.9576817154884338",
                "text": "Investment in JUUL"
            }
        },
        {
            "1": {
                "type": "3",
                "x_left": "1770.22802734375",
                "y_up": "1640.83203125",
                "x_right": "1833.9102783203125",
                "y_down": "1677.9288330078125",
                "score": "0.11192882806062698",
                "text": "(5)"
            }
        },
        {
            "2": {
                "type": "3",
                "x_left": "2006.47705078125",
                "y_up": "1629.0712890625",
                "x_right": "2133.484375",
                "y_down": "1671.8154296875",
                "score": "0.9839363098144531",
                "text": "(12,800)"
            }
        },
        {
            "3": {
                "type": "-2",
                "x_left": "2138.484375",
                "y_up": "1627.269775390625",
                "x_right": "2412.82177734375",
                "y_down": "1677.9288330078125",
                "score": "0",
                "text": ""
            }
        }
    ],
    "29": [
        {
            "0": {
                "type": "1",
                "x_left": "189.93020629882812",
                "y_up": "1674.931396484375",
                "x_right": "481.409912109375",
                "y_down": "1721.5322265625",
                "score": "0.9679893255233765",
                "text": "Investment in Cronos"
            }
        },
        {
            "1": {
                "type": "3",
                "x_left": "1724.4827880859375",
                "y_up": "1675.6397705078125",
                "x_right": "1833.507568359375",
                "y_down": "1718.651123046875",
                "score": "0.9783494472503662",
                "text": "(1,899)"
            }
        },
        {
            "2": {
                "type": "-2",
                "x_left": "1838.507568359375",
                "y_up": "1674.931396484375",
                "x_right": "2121.056640625",
                "y_down": "1721.5322265625",
                "score": "0",
                "text": ""
            }
        },
        {
            "3": {
                "type": "-2",
                "x_left": "2126.056640625",
                "y_up": "1674.931396484375",
                "x_right": "2412.82177734375",
                "y_down": "1721.5322265625",
                "score": "0",
                "text": ""
            }
        }
    ],
    "30": [
        {
            "0": {
                "type": "1",
                "x_left": "192.95428466796875",
                "y_up": "1724.8673095703125",
                "x_right": "337.06915283203125",
                "y_down": "1767.4144287109375",
                "score": "0.890461266040802",
                "text": "Other, net"
            }
        },
        {
            "1": {
                "type": "3",
                "x_left": "1760.708251953125",
                "y_up": "1724.6285400390625",
                "x_right": "1824.076171875",
                "y_down": "1765.55517578125",
                "score": "0.9483500123023987",
                "text": "173"
            }
        },
        {
            "2": {
                "type": "3",
                "x_left": "2073.021240234375",
                "y_up": "1721.7872314453125",
                "x_right": "2124.511474609375",
                "y_down": "1765.447998046875",
                "score": "0.9472284913063049",
                "text": "65"
            }
        },
        {
            "3": {
                "type": "3",
                "x_left": "2352.39794921875",
                "y_up": "1722.3607177734375",
                "x_right": "2417.697021484375",
                "y_down": "1764.398193359375",
                "score": "0.9423973560333252",
                "text": "147"
            }
        }
    ],
    "31": [
        {
            "0": {
                "type": "1",
                "x_left": "299.10552978515625",
                "y_up": "1772.865966796875",
                "x_right": "978.7465209960938",
                "y_down": "1821.24609375",
                "score": "0.9140914678573608",
                "text": "Net cash provided by (used in) investing activities"
            }
        },
        {
            "1": {
                "type": "3",
                "x_left": "1725.57421875",
                "y_up": "1772.89208984375",
                "x_right": "1834.411376953125",
                "y_down": "1817.469970703125",
                "score": "0.9692080616950989",
                "text": "(2,398)"
            }
        },
        {
            "2": {
                "type": "3",
                "x_left": "2008.1336669921875",
                "y_up": "1773.6097412109375",
                "x_right": "2132.453857421875",
                "y_down": "1817.3350830078125",
                "score": "0.9688957333564758",
                "text": "(12,988)"
            }
        },
        {
            "3": {
                "type": "3",
                "x_left": "2339.391845703125",
                "y_up": "1775.8994140625",
                "x_right": "2427.450439453125",
                "y_down": "1818.571044921875",
                "score": "0.8655177354812622",
                "text": "(467)"
            }
        }
    ],
    "32": [
        {
            "0": {
                "type": "1",
                "x_left": "123.77362060546875",
                "y_up": "1855.224853515625",
                "x_right": "732.7279663085938",
                "y_down": "1906.605224609375",
                "score": "0.9263789653778076",
                "text": "See notes to consolidated financial statements."
            }
        },
        {
            "1": {
                "type": "-2",
                "x_left": "737.7279663085938",
                "y_up": "1855.224853515625",
                "x_right": "1831.4544677734375",
                "y_down": "1906.605224609375",
                "score": "0",
                "text": ""
            }
        },
        {
            "2": {
                "type": "-2",
                "x_left": "1836.4544677734375",
                "y_up": "1855.224853515625",
                "x_right": "2121.056640625",
                "y_down": "1906.605224609375",
                "score": "0",
                "text": ""
            }
        },
        {
            "3": {
                "type": "-2",
                "x_left": "2126.056640625",
                "y_up": "1855.224853515625",
                "x_right": "2412.82177734375",
                "y_down": "1906.605224609375",
                "score": "0",
                "text": ""
            }
        }
    ]
}